,Unnamed: 0.5,Unnamed: 0.4,Unnamed: 0.3,Unnamed: 0.2,Unnamed: 0.1,Unnamed: 0,company_name,company_number,company_status,company_type,date_of_creation,date_of_cessation,previous_company_names,registered_office_address,sic_codes,lat,lon,lat_lon
0,0,0,0,0,22,22,4MB INTERACTIVE LTD,09724677,active,ltd,2015-08-10,,"[{'ceased_on': '2018-02-13', 'effective_from': '2015-08-10', 'name': 'BORDERLINE INAPPROPRIATE GAME STUDIOS LTD'}]","7d Pemberton Gardens, London, N19 5RR, United Kingdom",62011,,,
1,1,1,1,1,23,23,4 THE COMPANY LTD,11461019,active,ltd,2018-07-12,,"[{'ceased_on': '2018-07-19', 'effective_from': '2018-07-12', 'name': '4 THE PLAY LTD'}]","Ye Olde Hundred, 69, Church Way, North Shields, Tyne And Wear, NE29 0AE, United Kingdom",58210; 62011,,,
2,2,2,2,2,24,24,505 GAMES LTD,05660941,active,ltd,2005-12-22,,"[{'ceased_on': '2006-06-19', 'effective_from': '2005-12-22', 'name': 'CALLCOURT LIMITED'}]","Jubilee House 32 Duncan Close, Moulton Park Industrial Estate, Northampton, NN3 6WL",62011,,,
3,3,3,3,3,33,33,AARDMAN ANIMATIONS LIMITED,02050843,active,ltd,1986-08-29,,"[{'ceased_on': '1987-06-12', 'effective_from': '1986-11-17', 'name': 'AARDS CO. LIMITED(THE)'}, {'ceased_on': '1986-11-17', 'effective_from': '1986-08-29', 'name': 'OFFSHELM LIMITED'}]","Gas Ferry Road, Bristol, BS1 6UN",59111; 59113; 62011; 90030,,,
4,4,4,4,4,45,45,ACCESS FURTHER EDUCATION LIMITED,02749258,active,ltd,1992-09-22,,"[{'ceased_on': '2023-07-26', 'effective_from': '1992-09-22', 'name': 'ACCESS TO MUSIC LIMITED'}]","Heath Mill Studios 68 Heath Mill Lane, Digbeth, Birmingham, West Midlands, B9 4AR, United Kingdom",85590,,,
5,5,5,5,5,48,48,ACID NERVE LIMITED,09167417,active,ltd,2014-08-08,,"[{'ceased_on': '2014-08-15', 'effective_from': '2014-08-08', 'name': 'ACIDE NERVE LIMITED'}]","207 Knutsford Road Grappenhall, Warrington, Cheshire, WA4 2QL",58210,,,
6,6,6,6,6,51,51,ACTIVISION BLIZZARD UK LTD,01709830,active,ltd,1983-03-25,,"[{'ceased_on': '2009-04-01', 'effective_from': '1985-04-23', 'name': 'ACTIVISION U.K. LTD.'}, {'ceased_on': '1985-04-23', 'effective_from': '1983-09-01', 'name': 'ACTIVISION SOFTWARE LIMITED'}, {'ceased_on': '1983-09-01', 'effective_from': '1983-03-25', 'name': 'LEGIBUS 322 LIMITED'}]","The Ampersand Building, 178 Wardour Street, London, W1F 8FY, United Kingdom",62011; 93290,,,
7,7,7,7,7,55,55,ACUMED DATA LTD,07476614,active,ltd,2010-12-22,,"[{'ceased_on': '2021-03-15', 'effective_from': '2011-01-20', 'name': 'ACUMED CONSULTING LTD'}, {'ceased_on': '2011-01-20', 'effective_from': '2010-12-22', 'name': 'HOT POTATO CONSULTING LTD'}]","3 High Street, Goring, Reading, RG8 9AT, England",70229,,,
8,8,8,8,8,77,77,AKN LABS LIMITED,05953059,active,ltd,2006-10-02,,"[{'ceased_on': '2008-07-01', 'effective_from': '2006-10-02', 'name': 'AKN GLOBAL LIMITED'}]","St John's Innovation Centre St John's Innovation Park, Cowley Road, Cambridge, CB4 0WS, England",62011; 62012; 63120,,,
9,9,9,9,9,83,83,ALIVEIN TECH LIMITED,10828369,active,ltd,2017-06-21,,"[{'ceased_on': '2019-09-13', 'effective_from': '2017-06-21', 'name': 'ALIVEIN TECHNOLOGY LIMITED'}]","18a East Cliff Road, Tunbridge Wells, TN4 9AE, England",58210; 58290; 62011,,,
10,10,10,10,10,87,87,ALL SEEING EYE LTD.,09309751,active,ltd,2014-11-13,,"[{'ceased_on': '2016-10-06', 'effective_from': '2015-04-21', 'name': 'RYGN LTD'}, {'ceased_on': '2015-04-21', 'effective_from': '2014-11-13', 'name': 'RAYGUN LABS LTD'}]","The Courts St. Chloe, Amberley, Stroud, GL5 5AS, England",62011,,,
11,11,11,11,11,91,91,ALPHA CRC LIMITED,02197452,active,ltd,1987-11-23,,"[{'ceased_on': '2012-12-06', 'effective_from': '1988-01-29', 'name': 'ALPHA CALLIGRAPHIC RESEARCH CAMBRIDGE LIMITED'}, {'ceased_on': '1988-01-29', 'effective_from': '1987-11-23', 'name': 'PROFILESTAGE LIMITED'}]","Radio House, St. Andrews Road, Cambridge, CB4 1DL, England",74300,,,
12,12,12,12,12,101,101,ALZHEIMER'S RESEARCH UK,03681291,active,private-limited-guarant-nsc-limited-exemption,1998-12-10,,"[{'ceased_on': '2010-07-30', 'effective_from': '1998-12-10', 'name': ""ALZHEIMER'S RESEARCH TRUST""}]","3 Riverside, Granta Park, Cambridge, CB21 6AD",86900,,,
13,13,13,13,13,106,106,AMIQUS LIMITED,03930954,active,ltd,2000-02-17,,"[{'ceased_on': '2003-02-07', 'effective_from': '2000-02-17', 'name': 'ALEXANDER MANN TECHNOLOGY (NORTHWEST) LIMITED'}]","60 London Wall, 2nd Floor, London, EC2M 5TQ, England",78300,,,
14,14,14,14,14,112,112,AMUZO GAMES LIMITED,08722505,active,ltd,2013-10-08,,"[{'ceased_on': '2014-06-18', 'effective_from': '2013-10-08', 'name': 'AMUZO LIMITED'}]","Green Park, Exeter Park Road, Bournemouth, Dorset, BH2 5BD, United Kingdom",62011,,,
15,15,15,15,15,120,120,ANNSA LIMITED,SC175264,active,ltd,1997-05-08,,"[{'ceased_on': '2002-05-27', 'effective_from': '1997-05-08', 'name': 'WALLACE SOFTWARE CONSULTANCY LIMITED'}]","10 Inchkeith, East Kilbride, G74 2JZ",62020; 62090,,,
16,16,16,16,16,134,134,APERO GAMES LTD,10672570,active,ltd,2017-03-15,,"[{'ceased_on': '2017-03-24', 'effective_from': '2017-03-15', 'name': 'APPETIZERS GAMES LTD'}]","Easton Business Centre, Felix Road, Easton,, Bristol, BS5 0HE, England",58210; 62011; 62012; 62020,,,
17,17,17,17,17,143,143,APP GLOBAL LTD,09278453,active,ltd,2014-10-23,,"[{'ceased_on': '2021-06-28', 'effective_from': '2018-06-08', 'name': 'GAMINGCOMPANY LTD'}, {'ceased_on': '2018-06-08', 'effective_from': '2014-10-23', 'name': 'ANTI PIRACY PROTECTION GLOBAL LTD'}]","20-22 Wenlock Road, London, N1 7GU",62090,,,
18,18,18,18,18,158,158,"ARBUTHNOT LATHAM & CO., LIMITED",00819519,active,ltd,1964-09-15,,"[{'ceased_on': '1994-08-01', 'effective_from': '1989-10-01', 'name': 'AITKEN HUME BANK PUBLIC LIMITED COMPANY'}, {'ceased_on': '1989-10-01', 'effective_from': '1982-06-01', 'name': 'AITKEN HUME LIMITED'}, {'ceased_on': '1982-06-01', 'effective_from': '1964-09-15', 'name': 'HUME CORPORATION LIMITED'}]","Arbuthnot House, 20 Finsbury Circus, London, EC2M 7EA, England",64999,,,
19,19,19,19,19,161,161,ARCHTOR LIMITED,09586910,active,ltd,2015-05-12,,"[{'ceased_on': '2015-08-25', 'effective_from': '2015-05-12', 'name': 'PROTEUS EVOLUTION LIMITED'}]","124 City Road, London, EC1V 2NX, England",46510; 46690; 62012,,,
20,20,20,20,20,169,169,ARENA MEDIA LIMITED,05536321,active,ltd,2005-08-15,,"[{'ceased_on': '2025-03-21', 'effective_from': '2021-02-02', 'name': 'HAVAS ENTERTAINMENT LIMITED'}, {'ceased_on': '2021-02-02', 'effective_from': '2005-09-13', 'name': 'TARGET MEDIA LIMITED'}, {'ceased_on': '2005-09-13', 'effective_from': '2005-08-15', 'name': 'DEEP CORPORATE MEDIA LIMITED'}]","Havas House Hermitage Court, Hermitage Lane, Maidstone, Kent, ME16 9NT, England",73110,,,
21,21,21,21,21,171,171,ARKHETECH SOFTWARE LTD,14484691,active,ltd,2022-11-15,,"[{'ceased_on': '2025-02-19', 'effective_from': '2022-11-15', 'name': 'ARKHETECH GAMES LTD'}]","278 Langham Road, London, N15 3NP, England",62011,,,
22,22,22,22,22,186,186,ASSOCIATION FOR INTERACTIVE MEDIA AND MICROPAYMENTS LTD,06520758,active,private-limited-guarant-nsc,2008-03-03,,"[{'ceased_on': '2017-10-02', 'effective_from': '2008-03-03', 'name': 'ASSOCIATION FOR INTERACTIVE MEDIA & ENTERTAINMENT LIMITED'}]","The Granary, 1 Waverley Lane, Farnham, Surrey, GU9 8BB, England",94120; 94990,,,
23,23,23,23,23,200,200,ATLANTIS GAMES LIMITED,09771586,active,ltd,2015-09-10,,"[{'ceased_on': '2019-08-09', 'effective_from': '2015-12-01', 'name': 'SUMO DIGITAL (ATLANTIS) LIMITED'}, {'ceased_on': '2015-12-01', 'effective_from': '2015-09-10', 'name': 'AGHOCO 1336 LIMITED'}]","2nd Floor, Building 1410, Arlington Business Park Theale, Reading, RG7 4SA, England",62011,,,
24,24,24,24,24,211,211,AUDIOMOB LTD,11944173,active,ltd,2019-04-12,,"[{'ceased_on': '2019-07-30', 'effective_from': '2019-04-12', 'name': 'JUKEBOX TECHNOLOGY LTD'}]","71-75 Shelton Street, Covent Garden, London, WC2H 9JQ, United Kingdom",62012,,,
25,25,25,25,25,215,215,AUTHENTIC MEDIA PRODUCTIONS LTD,07162102,active,ltd,2010-02-18,,"[{'ceased_on': '2015-10-14', 'effective_from': '2012-03-16', 'name': 'AUTHENTIC FILM PRODUCTIONS LIMITED'}, {'ceased_on': '2012-03-16', 'effective_from': '2010-02-18', 'name': 'AUTHENTIC PRODUCTIONS LIMITED'}]","2 Upperton Gardens, Eastbourne, East Sussex, BN21 2AH, England",59111,,,
26,26,26,26,26,217,217,AUTISTICA,05184164,active,private-limited-guarant-nsc-limited-exemption,2004-07-20,,"[{'ceased_on': '2009-12-21', 'effective_from': '2006-02-16', 'name': 'AUTISM SPEAKS'}, {'ceased_on': '2006-02-16', 'effective_from': '2004-07-20', 'name': 'NATIONAL ALLIANCE FOR AUTISM RESEARCH (UK)'}]","Suite B, 6 Honduras Street, London, EC1Y 0TH, United Kingdom",74990,,,
27,27,27,27,27,223,223,AVALANCHE STUDIOS GROUP LIMITED,12625118,active,ltd,2020-05-27,,"[{'ceased_on': '2020-06-02', 'effective_from': '2020-05-27', 'name': 'AVALANCHE STUDIOS GROUP UK LIMITED'}]","C/O Langtons 11th Floor, The Plaza, 100 Old Hall Street, Liverpool, Merseyside, L3 0QJ, United Kingdom",62011,,,
28,28,28,28,28,242,242,BAD FOX STUDIOS LTD,14000332,active,ltd,2022-03-24,,"[{'ceased_on': '2022-06-14', 'effective_from': '2022-03-24', 'name': 'FAREHAM STUDIOS LTD'}]","The Bristol Office 2nd Floor, 5 High Street, Westbury-On-Trym, Bristol, BS9 3BY, England",62011,,,
29,29,29,29,29,255,255,BANDAI NAMCO ENTERTAINMENT UK LTD.,02133521,active,ltd,1987-05-21,,"[{'ceased_on': '2015-03-26', 'effective_from': '2014-02-25', 'name': 'BANDAI NAMCO GAMES UK LTD'}, {'ceased_on': '2014-02-25', 'effective_from': '2013-06-25', 'name': 'NAMCO BANDAI GAMES UK LIMITED'}, {'ceased_on': '2013-06-25', 'effective_from': '2009-07-22', 'name': 'NAMCO BANDAI PARTNERS UK LIMITED'}, {'ceased_on': '2009-07-22', 'effective_from': '2003-05-13', 'name': 'ATARI UNITED KINGDOM LIMITED'}, {'ceased_on': '2003-05-13', 'effective_from': '1998-01-30', 'name': 'INFOGRAMES UNITED KINGDOM LIMITED'}, {'ceased_on': '1998-01-30', 'effective_from': '1987-08-25', 'name': 'OCEAN SOFTWARE LIMITED'}, {'ceased_on': '1987-08-25', 'effective_from': '1987-05-21', 'name': 'PRIZE COMPUTERS LIMITED'}]","37-39 Kew Foot Road, Richmond, Surrey, TW9 2SS, England",62012,,,
30,30,30,30,30,257,257,BARCLAYS BANK UK PLC,09740322,active,plc,2015-08-19,,"[{'ceased_on': '2017-06-15', 'effective_from': '2015-08-19', 'name': 'BARCLAYS UK AND EUROPE PLC'}]","1 Churchill Place, London, E14 5HP, England",64191,,,
31,31,31,31,31,262,262,BARNSTORM GAMES LIMITED,05982280,active,ltd,2006-10-30,,"[{'ceased_on': '2014-10-02', 'effective_from': '2007-12-13', 'name': 'NOMISIAN LIMITED'}, {'ceased_on': '2007-12-13', 'effective_from': '2006-10-30', 'name': 'S & I PROPERTIES (UK) LIMITED'}]","6th Floor 2 London Wall Place, London, EC2Y 5AU, England",62011,,,
32,32,32,32,32,271,271,BBC STUDIOS DISTRIBUTION LIMITED,01420028,active,ltd,1979-05-15,,"[{'ceased_on': '2018-10-01', 'effective_from': '1995-01-01', 'name': 'BBC WORLDWIDE LIMITED'}, {'ceased_on': '1995-01-01', 'effective_from': '1979-05-15', 'name': 'BBC ENTERPRISES LIMITED'}]","1 Television Centre, 101 Wood Lane, London, W12 7FA, United Kingdom",59113; 90030,,,
33,33,33,33,33,272,272,BDO LLP,OC305127,active,llp,2003-07-18,,"[{'ceased_on': '2009-10-05', 'effective_from': '2003-07-18', 'name': 'BDO STOY HAYWARD LLP'}]","55 Baker Street, London, W1U 7EU",,,,
34,34,34,34,34,282,282,BEGAME DIGITAL LIMITED,09996485,active,ltd,2016-02-09,,"[{'ceased_on': '2017-06-29', 'effective_from': '2016-11-02', 'name': 'BEGAME DIGITAL PLC'}, {'ceased_on': '2016-11-02', 'effective_from': '2016-02-09', 'name': 'BEGAME DIGITAL LIMITED'}]","2nd Floor Nucleus House, 2 Lower Mortlake Road, Richmond, TW9 2JA, United Kingdom",58210; 62011,,,
35,35,35,35,35,284,284,BEHAVIOUR INTERACTIVE  UK LIMITED,08396438,active,ltd,2013-02-11,,"[{'ceased_on': '2023-11-14', 'effective_from': '2023-03-23', 'name': 'BEHAVIOUR INTERACTIVE UK - NORTH LIMITED'}, {'ceased_on': '2023-03-23', 'effective_from': '2013-02-11', 'name': 'SOCKMONKEY STUDIOS LTD'}]","16-26 Albert Road, Middlesbrough, TS1 1PR, England",62011,,,
36,36,36,36,36,306,306,BIG MOTIVE LTD,NI051892,active,ltd,2004-09-27,,"[{'ceased_on': '2013-04-19', 'effective_from': '2006-09-18', 'name': 'FRANK DESIGN AND COMMUNICATION LTD'}, {'ceased_on': '2006-09-18', 'effective_from': '2006-07-27', 'name': 'FRANK DESIGN AND COMMUNICATION LTD'}, {'ceased_on': '2006-07-27', 'effective_from': '2004-09-27', 'name': 'FRANK (NI) LTD'}]","The Kelvin 17-25, College Square East, Belfast, BT1 6DH, Northern Ireland",62020; 62090,,,
37,37,37,37,37,309,309,BIG RADICAL LIMITED,07043006,active,ltd,2009-10-14,,"[{'ceased_on': '2017-01-31', 'effective_from': '2014-06-02', 'name': 'MONITISE CREATE LIMITED'}, {'ceased_on': '2014-06-02', 'effective_from': '2009-10-14', 'name': 'GRAPPLE MOBILE LIMITED'}]","White Building Studios, 1-4 Cumberland Place, Southampton, Hampshire, SO15 2NP, England",62020,,,
38,38,38,38,38,319,319,BINARY SPIDERS LTD,09525143,active,ltd,2015-04-02,,"[{'ceased_on': '2016-08-01', 'effective_from': '2015-08-04', 'name': 'GAMEOVER HOSTING LTD'}, {'ceased_on': '2015-08-04', 'effective_from': '2015-04-02', 'name': 'BINARY IMPULSE LIMITED'}]","37 Avington, Great Holm, Milton Keynes, Buckinghamshire, MK8 9DG, United Kingdom",58210; 62011; 62012,,,
39,39,39,39,39,328,328,BITBULL LIMITED,03771532,active,ltd,1999-05-17,,"[{'ceased_on': '1999-07-29', 'effective_from': '1999-05-17', 'name': 'EMITREALM LIMITED'}]","44 Dane Rise, Winsley, Nr Bradford On Avon, Wiltshire, BA15 2ND",62011,,,
40,40,40,40,40,334,334,BIT LOOPY GAMES LIMITED,06724754,active,ltd,2008-10-15,,"[{'ceased_on': '2016-11-30', 'effective_from': '2012-07-02', 'name': 'NEIL DUFFIN PHOTOGRAPHY LIMITED'}, {'ceased_on': '2012-07-02', 'effective_from': '2008-10-15', 'name': 'FREYA CREATIVE LIMITED'}]","31 Spire Heights, Chesterfield, Derbyshire, S40 4TG",62011; 90030,,,
41,41,41,41,41,335,335,BJSS LIMITED,02777575,active,ltd,1993-01-06,,"[{'ceased_on': '1995-05-10', 'effective_from': '1993-07-12', 'name': 'BJ SOFTWARE SERVICES LIMITED'}, {'ceased_on': '1993-07-12', 'effective_from': '1993-01-06', 'name': 'K & S (187) LIMITED'}]","20 Fenchurch Street 14th Floor, London, EC3M 3BY, United Kingdom",62012,,,
42,42,42,42,42,338,338,BLACK CAT ENTERTAINMENT LTD,11073583,active,ltd,2017-11-21,,"[{'ceased_on': '2020-01-29', 'effective_from': '2017-11-21', 'name': 'BLACK CAT GAMING LTD'}]","14 Randall Close, Warwick, CV34 7BF, England",46190; 58190; 58210; 62011,,,
43,43,43,43,43,345,345,BLAZE ENTERTAINMENT LIMITED,06896465,active,ltd,2009-05-06,,"[{'ceased_on': '2019-02-08', 'effective_from': '2009-05-06', 'name': 'XPLODER LIMITED'}]","St Christophers House, 126 Ridge Road, Letchworth Garden City, Hertfordshire, SG6 1PT, United Kingdom",58210; 62011; 62090,,,
44,44,44,44,44,346,346,BLASTWORKS LIMITED,07467813,active,ltd,2010-12-13,,"[{'ceased_on': '2015-08-19', 'effective_from': '2011-06-30', 'name': 'BEJIG LIMITED'}, {'ceased_on': '2011-06-30', 'effective_from': '2010-12-13', 'name': 'AVERCO NO1 LIMITED'}]","2 Valentine Place, London, SE1 8QH, England",62011; 77400,,,
45,45,45,45,45,358,358,BLUE BECK LTD,06579338,active,ltd,2008-04-29,,"[{'ceased_on': '2009-08-07', 'effective_from': '2008-04-29', 'name': 'BLUEBECK GAMES LTD'}]","Westminster House, 10 Westminster Road, Macclesfield, Cheshire, SK10 1BX",62090,,,
46,46,46,46,46,362,362,BLUE OMEGA LIMITED,06561012,active,ltd,2008-04-10,,"[{'ceased_on': '2009-11-25', 'effective_from': '2008-04-10', 'name': 'DUKESBOX LIMITED'}]","9 Hythe Close, Burwell, Cambridgeshire, CB25 0EZ, United Kingdom",62011,,,
47,47,47,47,47,373,373,BOOMBIT GAMES LTD,08943502,active,ltd,2014-03-17,,"[{'ceased_on': '2014-10-28', 'effective_from': '2014-03-24', 'name': 'KIDS GAMES LTD'}, {'ceased_on': '2014-03-24', 'effective_from': '2014-03-17', 'name': 'KIDS FUN GAMES FOR FREE LTD'}]","14th Floor 33 Cavendish Square, London, W1G 0PW, United Kingdom",58210,,,
48,48,48,48,48,375,375,BORA BORA FILMS LTD,08876476,active,ltd,2014-02-04,,"[{'ceased_on': '2023-03-17', 'effective_from': '2014-02-04', 'name': '4 PM GAME LIMITED'}]","59a Tollington Way, London, N7 6RG, England",58210; 59111,,,
49,49,49,49,49,376,376,BORN READY GAMES LIMITED,07992884,active,ltd,2012-03-15,,"[{'ceased_on': '2012-05-04', 'effective_from': '2012-03-15', 'name': 'LOST QUASAR LIMITED'}]","Flat 2, Boulevard House, 32 Regent Street, Brighton, East Sussex, BN1 1UU, England",58210; 62011,,,
50,50,50,50,50,385,385,BRADDLE LTD,16744547,active,ltd,2025-09-26,,"[{'ceased_on': '2025-10-16', 'effective_from': '2025-09-26', 'name': 'BRAINTRICS LTD'}]","128 City Road, London, EC1V 2NX, United Kingdom",58210; 58290; 63990,,,
51,51,51,51,51,389,389,BRAINSPARK GAMES LTD,12300870,active,ltd,2019-11-06,,"[{'ceased_on': '2022-08-04', 'effective_from': '2020-11-13', 'name': 'XPLOREALMS LTD'}, {'ceased_on': '2020-11-13', 'effective_from': '2019-11-06', 'name': 'IXPLOR LTD'}]","Michelin House, Fulham Road, London, SW3 6RD, England",62090; 85520; 85590; 85600,,,
52,52,52,52,52,393,393,BRANCHING NARRATIVE LTD.,11220511,active,ltd,2018-02-22,,"[{'ceased_on': '2019-05-17', 'effective_from': '2018-02-22', 'name': 'MATT SPALL CONSULTING LIMITED'}]","Flat 3 Clydesdale Court, 3 Oakleigh Park North, London, Greater London, N20 9BB, England",62012,,,
53,53,53,53,53,398,398,BREVA BRIDGE CARD GAME LTD,06809421,active,ltd,2009-02-04,,"[{'ceased_on': '2019-01-23', 'effective_from': '2012-01-03', 'name': 'BREVA BRIDGE LTD'}, {'ceased_on': '2012-01-03', 'effective_from': '2009-02-04', 'name': 'BREVA SOFTWARE LIMITED'}]","Enterprise House, 2 Pass Street, Oldham, Lancs, OL9 6HZ, England",58210,,,
54,54,54,54,54,400,400,BRIGHTROCK GAMES LIMITED,09798155,active,ltd,2015-09-28,,"[{'ceased_on': '2015-10-08', 'effective_from': '2015-09-28', 'name': 'DOUBLESHOT GAMES LIMITED'}]","30-34 North Street, Hailsham, BN27 1DW, England",62011,,,
55,55,55,55,55,412,412,BT GROUP PLC,04190816,active,plc,2001-03-30,,"[{'ceased_on': '2001-09-11', 'effective_from': '2001-03-30', 'name': 'NEWGATE TELECOMMUNICATIONS LIMITED'}]","1 Braham Street, London, E1 8EE, United Kingdom",61900,,,
56,56,56,56,56,413,413,BUCKY LTD,09480767,active,ltd,2015-03-10,,"[{'ceased_on': '2019-06-12', 'effective_from': '2015-03-10', 'name': 'PIXEL CASTLE STUDIOS LTD'}]","70 Bellevue Road, London, W13 8DE, United Kingdom",58210; 62011; 62012,,,
57,57,57,57,57,415,415,BUFF MY WEBSITE LIMITED,11351813,active,ltd,2018-05-09,,"[{'ceased_on': '2026-03-04', 'effective_from': '2018-05-09', 'name': 'JASON TSE GAMES LIMITED'}]","78 Felix Court 11 Charcot Road, London, NW9 5ZE, England",62012,,,
58,58,58,58,58,418,418,BULKHEAD LIMITED,09877574,active,ltd,2015-11-18,,"[{'ceased_on': '2022-01-31', 'effective_from': '2015-11-18', 'name': 'BULKHEAD INTERACTIVE LIMITED'}]","The Tramshed, 19-21 St James Street, Derby, DE1 1RN, England",58210; 62011,,,
59,59,59,59,59,421,421,BUZZ CAPITAL SERVICES LIMITED,11136782,active,ltd,2018-01-08,,"[{'ceased_on': '2020-03-25', 'effective_from': '2018-07-11', 'name': 'AUTHENTIC MEDIA SERVICES LIMITED'}, {'ceased_on': '2018-07-11', 'effective_from': '2018-01-22', 'name': 'BUFFALO MEDIA SERVICES LIMITED'}, {'ceased_on': '2018-01-22', 'effective_from': '2018-01-08', 'name': 'BUFFALO MEDIA FINANCE LIMITED'}]","1st Floor 18 Queens Road, Brighton, East Sussex, BN1 3XA, England",82110,,,
60,60,60,60,60,452,452,CATHEIA LIMITED,07539196,active,ltd,2011-02-22,,"[{'ceased_on': '2026-03-18', 'effective_from': '2011-02-22', 'name': 'CAPED KOALA STUDIOS LIMITED'}]","4 Manston Way, St. Albans, AL4 0AG, United Kingdom",58210; 62020,,,
61,61,61,61,61,456,456,CAXTON PAYMENTS LIMITED,04610337,active,ltd,2002-12-05,,"[{'ceased_on': '2022-08-05', 'effective_from': '2002-12-05', 'name': 'CAXTON FX LIMITED'}]","2 Leman Street, London, E1 8FA, United Kingdom",64999,,,
62,62,62,62,62,463,463,CENTRESOFT LIMITED,01673860,active,ltd,1982-10-26,,"[{'ceased_on': '1983-04-28', 'effective_from': '1982-10-26', 'name': 'BAMVILLE LIMITED'}]","6 Pavilion Drive, Holford, Birmingham, West Midlands, B6 7BB",46510,,,
63,63,63,63,63,470,470,CEYHAN RECOVERY (UK) LIMITED,08795602,active,ltd,2013-11-29,,"[{'ceased_on': '2022-05-31', 'effective_from': '2013-11-29', 'name': 'AHMET KOCAK LIMITED'}]","30 Aden Road, Enfield, EN3 7SY, England",28990; 33200; 45200,,,
64,64,64,64,64,471,471,CGA SIMULATION LIMITED,07787094,active,ltd,2011-09-26,,"[{'ceased_on': '2016-02-25', 'effective_from': '2011-09-26', 'name': 'COOL GAME ARCADE : FUN ACTION STRATEGY, SIM AND PUZZLE APPS LIMITED'}]","37-45 Windsor Street, Liverpool, L8 1XE",62011,,,
65,65,65,65,65,478,478,CHANGES IMMIGRATION LTD,12752417,active,ltd,2020-07-19,,"[{'ceased_on': '2023-03-16', 'effective_from': '2022-05-24', 'name': 'SAMAR SHAMS IMMIGRATION LTD'}, {'ceased_on': '2022-05-24', 'effective_from': '2020-07-19', 'name': 'SUPERPOP LTD'}]","46 Lightfoot Road, London, N8 7JN, England",63990,,,
66,66,66,66,66,481,481,CHARISMA ENTERTAINMENT LIMITED,09911142,active,ltd,2015-12-10,,"[{'ceased_on': '2021-07-22', 'effective_from': '2015-12-10', 'name': 'TO PLAY FOR LIMITED'}]","Preston Park House, South Road, Brighton, East Sussex, BN1 6SB, United Kingdom",62011,,,
67,67,67,67,67,484,484,CHARLES RUSSELL SPEECHLYS LLP,OC311850,active,llp,2005-02-24,,"[{'ceased_on': '2014-11-03', 'effective_from': '2005-02-24', 'name': 'CHARLES RUSSELL LLP'}]","5 Fleet Place, London, EC4M 7RD",,,,
68,68,68,68,68,486,486,CHEDDAR GAMES LTD,16495240,active,ltd,2025-06-04,,"[{'ceased_on': '2025-06-27', 'effective_from': '2025-06-04', 'name': 'CHEDAR GAMES LTD'}]","71-75 Shelton Street, Covent Garden, London, WC2H 9JQ, United Kingdom",58210,,,
69,69,69,69,69,488,488,CHERRYPOP GAMES LTD,07962857,active,ltd,2012-02-23,,"[{'ceased_on': '2012-05-09', 'effective_from': '2012-02-23', 'name': 'DARK ENERGY PUBLISHING LIMITED'}]","The Towers Lower Ground Floor The Towers, Towers Business Park Wilmslow Road, Didsbury, Manchester, M20 2SL, England",62011,,,
70,70,70,70,70,503,503,THE SPORTS GAMES COMPANY LTD.,NI728175,active,ltd,2025-04-04,,"[{'ceased_on': '2026-08-06', 'effective_from': '2025-04-04', 'name': 'CHUNKY GAMES LTD'}]","44 Rosetta Road, Belfast, BT6 0LT, Northern Ireland",59120; 62011,,,
71,71,71,71,71,514,514,CLASSIC CARD GAMES LIMITED,09421379,active,ltd,2015-02-04,,"[{'ceased_on': '2024-02-15', 'effective_from': '2015-02-04', 'name': 'RIKKIGAMES LIMITED'}]","5 Walrus Close, Woodley, Reading, RG5 4UQ, England",62011,,,
72,72,72,72,72,517,517,CLIMAX STUDIOS LIMITED,02881781,active,ltd,1993-12-17,,"[{'ceased_on': '2008-03-10', 'effective_from': '2004-09-29', 'name': 'CLIMAX ACTION LIMITED'}, {'ceased_on': '2004-09-29', 'effective_from': '2003-06-24', 'name': 'CLIMAX STUDIOS (SOLENT) LIMITED '}, {'ceased_on': '2003-06-24', 'effective_from': '1996-08-15', 'name': 'CLIMAX DEVELOPMENT LTD'}, {'ceased_on': '1996-08-15', 'effective_from': '1994-02-23', 'name': 'CLIMAX ENTERPRISES LTD'}, {'ceased_on': '1994-02-23', 'effective_from': '1993-12-17', 'name': 'CLIMAX INTERACTIVE LIMITED'}]","4th Floor, 110 High Holborn, London, WC1V 6JS, England",62020,,,
73,73,73,73,73,520,520,CLOTH CAT GAMES LIMITED,09000401,active,ltd,2014-04-16,,"[{'ceased_on': '2022-05-09', 'effective_from': '2014-04-16', 'name': 'THUD MEDIA LIMITED'}]","3/4 Park Place, Cardiff, CF10 3DP, Wales",62011,,,
74,74,74,74,74,521,521,CLOUD IMPERIUM UK LTD.,08815227,active,ltd,2013-12-13,,"[{'ceased_on': '2018-12-21', 'effective_from': '2013-12-13', 'name': 'CLOUD IMPERIUM GAMES UK LIMITED'}]","Manchester Goods Yard, 6 Goods Yard Street, Manchester, M3 3BG, England",58210,,,
75,75,75,75,75,523,523,CLOUD IMPERIUM GAMES LIMITED,08703814,active,ltd,2013-09-24,,"[{'ceased_on': '2019-03-07', 'effective_from': '2013-09-24', 'name': 'FOUNDRY 42 LIMITED'}]","Manchester Goods Yard, 6 Goods Yard Street, Manchester, M3 3BG, England",32409,,,
76,76,76,76,76,527,527,MERIDIAN STELLIUM LIMITED,16826965,active,ltd,2025-11-03,,"[{'ceased_on': '2026-08-17', 'effective_from': '2025-11-03', 'name': 'CLUSTER DIGITAL LTD'}]","167-169 Great Portland Street, London, W1W 5PF, England",58210; 62011,,,
77,77,77,77,77,528,528,COBLO STUDIO LTD,14415149,active,ltd,2022-10-12,,"[{'ceased_on': '2026-03-25', 'effective_from': '2022-10-12', 'name': 'COBBLESTONE INTERACTIVE LTD'}]","20-22 Wenlock Road, London, N1 7GU, England",62011,,,
78,78,78,78,78,543,543,CODEMASTERS SOFTWARE COMPANY LIMITED(THE),02044132,active,ltd,1986-08-06,,"[{'ceased_on': '1986-09-18', 'effective_from': '1986-08-06', 'name': 'ELECTRIC GAMES COMPANY LIMITED'}]","Onslow House, Onslow Street, Guildford, Surrey, GU1 4TN, United Kingdom",62020,,,
79,79,79,79,79,551,551,COMBAT LEAGUE LIMITED,09731618,active,ltd,2015-08-13,,"[{'ceased_on': '2023-06-27', 'effective_from': '2021-11-18', 'name': 'STARLIGHT GAMES LIMITED'}, {'ceased_on': '2021-11-18', 'effective_from': '2020-07-23', 'name': 'FIREBALL GAMES LIMITED'}, {'ceased_on': '2020-07-23', 'effective_from': '2015-08-13', 'name': 'COMIC CON FM LTD'}]","59 Jordan Street, Liverpool, L1 0BW, England",58210; 62011,,,
80,80,80,80,80,558,558,CONNOR BROADLEY LTD,06254078,active,ltd,2007-05-21,,"[{'ceased_on': '2007-06-13', 'effective_from': '2007-05-21', 'name': 'CONNOR BROADLEY INDEPENDENT FINANCIAL ADVISERS LTD'}]","7 Curzon Street, London, W1J 5HG, United Kingdom",64999,,,
81,81,81,81,81,574,574,COUTTS & COMPANY,00036695,active,private-unlimited,1892-06-24,,"[{'ceased_on': '1892-08-12', 'effective_from': '1892-06-24', 'name': 'MESSRS COUTTS & COMPANY LIMITED'}]","440 Strand, London, WC2R 0QS",64191,,,
82,82,82,82,82,576,576,COWLY OWL LTD,06670890,active,ltd,2008-08-12,,"[{'ceased_on': '2012-04-02', 'effective_from': '2008-08-12', 'name': ""CHRIS O'SHEA LTD""}]","66 Paul Street, London, EC2A 4NA, England",62011,,,
83,83,83,83,83,579,579,CRAFTY ENTERTAINMENT LTD,09561613,active,ltd,2015-04-26,,"[{'ceased_on': '2017-08-09', 'effective_from': '2015-04-26', 'name': 'CRAFTY SOFTWARE LIMITED'}]","West Hill House Allerton Hill, Chapel Allerton, Leeds, LS7 3QB, England",62011,,,
84,84,84,84,84,584,584,CREATOR PLAY LTD,14622131,active,ltd,2023-01-27,,"[{'ceased_on': '2026-04-17', 'effective_from': '2023-01-27', 'name': 'SHADOWPLAY GAMES LTD'}]","13 Woodman Parade, Woodman Street, London, E16 2LL, England",62011; 90030,,,
85,85,85,85,85,590,590,CRITERION SOFTWARE LIMITED,04330852,active,ltd,2001-11-29,,"[{'ceased_on': '2002-02-20', 'effective_from': '2001-11-29', 'name': 'NEWINCCO 122 LIMITED'}]","Onslow House, Onslow Street, Guildford, Surrey, GU1 4TN",58210,,,
86,86,86,86,86,600,600,CUBE KIDS LTD,09822471,active,ltd,2015-10-13,,"[{'ceased_on': '2015-10-20', 'effective_from': '2015-10-13', 'name': 'CUBE GAMES LTD'}]","09822471 - COMPANIES HOUSE DEFAULT ADDRESS, Cardiff, CF14 8LH",62011,,,
87,87,87,87,87,601,601,CSC DIGITAL BRAND SERVICES (UK) LIMITED,03169594,active,ltd,1996-03-08,,"[{'ceased_on': '2020-08-07', 'effective_from': '1996-03-08', 'name': 'NETNAMES LIMITED'}]","C/O Corporation Service Company (Uk) Limited, 5 Churchill Place, 10th Floor, London, E14 5HU, England",62090,,,
88,88,88,88,88,602,602,CUBEROOTS DIGITAL LTD,17276358,active,ltd,2026-06-17,,"[{'ceased_on': '2026-06-22', 'effective_from': '2026-06-17', 'name': 'CUBE ROOTS DIGITAL LTD'}]","37 Charlesfield Road, Horley, RH6 8BJ, United Kingdom",58210; 62011,,,
89,89,89,89,89,608,608,CURRAN GAMES AGENCY LTD,12045847,active,ltd,2019-06-12,,"[{'ceased_on': '2020-12-19', 'effective_from': '2019-06-12', 'name': 'C B CURRAN LTD'}]","Preston Park House, South Road, Brighton, East Sussex, BN1 6SB, England",58210,,,
90,90,90,90,90,609,609,CURVEBALL GAMES LIMITED,16492645,active,ltd,2025-06-03,,"[{'ceased_on': '2025-07-21', 'effective_from': '2025-06-03', 'name': 'CURVEBALL GAMING LIMITED'}]","Unit C Redbrick Court Ferryboat Close, Swansea Enterprise Park, Swansea, SA6 8QN, Wales",58210,,,
91,91,91,91,91,610,610,CURVE DIGITAL PUBLISHING LIMITED,07669603,active,ltd,2011-06-14,,"[{'ceased_on': '2016-03-16', 'effective_from': '2011-06-14', 'name': 'ANGEL VGD LIMITED'}]","2nd Floor 44-46 Sekforde Street, London, EC1R 0HA, United Kingdom",62012,,,
92,92,92,92,92,613,613,CURVE GAMES LIMITED,11336001,active,ltd,2018-04-30,,"[{'ceased_on': '2021-10-08', 'effective_from': '2018-04-30', 'name': 'CURVE GAMES DEVELOPMENT TWO LIMITED'}]","2nd Floor 44-46 Sekforde Street, London, EC1R 0HA, United Kingdom",58210; 62011,,,
93,93,93,93,93,616,616,CYBERPRIME LTD,SC581433,active,ltd,2017-11-14,,"[{'ceased_on': '2021-09-08', 'effective_from': '2017-11-14', 'name': 'DARK OATH GAMES LIMITED'}]","SC581433 - COMPANIES HOUSE DEFAULT ADDRESS, Edinburgh, EH7 9HR",58290; 62012; 71122; 72190,,,
94,94,94,94,94,622,622,DAEMANN LTD,13756139,active,ltd,2021-11-20,,"[{'ceased_on': '2023-01-06', 'effective_from': '2021-11-20', 'name': 'DE MAN MAGNIUSSON LTD'}]","17 17, Glastonbury Drive, Huddersfield, West Yorkshire, HD3 4SA, United Kingdom",58210; 62011,,,
95,95,95,95,95,628,628,DAMBUSTER STUDIOS LTD.,09140280,active,ltd,2014-07-21,,"[{'ceased_on': '2023-09-22', 'effective_from': '2014-07-21', 'name': 'DEEP SILVER DAMBUSTER STUDIOS LTD.'}]","122 Canal Street, Nottingham, NG1 7HG",62011,,,
96,96,96,96,96,634,634,DARKFLOW LLP,OC379048,active,llp,2012-10-05,,"[{'ceased_on': '2021-06-28', 'effective_from': '2012-10-05', 'name': 'GAIJIN ENTERTAINMENT LLP'}]","C/O Apollo International Ltd Studio 133, 40 Bowling Green Lane, London, EC1R 0NE, United Kingdom",,,,
97,97,97,97,97,647,647,DDP CODING AND ART SERVICES LIMITED,13076561,active,ltd,2020-12-11,,"[{'ceased_on': '2024-07-22', 'effective_from': '2020-12-11', 'name': 'HOLE IN THE SLEEVE LIMITED'}]","21 May Bate Avenue, Kingston Upon Thames, KT2 5UR, England",58210,,,
98,98,98,98,98,648,648,DBS BRISTOL LIMITED,08290185,active,ltd,2012-11-12,,"[{'ceased_on': '2013-02-25', 'effective_from': '2012-11-12', 'name': 'DBS PLYMOUTH LIMITED'}]","17 St Thomas Street, Bristol, BS1 6JS, United Kingdom",85590,,,
99,99,99,99,99,661,661,DECISIVE DIGITAL LTD,07565929,active,ltd,2011-03-16,,"[{'ceased_on': '2020-08-12', 'effective_from': '2018-11-26', 'name': 'FHG SERVICES LIMITED'}, {'ceased_on': '2018-11-26', 'effective_from': '2011-03-16', 'name': 'FIRE HAZARD LIMITED'}]","27b 27b Glenluce Rd, London, SE3 7SD, England",93290,,,
100,100,100,100,100,674,674,DENKI LIMITED,SC202506,active,ltd,1999-12-20,,"[{'ceased_on': '2000-02-17', 'effective_from': '1999-12-20', 'name': 'LOOPRIVER LIMITED'}]","Bordeaux House, 31 Kinnoull Street, Perth, Perthshire, PH1 5EN",62012,,,
101,101,101,101,101,713,713,DJELI FILMS LTD.,14085718,active,ltd,2022-05-04,,"[{'ceased_on': '2023-04-13', 'effective_from': '2022-05-04', 'name': 'GEMS GAMES LIMITED'}]","65 London Wall, London, EC2M 5TU, England",59131; 62011,,,
102,102,102,102,102,714,714,DK GAMES LIMITED,04690160,active,ltd,2003-03-07,,"[{'ceased_on': '2003-04-03', 'effective_from': '2003-03-07', 'name': 'INNERBOARD LIMITED'}]","28 Royal Road, Teddington, Middlesex, TW11 0SB",93290,,,
103,103,103,103,103,726,726,DOVETAIL GAMES (SCOTLAND) LIMITED,SC451539,active,ltd,2013-06-04,,"[{'ceased_on': '2021-10-26', 'effective_from': '2013-06-04', 'name': 'DOVETAIL GAMES LIMITED'}]","Suite 2, Ground Floor Orchard Brae House, 30 Queensferry Road, Edinburgh, EH4 2HS, Scotland",62011,,,
104,104,104,104,104,730,730,DPS GAMES LIMITED,11500907,active,ltd,2018-08-06,,"[{'ceased_on': '2022-03-03', 'effective_from': '2018-08-06', 'name': 'WARGAMING U.K. LIMITED'}]","Building 2 (3rd Floor) Guildford Business Park, Guildford, Surrey, GU2 8XG, England",62011,,,
105,105,105,105,105,736,736,DRAW & CODE LTD.,07345725,active,ltd,2010-08-13,,"[{'ceased_on': '2012-04-26', 'effective_from': '2010-08-13', 'name': 'CHRISTOPHER BARKER LTD'}]","24 Hardman Street, Liverpool, L1 9AX, England",62011,,,
106,106,106,106,106,747,747,DREAM REALITY INTERACTIVE LIMITED,10530804,active,ltd,2016-12-17,,"[{'ceased_on': '2017-03-01', 'effective_from': '2016-12-17', 'name': 'DRDR GAMES LIMITED'}]","C/O Affect Group Simpsons Fm, Pentlow, Sudbury, Suffolk, CO10 7JT, United Kingdom",62011,,,
107,107,107,107,107,749,749,D R STUDIOS LIMITED,06131830,active,ltd,2007-02-28,,"[{'ceased_on': '2007-04-13', 'effective_from': '2007-02-28', 'name': 'GLS SHELFCO LIMITED'}]","Jubilee House 32 Duncan Close, Moulton Park, Northampton, NN3 6WL, United Kingdom",62012,,,
108,108,108,108,108,754,754,DSCNT LTD,16061343,active,ltd,2024-11-05,,"[{'ceased_on': '2026-02-09', 'effective_from': '2024-11-05', 'name': 'SCUBA NETWORK LTD'}]","C/O Aligned Accountancy Group Ltd Bromley Old Town Hall, 30 Tweedy Road, Bromley, Kent, BR1 3FE, England",62011; 63990,,,
109,109,109,109,109,757,757,DUAL PERCEPTION GAMES LTD,11593248,active,ltd,2018-09-28,,"[{'ceased_on': '2026-06-17', 'effective_from': '2018-09-28', 'name': 'DEFECTIVE PENGUIN GAMES LTD'}]","2nd Floor College House, 17 King Edwards Road, Ruislip, London, HA4 7AE, United Kingdom",62011,,,
110,110,110,110,110,758,758,DUBIOUS DESIGN LTD,15468775,active,ltd,2024-02-05,,"[{'ceased_on': '2024-05-08', 'effective_from': '2024-02-05', 'name': 'DUBIOUS GAMES LTD'}]","C/O Buzzacott Llp, 130 Wood Street, London, EC2V 6DL, United Kingdom",62011,,,
111,111,111,111,111,759,759,DUBIT LIMITED,03922956,active,ltd,2000-02-10,,"[{'ceased_on': '2000-06-01', 'effective_from': '2000-02-10', 'name': 'EVER 1268 LIMITED'}]","Clockwise Office 2:04 Yorkshire House, Greek Street, Leeds, LS1 5SH, England",58210; 62011; 73200,,,
112,112,112,112,112,769,769,ECHOMYSTIC ENTERTAINMENT LTD,16663951,active,ltd,2025-08-21,,"[{'ceased_on': '2025-08-26', 'effective_from': '2025-08-21', 'name': 'ECHOSHIFT ENTERTAINMENT LTD'}]","61 Bridge Street, Kington, HR5 3DJ, United Kingdom",58210; 62011,,,
113,113,113,113,113,777,777,EDA WORKS LTD,10931410,active,ltd,2017-08-24,,"[{'ceased_on': '2025-08-11', 'effective_from': '2017-08-24', 'name': 'FLYING INTERACTIVE LTD'}]","16a Prescot Road, Exeter, EX4 1RB, England",62020; 70229; 74300; 85590,,,
114,114,114,114,114,788,788,ELECTRIC SQUARE LIMITED,09831554,active,ltd,2015-10-19,,"[{'ceased_on': '2018-04-12', 'effective_from': '2015-10-19', 'name': 'STUDIO GOBO DEVELOPMENT LTD'}]","4th Floor, 110 High Holborn, London, WC1V 6JS, England",62011,,,
115,115,115,115,115,790,790,ELECTRONIC ARTS LIMITED,02057591,active,ltd,1986-09-23,,"[{'ceased_on': '1987-08-03', 'effective_from': '1987-01-15', 'name': 'EOA LIMITED'}, {'ceased_on': '1987-01-15', 'effective_from': '1986-09-23', 'name': 'HAZLIST LIMITED'}]","Onslow House, Onslow Street, Guildford, Surrey, GU1 4TN",58290,,,
116,116,116,116,116,810,810,ENDEMOL SHINE GROUP LIMITED,06032269,active,ltd,2006-12-19,,"[{'ceased_on': '2015-10-22', 'effective_from': '2006-12-19', 'name': 'ENDEMOL INTERNATIONAL LIMITED'}]","Shepherds Building Central, Charecroft Way, London, W14 0EE, United Kingdom",59113; 59133,,,
117,117,117,117,117,818,818,ENTERTAINMENT APPS LTD,08823057,active,ltd,2013-12-20,,"[{'ceased_on': '2014-01-02', 'effective_from': '2013-12-20', 'name': 'ENTERTAINMENT APPS LIMITED'}]","11-12 Old Bond Street, Mayfair, London, W1S 4PN, England",58210,,,
118,118,118,118,118,819,819,EPIC GAMES ANIMATION UK LTD,06823136,active,ltd,2009-02-18,,"[{'ceased_on': '2020-03-13', 'effective_from': '2009-02-18', 'name': 'CUBIC MOTION LTD'}]","C/O Shepherd And Wedderburn Llp, 1-6 Lombard Street, London, EC3V 9AA, England",62011,,,
119,119,119,119,119,821,821,EPIC GAMES SA UK LIMITED,08375013,active,ltd,2013-01-25,,"[{'ceased_on': '2024-01-27', 'effective_from': '2013-05-21', 'name': 'SUPERAWESOME LIMITED'}, {'ceased_on': '2013-05-21', 'effective_from': '2013-01-25', 'name': 'BOX OF AWESOME LIMITED'}]","C/O Shepherd And Wedderburn Llp, 1-6 Lombard Street, London, EC3V 9AA, England",64209,,,
120,120,120,120,120,823,823,EPIC GAMES UK LTD,02865912,active,ltd,1993-10-26,,"[{'ceased_on': '2014-10-10', 'effective_from': '1993-10-26', 'name': 'EPIC MEGAGAMES UK LTD'}]","C/O Shepherd And Wedderburn Llp, 1-6 Lombard Street, London, EC3V 9AA, England",58210; 62012,,,
121,121,121,121,121,824,824,ERA FILM STUDIOS LTD,06685486,active,ltd,2008-09-01,,"[{'ceased_on': '2017-03-08', 'effective_from': '2016-05-17', 'name': 'ERA CORPORATION LTD'}, {'ceased_on': '2016-05-17', 'effective_from': '2014-03-26', 'name': 'ERA FILM STUDIOS LTD'}, {'ceased_on': '2014-03-26', 'effective_from': '2008-09-01', 'name': 'ECLECTIC REVELATION LTD'}]","Era Film Studios, Spaces Castle Park Programme, The Pithay, Bristol, England, Bristol, England, BS1 2NB",59111; 59120; 62011; 85520,,,
122,122,122,122,122,827,827,ESCAPE VELOCITY LIMITED,07009802,active,ltd,2009-09-04,,"[{'ceased_on': '2010-10-22', 'effective_from': '2009-09-04', 'name': 'FEEL GREAT PUBLISHING LIMITED'}]","4 Ardington Courtyard Roke Lane, Witley, Godalming, GU8 5NF, United Kingdom",62011,,,
123,123,123,123,123,829,829,ESCAPE TECHNOLOGY LIMITED,05624880,active,ltd,2005-11-16,,"[{'ceased_on': '2012-12-20', 'effective_from': '2005-11-16', 'name': 'WASABI SYSTEMS LIMITED'}]","Unit 5, Curo Park, Frogmore, St. Albans, Hertfordshire, AL2 2DD, England",46510,,,
124,124,124,124,124,830,830,ESG CORPORATE COMMUNITY INTEREST COMPANY,13566221,active,private-limited-guarant-nsc,2021-08-13,,"[{'ceased_on': '2021-11-05', 'effective_from': '2021-08-13', 'name': 'ESG CORPORATE LTD'}]","124 City Road, London, EC1V 2NX, England",82990; 85510,,,
125,125,125,125,125,831,831,ESPORTZ LTD,06988687,active,ltd,2009-08-12,,"[{'ceased_on': '2020-11-06', 'effective_from': '2010-07-15', 'name': 'WORLD GAMING EXECUTIVES LTD'}, {'ceased_on': '2010-07-15', 'effective_from': '2009-08-12', 'name': 'SQUILLIONAIRE LTD'}]","4 The Linney, Cowpe Road, Rossendale, Lancashire, BB4 7EX",58290,,,
126,126,126,126,126,832,832,ESL FACEIT GROUP LIMITED,07751649,active,ltd,2011-08-24,,"[{'ceased_on': '2024-02-27', 'effective_from': '2011-08-24', 'name': 'FACE IT LIMITED'}]","Millbank Tower Faceit 25th Floor, 21-24 Millbank, London, SW1P 4QP, England",59112; 62011,,,
127,127,127,127,127,838,838,EVERGUILD LTD,09334050,active,ltd,2014-12-01,,"[{'ceased_on': '2015-07-14', 'effective_from': '2014-12-01', 'name': 'FUN FUNGUS LTD'}]","20-22 Wenlock Road, London, N1 7GU",62011,,,
128,128,128,128,128,845,845,EVIL TEDDY PRODUCTIONS LIMITED,09359484,active,ltd,2014-12-17,,"[{'ceased_on': '2023-01-25', 'effective_from': '2014-12-17', 'name': 'WIRED PRODUCTIONS PUBLISHING LIMITED'}]","Unit 4 Watford Interchange, Colonial Way, Watford, Hertfordshire, WD24 4WP",62011,,,
129,129,129,129,129,847,847,EVOLVE LIMITED,SC208037,active,ltd,2000-06-12,,"[{'ceased_on': '2000-08-30', 'effective_from': '2000-06-12', 'name': 'CYBERBID LIMITED'}]","6 Bon Accord Square, Aberdeen, AB11 6XU, Scotland",62020; 63110,,,
130,130,130,130,130,849,849,EXAUDIO LIMITED,10781075,active,ltd,2017-05-20,,"[{'ceased_on': '2020-11-17', 'effective_from': '2020-02-21', 'name': 'SONICSIGHT LIMITED'}, {'ceased_on': '2020-02-21', 'effective_from': '2017-05-20', 'name': 'CATALYST INTERACTIVE LIMITED'}]","20 Gloucester Place, London, W1U 8HA, United Kingdom",58210; 62011,,,
131,131,131,131,131,853,853,EXIENT LIMITED,07638597,active,ltd,2011-05-18,,"[{'ceased_on': '2011-10-11', 'effective_from': '2011-05-18', 'name': 'FREQUENTFORWARD LIMITED'}]","Sas House Friarswood, Chipperfield Road, Kings Langley, Hertfordshire, WD4 9JB, England",58210; 62011,,,
132,132,132,132,132,854,854,EXIENT PRODUCTIONS LTD,08453438,active,ltd,2013-03-20,,"[{'ceased_on': '2024-05-25', 'effective_from': '2015-10-13', 'name': 'DONUT PUBLISHING LTD'}, {'ceased_on': '2015-10-13', 'effective_from': '2013-03-20', 'name': 'SUBTLE FOX SOFTWARE LIMITED'}]","Sas House Friarswood, Chipperfield Road, Kings Langley, Hertfordshire, WD4 9JB, England",58210; 62011,,,
133,133,133,133,133,858,858,EXODUS INTERACTIVE LTD,16951429,active,ltd,2026-01-08,,"[{'ceased_on': '2026-02-03', 'effective_from': '2026-01-08', 'name': 'VIDEO GAMES PUBLISHING LIMITED'}]","134 Buckingham Palace Road, London, SW1W 9SA, England",58210,,,
134,134,134,134,134,863,863,EXTRA MILE STUDIOS LIMITED,SC263923,active,ltd,2004-02-24,,"[{'ceased_on': '2005-11-03', 'effective_from': '2004-02-24', 'name': 'OSIRIS MEDIA LIMITED'}]","142 West Nile Street, Glasgow, G1 2RQ",59112,,,
135,135,135,135,135,868,868,FABRIK GAMES LIMITED,08183480,active,ltd,2012-08-17,,"[{'ceased_on': '2014-11-26', 'effective_from': '2012-11-16', 'name': 'FACTORY GAMES LIMITED'}, {'ceased_on': '2012-11-16', 'effective_from': '2012-08-17', 'name': 'GEEUN LIMITED'}]","10 Great Marlborough Street, London, W1F 7LP",62012,,,
136,136,136,136,136,876,876,FALLEN TREE GAMES LTD,07805177,active,ltd,2011-10-11,,"[{'ceased_on': '2012-05-15', 'effective_from': '2011-10-11', 'name': 'FTG MOBILE LTD'}]","Preston Park House, South Road, Brighton, East Sussex, BN1 6SB, United Kingdom",62011,,,
137,137,137,137,137,887,887,FAST LORIS STUDIOS LTD,07692110,active,ltd,2011-07-04,,"[{'ceased_on': '2024-01-29', 'effective_from': '2011-07-04', 'name': 'GASLIGHT GAMES LTD'}]","Park Lane Centre, Park Lane, Bradford, West Yorkshire, BD5 0LN",62011,,,
138,138,138,138,138,889,889,FAT FISH DIGITAL LIMITED,08611202,active,ltd,2013-07-16,,"[{'ceased_on': '2021-04-27', 'effective_from': '2013-07-16', 'name': 'FAT FISH GAMES LIMITED'}]","Unit A, Angel Business Centre, 1 Luton Road, Toddington, Dunstable, Bedfordshire, LU5 6DE, England",62030,,,
139,139,139,139,139,891,891,FAT PEBBLE LIMITED,07300917,active,ltd,2010-07-01,,"[{'ceased_on': '2010-12-29', 'effective_from': '2010-07-01', 'name': 'FUNBULB LIMITED'}]","41 Brambletyne Avenue, Saltdean, Brighton, BN2 8EL, England",62090,,,
140,140,140,140,140,900,900,FENRIS CREATIONS UK LTD,05446672,active,ltd,2005-05-09,,"[{'ceased_on': '2026-05-06', 'effective_from': '2005-05-09', 'name': 'CCP GAMES UK LTD'}]","Herschel House, 58 Herschel Street, Slough, SL1 1PG, England",58210,,,
141,141,141,141,141,906,906,FIRST TOUCH GAMES LIMITED,07638595,active,ltd,2011-05-18,,"[{'ceased_on': '2011-10-11', 'effective_from': '2011-05-18', 'name': 'EMERGINGTIME LIMITED'}]","264 Banbury Road, Oxford, OX2 7DY",58210,,,
142,142,142,142,142,924,924,FLOW CONSTRUCT STUDIOS LTD,16368060,active,ltd,2025-04-06,,"[{'ceased_on': '2025-07-14', 'effective_from': '2025-04-06', 'name': 'FLOW FORGE STUDIOS LIMITED'}]","2 Barley Sheaf Court Main Road, Holland Fen, Lincoln, LN4 4QH, England",58290; 62011; 62012,,,
143,143,143,143,143,925,925,FLOX STUDIOS LTD,08065316,active,ltd,2012-05-11,,"[{'ceased_on': '2015-06-09', 'effective_from': '2012-05-11', 'name': 'SNOW ARC STUDIO LTD'}]","20-22 Wenlock Road, London, N1 7GU, England",62011,,,
144,144,144,144,144,938,938,FOCUS MULTIMEDIA LIMITED,02408658,active,ltd,1989-07-27,,"[{'ceased_on': '1995-10-05', 'effective_from': '1989-09-08', 'name': 'REEVES SIGMA COMPUTER TRAINING LIMITED'}, {'ceased_on': '1989-09-08', 'effective_from': '1989-07-27', 'name': 'DILTONS LIMITED'}]","The Studios Lea Hall, Enterprise Park, Wheelhouse Road Rugeley, Staffordshire, WS15 1LH",47410; 47910; 58210; 58290,,,
145,145,145,145,145,948,948,FORTIS GAMES LIMITED,13576536,active,ltd,2021-08-20,,"[{'ceased_on': '2021-11-11', 'effective_from': '2021-08-20', 'name': 'ABC STUDIO SYSTEMS UK LIMITED'}]","1 More London Place, London, SE1 2AF, United Kingdom",62011,,,
146,146,146,146,146,949,949,FOUNDERS LAW LIMITED,11866392,active,ltd,2019-03-07,,"[{'ceased_on': '2022-10-04', 'effective_from': '2019-03-07', 'name': 'CHRONOS LAW LIMITED'}]","1 Temple Avenue, Hamilton House, London, EC4Y 0HA, England",69102,,,
147,147,147,147,147,950,950,FOUNTAIN DIGITAL LABS LIMITED,08230374,active,ltd,2012-09-26,,"[{'ceased_on': '2012-11-06', 'effective_from': '2012-09-26', 'name': 'FOUNTAIN 77 LIMITED'}]","2 London Wall Place, London, EC2Y 5AU",58110; 59120; 62011; 86900,,,
148,148,148,148,148,953,953,FOUNTAIN INTERACTIVE LTD,11049425,active,ltd,2017-11-06,,"[{'ceased_on': '2025-06-03', 'effective_from': '2023-11-20', 'name': 'FOUNTAIN GAMES LTD'}, {'ceased_on': '2023-11-20', 'effective_from': '2019-08-14', 'name': 'COLD BREW GAMES LTD'}, {'ceased_on': '2019-08-14', 'effective_from': '2017-11-06', 'name': 'LASER GUIDED CHICKEN LTD'}]","316 Wimbledon Central 21-33 Worple Road, London, SW19 4BJ, United Kingdom",62011,,,
149,149,149,149,149,955,955,FRANCISKODAK DESIGN LAB LTD,08216640,active,ltd,2012-09-17,,"[{'ceased_on': '2019-09-19', 'effective_from': '2012-09-17', 'name': 'FRANCIS&SON UNIVERSAL EXPORT-IMPORT LIMITED'}]","36 A Floyd Road, London, SE7 8AN, England",58290; 62011; 74100,,,
150,150,150,150,150,958,958,FOURTH STATE LTD,09602623,active,ltd,2015-05-21,,"[{'ceased_on': '2016-09-01', 'effective_from': '2016-06-13', 'name': 'SKETCHBOOK GAMES LTD'}, {'ceased_on': '2016-06-13', 'effective_from': '2015-05-21', 'name': 'FOURTH STATE LTD'}]","The Green House, Block C, Unit 2, Parkside Office Village, Nesfield Road, Knowledge Gateway, Colchester, Essex, CO4 3ZL, England",62011,,,
151,151,151,151,151,962,962,FREEJAM LIMITED,02687345,active,ltd,1992-02-13,,"[{'ceased_on': '2015-04-17', 'effective_from': '2010-05-11', 'name': 'HYPERION VENTURES LIMITED'}, {'ceased_on': '2010-05-11', 'effective_from': '1992-02-13', 'name': 'CLIMAX GROUP LIMITED'}]","B1 Vantage Park Old Gloucester Road, Hambrook, Bristol, BS16 1GW, England",62090,,,
152,152,152,152,152,964,964,FREE GAMES LTD,08423839,active,ltd,2013-02-28,,"[{'ceased_on': '2025-11-27', 'effective_from': '2020-03-04', 'name': 'FREE GAMES ONLINE LTD'}, {'ceased_on': '2020-03-04', 'effective_from': '2013-02-28', 'name': 'GAZ THOMAS MEDIA LTD'}]","4a Station Road, Llanfairfechan, Conwy, LL33 0AL, Wales",58210; 62011; 63990,,,
153,153,153,153,153,966,966,FREEKSTORM LTD,02919324,active,ltd,1994-04-15,,"[{'ceased_on': '2014-12-08', 'effective_from': '2005-06-21', 'name': 'FTGATE TECHNOLOGY LIMITED'}, {'ceased_on': '2005-06-21', 'effective_from': '1996-05-09', 'name': 'FLOOSIETEK LIMITED'}, {'ceased_on': '1996-05-09', 'effective_from': '1994-04-15', 'name': 'RICHARD J. BANG ELECTRONIC DESIGN LIMITED'}]","Rivendell Church Close, Wiggenhall St. Mary Magdalen, King's Lynn, Norfolk, PE34 3EP, England",62012; 62020,,,
154,154,154,154,154,972,972,FRONTIER DEVELOPMENTS PLC,02892559,active,plc,1994-01-28,,"[{'ceased_on': '2012-12-21', 'effective_from': '1994-01-28', 'name': 'FRONTIER DEVELOPMENTS LIMITED'}]","26 Science Park Milton Road, Cambridge, CB4 0FP, England",58210,,,
155,155,155,155,155,985,985,FULL FAT PRODUCTIONS LIMITED,03282545,active,ltd,1996-11-22,,"[{'ceased_on': '1996-11-28', 'effective_from': '1996-11-22', 'name': 'FULLFAT PRODUCTIONS LIMITED'}]","Westgate House, Brook Street, Warwick, Warwickshire, CV34 4BL",62011,,,
156,156,156,156,156,1020,1020,GAMELOAD LTD.,12060122,active,ltd,2019-06-19,,"[{'ceased_on': '2020-02-04', 'effective_from': '2019-06-19', 'name': 'GAME DAYS GROUP LTD.'}]","12060122 - COMPANIES HOUSE DEFAULT ADDRESS, Cardiff, CF14 8LH",58210; 62011; 73110; 82302,,,
157,157,157,157,157,1026,1026,GAME REPUBLIC LIMITED,07543330,active,ltd,2011-02-25,,"[{'ceased_on': '2011-04-12', 'effective_from': '2011-02-25', 'name': 'UNIQUESTATUS LIMITED'}]","15 Victoria Park, Shipley, West Yorkshire, BD18 4RL",62011,,,
158,158,158,158,158,1028,1028,GAMER NETWORK LIMITED,03882481,active,ltd,1999-11-24,,"[{'ceased_on': '2013-01-17', 'effective_from': '1999-11-24', 'name': 'EUROGAMER NETWORK LIMITED'}]","The Rowe 60 Whitechapel High Street, Eleventh Floor, London, E1 7PE, England",62090,,,
159,159,159,159,159,1029,1029,GAMES AID,04030235,active,private-limited-guarant-nsc-limited-exemption,2000-07-10,,"[{'ceased_on': '2008-08-22', 'effective_from': '2000-07-10', 'name': 'ENTERTAINMENT SOFTWARE CHARITY'}]","111-113 High Street, Evesham, Worcestershire, WR11 4XP, England",94990,,,
160,160,160,160,160,1046,1046,GAME VILLES LTD,17129117,active,ltd,2026-03-31,,"[{'ceased_on': '2026-04-10', 'effective_from': '2026-03-31', 'name': 'RETRO GAMES APP LTD'}]","3rd Floor, 86-90 Paul Street, London, EC2A 4NE, England",32409; 58210,,,
161,161,161,161,161,1061,1061,GAZOOKY STUDIOS (IMMERSIVE STORYLAB) LTD,11038106,active,ltd,2017-10-30,,"[{'ceased_on': '2020-11-16', 'effective_from': '2017-10-30', 'name': 'IMMERSIVE STORYLAB LTD'}]","435 Chester Road, Old Trafford, Manchester, M16 9HA, England",62011; 63990,,,
162,162,162,162,162,1063,1063,GEEK BEACH LIMITED,07064158,active,ltd,2009-11-02,,"[{'ceased_on': '2009-12-03', 'effective_from': '2009-11-02', 'name': 'FILEFORM LIMITED'}]","Hardwick House, Prospect Place, Swindon, Wiltshire, SN1 3LJ",82990,,,
163,163,163,163,163,1065,1065,GENERAL & MEDICAL FINANCE LIMITED,02421641,active,ltd,1989-09-11,,"[{'ceased_on': '2012-01-16', 'effective_from': '1989-09-11', 'name': 'GENERAL & MEDICAL FINANCE PLC'}]","General & Medical House, Napier Place, Peterborough, PE2 6XN",82990,,,
164,164,164,164,164,1073,1073,GFINITY PLC,08232509,active,plc,2012-09-28,,"[{'ceased_on': '2014-12-05', 'effective_from': '2013-03-21', 'name': 'GFINITY LIMITED'}, {'ceased_on': '2013-03-21', 'effective_from': '2012-09-28', 'name': 'ESPORTSLIVE LIMITED'}]","128 City Road, London, EC1V 2NX, England",62090,,,
165,165,165,165,165,1077,1077,GIANT GECKO LIMITED,11743002,active,ltd,2018-12-28,,"[{'ceased_on': '2025-07-31', 'effective_from': '2018-12-28', 'name': 'FORMATION GAMES LIMITED'}]","Three Gables, Corner Hall, Hemel Hempstead, HP3 9HN, England",62011,,,
166,166,166,166,166,1085,1085,GLITCHERS LTD,08683349,active,ltd,2013-09-10,,"[{'ceased_on': '2016-03-15', 'effective_from': '2013-09-10', 'name': 'GLITCHE.RS LTD'}]","C/O Johnston Carmichael Birchin Court, 20 Birchin Lane, London, EC3V 9DU, England",58210,,,
167,167,167,167,167,1089,1089,GLOBAL MEDIA & ENTERTAINMENT LIMITED,06251684,active,ltd,2007-05-18,,"[{'ceased_on': '2017-02-08', 'effective_from': '2012-07-31', 'name': 'THIS IS GLOBAL LIMITED'}, {'ceased_on': '2012-07-31', 'effective_from': '2007-06-22', 'name': 'GLOBAL RADIO UK LIMITED'}, {'ceased_on': '2007-06-22', 'effective_from': '2007-05-18', 'name': 'EYRECOURT INVESTMENTS UK LIMITED'}]","30 Leicester Square, London, WC2H 7LA",70100,,,
168,168,168,168,168,1093,1093,GLOWMADE LTD,09655330,active,ltd,2015-06-24,,"[{'ceased_on': '2017-05-04', 'effective_from': '2015-06-24', 'name': 'TRINK LTD'}]","2nd Floor, Crossweys, 28-30 High Street, Guildford, GU1 3EL, England",62011,,,
169,169,169,169,169,1110,1110,GOOD PLACE IDEAS LIMITED,08928069,active,ltd,2014-03-07,,"[{'ceased_on': '2020-07-16', 'effective_from': '2018-09-08', 'name': '25/8 GROUP LIMITED'}, {'ceased_on': '2018-09-08', 'effective_from': '2014-03-07', 'name': 'TWENTY5EIGHT CONSULTANCY LTD'}]","Crown House Bridgewater Close, Network 65, Burnley, Lancashire, BB11 5TE, United Kingdom",70229,,,
170,170,170,170,170,1118,1118,GRAND CAKE GAMES LTD,16751963,active,ltd,2025-09-30,,"[{'ceased_on': '2025-09-30', 'effective_from': '2025-09-30', 'name': 'GRAD CAKE GAMES LTD'}]","Studio 8 229 Shoreditch High Street, London, Greater London, E1 6PJ, England",62011,,,
171,171,171,171,171,1119,1119,GRAND-ATTIC LIMITED,14356114,active,ltd,2022-09-14,,"[{'ceased_on': '2022-11-24', 'effective_from': '2022-09-14', 'name': 'GRAND-ATTIC PUBLISHING LIMITED'}]","9th Floor 107 Cheapside, London, EC2V 6DN, United Kingdom",32401; 32409; 58210,,,
172,172,172,172,172,1121,1121,GRASS GROWN GAMES LTD,16520928,active,ltd,2025-06-16,,"[{'ceased_on': '2026-01-23', 'effective_from': '2025-06-16', 'name': 'RANCHER STUDIO LTD'}]","2 Chevington Drive, Stockport, SK4 3RG, England",58210,,,
173,173,173,173,173,1126,1126,GREAT APE GAMES LTD.,08145835,active,ltd,2012-07-17,,"[{'ceased_on': '2018-01-10', 'effective_from': '2012-07-17', 'name': 'SHADE GAMES LIMITED'}]","25a York Villas, Brighton, East Sussex, BN1 3TS, United Kingdom",58210; 62011,,,
174,174,174,174,174,1132,1132,GREEN MAN GAMING LIMITED,05271628,active,ltd,2004-10-27,,"[{'ceased_on': '2009-07-11', 'effective_from': '2004-10-27', 'name': 'FINSCOPE PROFESSIONAL SERVICES LIMITED'}]","124 Finchley Road, London, NW3 5JS, England",93290,,,
175,175,175,175,175,1142,1142,GROSVENOR GAMES LIMITED,06769604,active,ltd,2008-12-09,,"[{'ceased_on': '2020-03-05', 'effective_from': '2008-12-09', 'name': 'CUBA ENTERTAINMENT LIMITED'}]","13 Grosvenor Gardens, Kingston Upon Thames, Surrey, KT2 5BE",62011,,,
176,176,176,176,176,1165,1165,HANDPRINT GAMES LTD.,SC537300,dissolved,ltd,2016-06-07,2026-09-01,"[{'ceased_on': '2018-06-06', 'effective_from': '2016-06-07', 'name': 'SPOT AND CHANGE LTD.'}]","The Bishops House, Porterfield Road, Kilmacolm, Inverclyde, PA13 4PD, Scotland",62011,,,
177,177,177,177,177,1171,1171,HAPPYLANDER LTD,07491464,active,ltd,2011-01-13,,"[{'ceased_on': '2011-01-18', 'effective_from': '2011-01-13', 'name': 'HAPPY LANDER LTD'}]","Lockwood View 41 Quickley Lane, Chorleywood, Rickmansworth, Hertfordshire, WD3 5AE, England",62020,,,
178,178,178,178,178,1177,1177,HARTEC TECHNOLOGIES LIMITED,10485747,active,ltd,2016-11-18,,"[{'ceased_on': '2023-02-03', 'effective_from': '2021-05-20', 'name': 'COASTLINE SOFTWARE LIMITED'}, {'ceased_on': '2021-05-20', 'effective_from': '2016-11-18', 'name': 'SICARIUS LIMITED'}]","C/O Greystone Swan, Royal Quays Business Centre, Newcastle Upon Tyne, NE29 6DE, United Kingdom",62011; 62012; 62020,,,
179,179,179,179,179,1185,1185,HEAD SHOT MOFO LIMITED,12430444,active,ltd,2020-01-28,,"[{'ceased_on': '2020-02-14', 'effective_from': '2020-01-28', 'name': 'HEAD + SHOT LIMITED'}]","Suite 21, 6-10 Claremont Road, Surbiton, KT6 4QU, United Kingdom",58210; 62011,,,
180,180,180,180,180,1198,1198,HEMI LTD,06251318,active,ltd,2007-05-17,,"[{'ceased_on': '2017-10-31', 'effective_from': '2007-05-17', 'name': 'FRAXIS LTD'}]","142 Uxbridge Road, London, W7 3SL",62011,,,
181,181,181,181,181,1206,1206,HEWHAM LTD,17135922,active,ltd,2026-04-02,,"[{'ceased_on': '2026-04-30', 'effective_from': '2026-04-02', 'name': 'AURA FARM LTD'}]","81 Carnforth Avenue, Wakefield, WF1 2GE, England",58210; 62011,,,
182,182,182,182,182,1207,1207,HEXTAVE GAMES LTD,16954396,dissolved,ltd,2026-01-10,2026-09-22,"[{'ceased_on': '2026-02-12', 'effective_from': '2026-01-10', 'name': 'HEX LTD'}]","29 Addison Road, Sarisbury Green, Southampton, SO31 7ER, England",58210,,,
183,183,183,183,183,1219,1219,HIVE GAMES LIMITED,08451891,active,ltd,2013-03-19,,"[{'ceased_on': '2017-11-16', 'effective_from': '2014-12-02', 'name': 'YEM SYSTEMS LIMITED'}, {'ceased_on': '2014-12-02', 'effective_from': '2013-03-19', 'name': 'THE HIVE NETWORK LIMITED'}]","Tower Court Oakdale Road, Clifton Moor, York, YO30 4XL, England",62090,,,
184,184,184,184,184,1222,1222,HOLE IN THE SLEEVE GAME STUDIOS LIMITED,13157084,active,ltd,2021-01-25,,"[{'ceased_on': '2024-02-05', 'effective_from': '2021-01-25', 'name': 'STORROR PARKOUR PRO LIMITED'}]","450a London Road, Cheam, Sutton, SM3 8JB, England",58210; 62011,,,
185,185,185,185,185,1225,1225,HOLLOW PONDS GAMES LIMITED,09686235,active,ltd,2015-07-14,,"[{'ceased_on': '2015-07-22', 'effective_from': '2015-07-14', 'name': 'HOLLOW POND GAMES LIMITED'}]","Preston Park House, South Road, Brighton, East Sussex, BN1 6SB, United Kingdom",62011,,,
186,186,186,186,186,1236,1236,HOTOVO UK LTD,10487062,active,ltd,2016-11-18,,"[{'ceased_on': '2018-02-06', 'effective_from': '2016-11-18', 'name': 'KOMPLETNÉ MOBILE APPLICATION DEVELOPMENT LTD'}]","71-75 Shelton Street, Covent Garden, London, WC2H 9JQ, England",62011; 62012,,,
187,187,187,187,187,1237,1237,HOT SOURCE GAMES LTD,07099164,active,ltd,2009-12-09,,"[{'ceased_on': '2012-01-19', 'effective_from': '2009-12-09', 'name': 'DAPI SOFTWARE LTD'}]","3 Chestnut Vale, Mollington, Banbury, OX17 1AW",62011,,,
188,188,188,188,188,1264,1264,FREEANIMAL UK LIMITED,06910689,active,ltd,2009-05-20,,"[{'ceased_on': '2026-09-08', 'effective_from': '2009-05-20', 'name': 'ICHI LTD'}]","4th Floor, 110 High Holborn, London, WC1V 6JS, England",82990,,,
189,189,189,189,189,1267,1267,ICONIC INTERACTIVE LTD.,14755979,active,ltd,2023-03-24,,"[{'ceased_on': '2025-01-29', 'effective_from': '2023-03-24', 'name': 'LEAPFROG STUDIOS LIMITED'}]","Simpsons Farm, C/O Affect Group, Pentlow, Sudbury, CO10 7JT, England",62011; 71122; 74909,,,
190,190,190,190,190,1278,1278,IMMOTION STUDIOS LIMITED,03958635,active,ltd,2000-03-28,,"[{'ceased_on': '2018-06-07', 'effective_from': '2002-03-30', 'name': 'STUDIO LIDDELL LIMITED'}, {'ceased_on': '2002-03-30', 'effective_from': '2000-03-28', 'name': 'STUDIO LIDDELL ANIMATION LIMITED'}]","2nd Floor 55, Ludgate Hill, London, EC4M 7JW, United Kingdom",62011,,,
191,191,191,191,191,1282,1282,INDEPENDENT BROADCASTING NETWORK LIMITED,11498389,active,ltd,2018-08-03,,"[{'ceased_on': '2025-10-23', 'effective_from': '2023-04-17', 'name': 'HEARD DIGITAL LTD'}, {'ceased_on': '2023-04-17', 'effective_from': '2021-08-09', 'name': 'AUK DIGITAL LTD'}, {'ceased_on': '2021-08-09', 'effective_from': '2021-04-12', 'name': 'A M MEDIA LTD'}, {'ceased_on': '2021-04-12', 'effective_from': '2020-07-15', 'name': 'MELBOURNE HOUSE GAMES LTD'}, {'ceased_on': '2020-07-15', 'effective_from': '2019-07-25', 'name': 'PIXEL GAMES LIMITED'}, {'ceased_on': '2019-07-25', 'effective_from': '2018-08-03', 'name': 'SOURCE TOWN LTD'}]","166 The Mall, Luton, LU1 2TL, England",82990,,,
192,192,192,192,192,1286,1286,INDIE CHAMPIONS LTD,SC563751,active,ltd,2017-04-20,,"[{'ceased_on': '2019-09-12', 'effective_from': '2017-04-20', 'name': 'ALL 4 GAMES LIMITED'}]","20 Merchiston Avenue, Edinburgh, EH10 4NY, Scotland",58210; 62011,,,
193,193,193,193,193,1310,1310,INTERACTIVE GAME DEVELOPMENT LIMITED,02646104,active,ltd,1991-09-17,,"[{'ceased_on': '2015-01-20', 'effective_from': '1995-08-30', 'name': 'RAREWARE LIMITED'}, {'ceased_on': '1995-08-30', 'effective_from': '1995-04-05', 'name': 'STAMPER LIMITED'}, {'ceased_on': '1995-04-05', 'effective_from': '1995-04-03', 'name': 'RARE TOYS & GAMES LIMITED'}, {'ceased_on': '1995-04-03', 'effective_from': '1991-09-17', 'name': 'RARE TOYS & GAMES LIMITED'}]","1 Blossom Yard, Fourth Floor, London, E1 6RS, United Kingdom",32409; 70100,,,
194,194,194,194,194,1315,1315,INTO GAMES C.I.C.,11536348,active,private-limited-guarant-nsc,2018-08-24,,"[{'ceased_on': '2019-08-15', 'effective_from': '2018-11-13', 'name': 'INTO GAMES LTD'}, {'ceased_on': '2018-11-13', 'effective_from': '2018-08-24', 'name': 'PLAYINGFIELD GAMES LTD'}]","Preston Park House, South Road, Brighton, East Sussex, BN1 6SB, United Kingdom",85520,,,
195,195,195,195,195,1320,1320,INVINCIBLES STUDIO LTD,05271374,active,ltd,2004-10-27,,"[{'ceased_on': '2022-03-23', 'effective_from': '2004-10-27', 'name': 'SOCCER MANAGER LTD'}]","Shorrock House 1 Faraday Court, Fulwood, Preston, Lancashire, PR2 9NB, United Kingdom",62090,,,
196,196,196,196,196,1321,1321,IOCA ENTERTAINMENT LIMITED,09343458,active,ltd,2014-12-05,,"[{'ceased_on': '2015-03-26', 'effective_from': '2014-12-05', 'name': 'APPYCO LIMITED'}]","38 Craven Street, London, WC2N 5NG, England",58210,,,
197,197,197,197,197,1327,1327,IPSOS RESEARCH LTD,02388345,active,ltd,1989-05-23,,"[{'ceased_on': '2012-06-22', 'effective_from': '2002-10-25', 'name': 'SYNOVATE LIMITED'}, {'ceased_on': '2002-10-25', 'effective_from': '2000-04-14', 'name': 'PEGRAM WALTERS LIMITED'}, {'ceased_on': '2000-04-14', 'effective_from': '1989-05-23', 'name': 'PEGRAM WALTERS ASSOCIATES LIMITED'}]","3 Thomas More Square, Thomas More Square, London, E1W 1YW",73200,,,
198,198,198,198,198,1341,1341,ITALIC PIG LIMITED,08261221,active,ltd,2012-10-19,,"[{'ceased_on': '2013-03-14', 'effective_from': '2012-10-19', 'name': 'GAIMAN APPLICATIONS LIMITED'}]","167-169 Great Portland Street, 5th Floor, London, W1W 5PF, England",62011,,,
199,199,199,199,199,1352,1352,JAGEX LIMITED,03982706,active,ltd,2000-04-28,,"[{'ceased_on': '2000-06-27', 'effective_from': '2000-04-28', 'name': 'MEAUJO (492) LIMITED'}]","Ground Floor, One Granta, Granta Park, Cambridge, CB21 6DP, England",62011,,,
200,200,200,200,200,1378,1378,JUBAIR GAME DEVELOPMENT LTD,16666405,active,ltd,2025-08-21,,"[{'ceased_on': '2025-08-28', 'effective_from': '2025-08-21', 'name': 'JUBAIR GAME DEVELOPTMENT LTD'}]","14 Bibsworth Avenue, Birmingham, B13 0BA, England",58210; 62011,,,
201,201,201,201,201,1393,1393,KABAM GAMES UK LIMITED,08504182,active,ltd,2013-04-25,,"[{'ceased_on': '2017-05-13', 'effective_from': '2013-04-25', 'name': 'KABAM GAMES LIMITED'}]","C/O Tc Citroen Wells Limited, 5th Floor, 3 Dorset Rise, London, EC4Y 8EN, England",62011,,,
202,202,202,202,202,1396,1396,KAKOON ENTERTAINMENT LTD,12539434,active,ltd,2020-03-30,,"[{'ceased_on': '2023-07-28', 'effective_from': '2023-03-21', 'name': 'MILOSITY ENTERTAINMENT LTD'}, {'ceased_on': '2023-03-21', 'effective_from': '2020-03-30', 'name': 'SOUTHSIDE STUDIOS LTD'}]","Royal Arsenal Gatehouse, Beresford Square, London, SE18 6AR, England",58210; 62011,,,
203,203,203,203,203,1403,1403,KANTO MEDIA LTD,10764274,active,ltd,2017-05-10,,"[{'ceased_on': '2024-03-15', 'effective_from': '2017-05-10', 'name': 'CAUTION GAMES LTD'}]","82a James Carter Road, Mildenhall, Suffolk, IP28 7DE, England",59112,,,
204,204,204,204,204,1405,1405,KASEDO GAMES LTD,06963203,active,ltd,2009-07-15,,"[{'ceased_on': '2019-12-09', 'effective_from': '2009-07-15', 'name': 'KALYPSO MEDIA DIGITAL LIMITED'}]","Phoenix Square, 4 Midland Street, Leicester, Leics, LE1 1TG",62020,,,
205,205,205,205,205,1408,1408,KEANE GAMES LTD,09963347,active,ltd,2016-01-21,,"[{'ceased_on': '2024-01-19', 'effective_from': '2016-01-21', 'name': 'RUCE LTD'}]","4 Beechfield Drive, Bury, BL9 9QT, England",62011,,,
206,206,206,206,206,1415,1415,KEYWORDS STUDIOS LIMITED,08548351,active,ltd,2013-05-29,,"[{'ceased_on': '2024-11-05', 'effective_from': '2013-07-08', 'name': 'KEYWORDS STUDIOS PLC'}, {'ceased_on': '2013-07-08', 'effective_from': '2013-05-29', 'name': 'KEYWORDS STUDIOS LIMITED'}]","4th Floor 110 High Holborn, London, WC1V 6JS, England",70100,,,
207,207,207,207,207,1421,1421,KIDS WEB SERVICES LTD,13351982,active,ltd,2021-04-22,,"[{'ceased_on': '2023-10-27', 'effective_from': '2021-04-22', 'name': 'EPIC GAMES INTERNATIONAL UK LIMITED'}]","C/O Shepherd And Wedderburn Llp, 1-6 Lombard Street, London, EC3V 9AA, England",62011,,,
208,208,208,208,208,1424,1424,KILN STUDIOS LTD,11272034,active,ltd,2018-03-23,,"[{'ceased_on': '2020-03-05', 'effective_from': '2018-03-23', 'name': 'KINDRED GAMES LTD'}]","61 Mosley Street International House, 61 Mosley Street, Manchester, Greater Manchester, M2 3HZ, United Kingdom",62011,,,
209,209,209,209,209,1430,1430,KIRKIDEXI LTD,10672618,active,ltd,2017-03-15,,"[{'ceased_on': '2021-02-26', 'effective_from': '2017-03-15', 'name': 'ARTVISION GAMES LTD'}]","2nd Floor 168 Shoreditch High Street, London, E1 6RA, United Kingdom",58210,,,
210,210,210,210,210,1439,1439,LAIREON GAMES LTD,10315099,active,ltd,2016-08-05,,"[{'ceased_on': '2019-07-20', 'effective_from': '2019-07-19', 'name': 'TALL PEAK CONSULTING LIMITED'}, {'ceased_on': '2019-07-19', 'effective_from': '2016-08-05', 'name': 'LAIREON GAMES LTD'}]","43 High Grange, Crook, Durham, DL15 8AT, England",58210,,,
211,211,211,211,211,1447,1447,LAND & SEA GAMES LTD,10513422,active,ltd,2016-12-06,,"[{'ceased_on': '2018-11-22', 'effective_from': '2016-12-06', 'name': 'NESBITT GAMES LIMITED'}]","167-169 Great Portland Street, London, Greater London, W1W 5PF, England",58210,,,
212,212,212,212,212,1456,1456,LAST LEVEL LIMITED,12270188,active,ltd,2019-10-18,,"[{'ceased_on': '2024-06-16', 'effective_from': '2019-10-18', 'name': 'BANTECH MEDIA GROUP LTD'}]","124 City Road, London, EC1V 2NX, England",47910; 59112; 62011; 62020,,,
213,213,213,213,213,1461,1461,LAVA SKULL LTD,07472026,active,ltd,2010-12-16,,"[{'ceased_on': '2019-01-08', 'effective_from': '2010-12-16', 'name': 'ICEFLAME LIMITED'}]","45 Britannia Way, Britannia Park, Lichfield, Staffs, WS14 9UY",62011,,,
214,214,214,214,214,1463,1463,LAZY MONDAY LIMITED,SC509528,active,ltd,2015-06-29,,"[{'ceased_on': '2015-07-14', 'effective_from': '2015-06-29', 'name': 'AERIFORM LIMITED'}]","40 Eastfield, Edinburgh, EH15 2PN, Scotland",62011,,,
215,215,215,215,215,1475,1475,LEVEL 91 ENTERTAINMENT LTD,NI645095,active,ltd,2017-04-06,,"[{'ceased_on': '2019-09-23', 'effective_from': '2017-04-06', 'name': 'NORTHERN SOFTWORKS LIMITED'}]","32 Collinbridge Drive, Newtownabbey, BT36 7SX, Northern Ireland",62011,,,
216,216,216,216,216,1486,1486,LIGHTHOUSE GAMES LIMITED,14303226,active,ltd,2022-08-18,,"[{'ceased_on': '2022-10-04', 'effective_from': '2022-08-18', 'name': 'REPLAY HOLDINGS LIMITED'}]","Imperial Court, Holly Walk, Leamington Spa, Warwickshire, CV32 4JG, England",62011,,,
217,217,217,217,217,1498,1498,LIQUID VIOLET LTD,07485094,active,ltd,2011-01-07,,"[{'ceased_on': '2011-02-25', 'effective_from': '2011-01-07', 'name': 'FIDELITY DIALOGUE LTD'}]","4th Floor, 110 High Holborn, London, WC1V 6JS, England",18202,,,
218,218,218,218,218,1511,1511,LMA PROPERTY INVESTMENTS LTD,04427883,active,ltd,2002-04-30,,"[{'ceased_on': '2023-07-25', 'effective_from': '2002-04-30', 'name': 'BLUE GFX LTD'}]","128 City Road, London, EC1V 2NX, United Kingdom",68209,,,
219,219,219,219,219,1512,1512,LMM AUTOMOTIVE LTD,12373048,active,ltd,2019-12-20,,"[{'ceased_on': '2025-09-26', 'effective_from': '2019-12-20', 'name': 'SKORPIO INTERACTIVE LTD'}]","The Old Dairy, North Bowood, Bridport, Dorset, DT6 5JH, United Kingdom",74100,,,
220,220,220,220,220,1517,1517,LOCKWOOD PUBLISHING LIMITED,06242481,active,ltd,2007-05-10,,"[{'ceased_on': '2009-06-01', 'effective_from': '2007-05-10', 'name': 'INSIGNAGE LTD'}]","14 Park Row, Nottingham, NG1 6GR, United Kingdom",62090,,,
221,221,221,221,221,1570,1570,MADE WITH MONSTER LOVE LTD,09212544,active,ltd,2014-09-10,,"[{'ceased_on': '2021-03-24', 'effective_from': '2014-09-10', 'name': 'MADE WITH MONSTER LOVE UK LTD'}]","Preston Park House, South Road, Brighton, East Sussex, BN1 6SB, United Kingdom",62011,,,
222,222,222,222,222,1574,1574,MAD FELLOWS LTD.,07609874,active,ltd,2011-04-19,,"[{'ceased_on': '2013-07-15', 'effective_from': '2011-04-19', 'name': 'LOUDON HENCH LIMITED'}]","111 Shrubland Street, Leamington Spa, Warwickshire, CV31 2AR",62011,,,
223,223,223,223,223,1577,1577,MAG GAMES LIMITED,08892692,active,ltd,2014-02-13,,"[{'ceased_on': '2017-05-11', 'effective_from': '2014-02-13', 'name': 'DELINQUENT INTERACTIVE LIMITED'}]","Bostel House First Floor, 37 West Street, Brighton, BN1 2RE, England",32409,,,
224,224,224,224,224,1585,1585,MAGMATIC GAMES LTD,07710599,active,ltd,2011-07-19,,"[{'ceased_on': '2021-02-01', 'effective_from': '2017-06-09', 'name': 'BRAVOCOMPANY LTD'}, {'ceased_on': '2017-06-09', 'effective_from': '2011-07-19', 'name': 'KOYOKI LIMITED'}]","1st Floor 8 Bridle Close, Kingston Upon Thames, Surrey, KT1 2JW, England",62012,,,
225,225,225,225,225,1587,1587,MAGMAWORKS LTD,13370036,active,ltd,2021-04-30,,"[{'ceased_on': '2023-07-13', 'effective_from': '2021-04-30', 'name': 'RIPSTONE GAME STUDIOS (BIRMINGHAM) LTD'}]","5 Myrtle Street, Liverpool, L7 7DN, England",62011,,,
226,226,226,226,226,1588,1588,MAGNA LUDUM CREATIVES LTD,11208148,active,ltd,2018-02-15,,"[{'ceased_on': '2023-05-23', 'effective_from': '2018-02-15', 'name': 'MAX LOUIS CREATIVE LTD'}]","C/O Johnston Carmichael Birchin Court, 20 Birchin Lane, London, EC3V 9DU, England",58210; 62011; 73110,,,
227,227,227,227,227,1590,1590,MAKE-A-WISH FOUNDATION UK.,02031836,active,private-limited-guarant-nsc,1986-06-26,,"[{'ceased_on': '1986-12-08', 'effective_from': '1986-06-26', 'name': 'MAKE-A-WISH FOUNDATION (UK)'}]","Thames Tower, 7th Floor, Station Road, Reading, Berkshire, RG1 1LX, England",96090,,,
228,228,228,228,228,1593,1593,MAKE REAL LTD,04253279,active,ltd,2001-07-17,,"[{'ceased_on': '2019-01-03', 'effective_from': '2004-12-06', 'name': 'MAKE MEDIA LTD'}, {'ceased_on': '2004-12-06', 'effective_from': '2001-07-17', 'name': 'FLATEDGE LIMITED'}]","30-34 North Street, Hailsham, East Sussex, BN27 1DW",62090,,,
229,229,229,229,229,1599,1599,MALTIN PR LTD,07427503,active,ltd,2010-11-02,,"[{'ceased_on': '2018-05-22', 'effective_from': '2011-10-19', 'name': 'MALTIN PR LTD.'}, {'ceased_on': '2011-10-19', 'effective_from': '2010-11-02', 'name': 'THE WAY OF THE FUTURE LIMITED'}]","Princes House, 37 Kingsway, London, WC2B 6TP, England",82990,,,
230,230,230,230,230,1606,1606,MANSOURA CONSULTING LTD,11983529,active,ltd,2019-05-08,,"[{'ceased_on': '2024-03-30', 'effective_from': '2019-05-08', 'name': 'MANSOURA MOBILE GAMES LTD'}]","16 Totton Road, Thornton Heath, CR7 7QR, England",66110,,,
231,231,231,231,231,1615,1615,MARVELOUS EUROPE LIMITED,08013642,active,ltd,2012-03-30,,"[{'ceased_on': '2014-06-19', 'effective_from': '2012-03-30', 'name': 'MAQL EUROPE LIMITED'}]","C/O Eaton Smith Llp, 14 High Street, Huddersfield, West Yorkshire, HD1 2HA, England",58210,,,
232,232,232,232,232,1616,1616,MASH VIRTUAL INTERNATIONAL LIMITED,09986602,active,ltd,2016-02-04,,"[{'ceased_on': '2016-11-09', 'effective_from': '2016-02-04', 'name': 'MASH VIRTUAL LIMITED'}]","Mash Vritual International, Venture X Building 7, Chiswick Park, 566 Chiswick High Road, London, W4 5YG, United Kingdom",62011; 62090,,,
233,233,233,233,233,1617,1617,MASTERED STUDIOS LTD,11585221,active,ltd,2018-09-24,,"[{'ceased_on': '2019-06-10', 'effective_from': '2018-09-24', 'name': 'MASTERED ENTERPRISE LIMITED'}]","124 City Road, London, EC1V 2NX, England",85422; 85590,,,
234,234,234,234,234,1618,1618,MASSIVE MONSTER LIMITED,09272785,active,ltd,2014-10-21,,"[{'ceased_on': '2015-04-14', 'effective_from': '2014-10-21', 'name': 'BYTE TITANS LTD'}]","Suite 13, 5 Hercules Way Leavesden Park, Watford, Hertfordshire, WD25 7GS, United Kingdom",62011,,,
235,235,235,235,235,1626,1626,MAVERICK MEDIA LIMITED,03068959,active,ltd,1995-06-16,,"[{'ceased_on': '1995-10-04', 'effective_from': '1995-06-16', 'name': 'HALLSHIELD LIMITED'}]","4th Floor, 110 High Holborn, London, WC1V 6JS, England",73110,,,
236,236,236,236,236,1628,1628,MAX ENT GAMES LIMITED,07113176,active,ltd,2009-12-29,,"[{'ceased_on': '2025-06-13', 'effective_from': '2009-12-29', 'name': 'MERGE GAMES LTD'}]","Willow Mere House 7 Compass Point Business Park, Stocks Bridge Way, St Ives, PE27 5JL, United Kingdom",58210,,,
237,237,237,237,237,1629,1629,MAXIMUM ENTERTAINMENT UK LIMITED,02955670,active,ltd,1994-08-04,,"[{'ceased_on': '2023-12-22', 'effective_from': '2016-05-04', 'name': 'MAXIMUM GAMES LIMITED'}, {'ceased_on': '2016-05-04', 'effective_from': '2008-04-10', 'name': 'AVANQUEST SOFTWARE PUBLISHING LTD'}, {'ceased_on': '2008-04-10', 'effective_from': '1995-05-01', 'name': 'GLOBAL SOFTWARE PUBLISHING LIMITED'}, {'ceased_on': '1995-05-01', 'effective_from': '1994-08-04', 'name': 'GST SOFTWARE PUBLISHING LIMITED '}]","Willow Mere House 7 Compass Point Business Park, Stocks Bridge Way, St. Ives, Cambridgeshire, PE27 5JL, England",58210,,,
238,238,238,238,238,1648,1648,METAGRAVITY STUDIO LIMITED,13735761,active,ltd,2021-11-10,,"[{'ceased_on': '2022-01-10', 'effective_from': '2021-11-10', 'name': 'NETHERVERSE LIMITED'}]","The Union Building, 51-59 Rose Lane, Norwich, NR1 1BY, England",58210; 62011,,,
239,239,239,239,239,1652,1652,METEORIC GAMES LTD,07868661,active,ltd,2011-12-02,,"[{'ceased_on': '2013-12-16', 'effective_from': '2013-07-04', 'name': 'GREYMERE CONSULTING LIMITED'}, {'ceased_on': '2013-07-04', 'effective_from': '2011-12-02', 'name': 'FLIP FLOP SHACK LTD'}]","31 29 Eugene Way, Eastbourne, East Sussex, BN23 5BH",47910,,,
240,240,240,240,240,1655,1655,"ME, WE STUDIOS LIMITED",07108571,active,ltd,2009-12-18,,"[{'ceased_on': '2012-05-25', 'effective_from': '2009-12-18', 'name': ""IT'S ALL IN THE GAME BABY LIMITED""}]","Lancelot House, 1-3 Upper King Street, Leicester, LE1 6XF, England",62011; 62012; 62020,,,
241,241,241,241,241,1659,1659,MIB GLOBAL LIMITED,12471313,active,ltd,2020-02-19,,"[{'ceased_on': '2020-07-19', 'effective_from': '2020-02-19', 'name': 'SKILL ATHLETIC LIMITED'}]","327-331 London Road, Hadleigh, Benfleet, Essex, SS7 2BT, England",62011,,,
242,242,242,242,242,1662,1662,MICROSOFT LIMITED,01624297,active,ltd,1982-03-24,,"[{'ceased_on': '1983-06-16', 'effective_from': '1982-05-25', 'name': 'MICROSOFT EUROPE LIMITED'}, {'ceased_on': '1982-05-25', 'effective_from': '1982-03-24', 'name': 'DIALMAIN LIMITED'}]","Microsoft Campus, Thames Valley Park, Reading, Berkshire, RG6 1WG",62020,,,
243,243,243,243,243,1664,1664,MIDASPLAYER.COM LTD.,04534247,active,ltd,2002-09-13,,"[{'ceased_on': '2003-04-09', 'effective_from': '2003-03-23', 'name': 'MIDASPLAYER LTD.'}, {'ceased_on': '2003-03-23', 'effective_from': '2002-09-13', 'name': 'SPRAY VENTURES LTD'}]","The Ampersand Building, 178 Wardour Street, London, W1F 8FY, England",62090,,,
244,244,244,244,244,1672,1672,MILD PANIC GAMES LTD,16704387,active,ltd,2025-09-09,,"[{'ceased_on': '2026-03-23', 'effective_from': '2025-09-09', 'name': 'MILD PANIC LTD'}]","3 Brenchley Road, Matfield, Tonbridge, TN12 7BZ, England",58210,,,
245,245,245,245,245,1686,1686,MINICLIP (UK) LIMITED,06432709,active,ltd,2007-11-21,,"[{'ceased_on': '2009-01-28', 'effective_from': '2007-11-21', 'name': 'DIAMOND GAMES LIMITED'}]","2nd Floor, Bureau, 90 Fetter Lane, London, EC4A 1EN, England",62011; 62090,,,
246,246,246,246,246,1702,1702,MOBILE PIE LIMITED,05557026,active,ltd,2005-09-07,,"[{'ceased_on': '2008-04-10', 'effective_from': '2005-09-07', 'name': 'SPORTTALK LTD'}]","First Floor Lewins House, Narrow Lewins Mead, Bristol, BS1 2NN",58210,,,
247,247,247,247,247,1732,1732,MOORE KINGSTON SMITH LLP,OC317343,active,llp,2006-01-23,,"[{'ceased_on': '2019-09-09', 'effective_from': '2006-01-23', 'name': 'KINGSTON SMITH LLP'}]","6th Floor 9 Appold Street, London, EC2A 2AP, United Kingdom",,,,
248,248,248,248,248,1738,1738,MOULDY TOOF STUDIOS LIMITED,09256933,active,ltd,2014-10-09,,"[{'ceased_on': '2025-01-31', 'effective_from': '2025-01-20', 'name': 'EVERPLAY GROUP LIMITED'}, {'ceased_on': '2025-01-20', 'effective_from': '2014-10-09', 'name': 'MOULDY TOOF STUDIOS LIMITED'}]","3 Red Hall Avenue, Paragon Business Park, Wakefield, WF1 2UL, England",99999,,,
249,249,249,249,249,1743,1743,MURDEROUS PURSUITS GAME LTD,SC485667,active,ltd,2014-09-02,,"[{'ceased_on': '2019-07-01', 'effective_from': '2014-09-02', 'name': 'THE SHIP GAME LTD'}]","101 Portman Street, 1st Floor, Glasgow, G41 1EJ, Scotland",58210,,,
250,250,250,250,250,1755,1755,MYTHICAL GAMES UK LTD,09041146,active,ltd,2014-05-15,,"[{'ceased_on': '2022-02-15', 'effective_from': '2014-05-15', 'name': 'ELEKTRAGLIDE LTD'}]","Ground Floor, 26 Stroudley Road, Brighton, East Sussex, BN1 4BH, England",58210,,,
251,251,251,251,251,1763,1763,NATIONAL STUDENT ESPORTS LIMITED,10907331,active,ltd,2017-08-09,,"[{'ceased_on': '2018-12-19', 'effective_from': '2017-08-09', 'name': 'BENCHMARK ESPORTS LIMITED'}]","The Place, Athenaeum Street, Sunderland, SR1 1QX, England",93199,,,
252,252,252,252,252,1768,1768,NC EUROPE LIMITED,05165702,active,ltd,2004-06-29,,"[{'ceased_on': '2026-07-03', 'effective_from': '2004-06-29', 'name': 'NCSOFT EUROPE LIMITED'}]","2 Leman Street, London, E1W 9US, United Kingdom",62090,,,
253,253,253,253,253,1774,1774,NE GAMES LTD,13211167,active,ltd,2021-02-18,,"[{'ceased_on': '2021-08-23', 'effective_from': '2021-02-18', 'name': 'THE NEVER ENDING GAME LTD'}]","Richmond House, Lawnswood Business Park, Redvers Close, Leeds, LS16 6QY, England",47990; 58210; 62011; 62090,,,
254,254,254,254,254,1781,1781,NEONNOVA STUDIOS LTD,16989773,active,ltd,2026-01-27,,"[{'ceased_on': '2026-04-09', 'effective_from': '2026-01-27', 'name': 'SHARK MEDIA GROUP LTD'}]","5 Bromley Road, Colchester, CO4 3JE, England",47910; 58110; 58210,,,
255,255,255,255,255,1784,1784,NERO J LIMITED,NI676411,active,ltd,2021-02-11,,"[{'ceased_on': '2025-05-29', 'effective_from': '2021-02-11', 'name': 'DJ NERO PRODUCTION & ENTERTAINMENT LTD'}]","38 Rowan Drive, Dunmurry, Belfast, BT17 9QA, Northern Ireland",62011,,,
256,256,256,256,256,1791,1791,NEVERLAND DIGITAL ENTERTAINMENT LTD.,13167762,active,ltd,2021-01-29,,"[{'ceased_on': '2021-09-21', 'effective_from': '2021-01-29', 'name': 'LIONGOD GROUP LIMITED'}]","7 Foundry House, Bull Ring, Nuneaton, CV10 7FG, England",58210; 62011,,,
257,257,257,257,257,1801,1801,NEW STAR PUBLISHING LTD.,09292502,active,ltd,2014-11-03,,"[{'ceased_on': '2025-10-14', 'effective_from': '2014-11-03', 'name': 'FIVE ACES PUBLISHING LIMITED'}]","6 Milner House, Milner Way, Ossett, West Yorkshire, WF5 9JE, England",58210,,,
258,258,258,258,258,1808,1808,NEXT NUMBER GAMES LIMITED,07583720,active,ltd,2011-03-30,,"[{'ceased_on': '2011-09-02', 'effective_from': '2011-03-30', 'name': 'HITMILLION LIMITED'}]","1 Golden Court, Richmond, Surrey, TW9 1EU",62011,,,
259,259,259,259,259,1811,1811,NEXUS LABS DEVELOPMENT LTD,14065644,active,ltd,2022-04-25,,"[{'ceased_on': '2024-01-22', 'effective_from': '2022-12-22', 'name': 'EMERGENT GAMES DEVELOPMENT LTD'}, {'ceased_on': '2022-12-22', 'effective_from': '2022-04-25', 'name': 'MAZE THEORY DEVELOPMENT 2 LTD'}]","9th Floor Neo Building, 9 Charlotte Street, Manchester, Greater Manchester, M1 4ET, England",62011,,,
260,260,260,260,260,1813,1813,NICE GAMES LTD,16095125,active,ltd,2024-11-22,,"[{'ceased_on': '2025-08-05', 'effective_from': '2024-11-22', 'name': 'REWARDING WORK LTD'}]","International House, 101 King's Cross Road, London, WC1X 9LP, England",58210,,,
261,261,261,261,261,1815,1815,NICOLA HIBBERT CONSULTING LTD,10393169,active,ltd,2016-09-26,,"[{'ceased_on': '2024-03-11', 'effective_from': '2020-04-24', 'name': 'MOONCAKE GAMES LTD'}, {'ceased_on': '2020-04-24', 'effective_from': '2016-09-26', 'name': 'FIDGETCAKE LTD'}]","71-75 Shelton Street Covent Garden, London, WC2H 9JQ, England",62020,,,
262,262,262,262,262,1818,1818,NIELSEN BOOK SERVICES LIMITED,00070437,active,ltd,1901-06-08,,"[{'ceased_on': '2004-01-05', 'effective_from': '2002-01-07', 'name': 'VNU ENTERTAINMENT MEDIA UK LIMITED'}, {'ceased_on': '2002-01-07', 'effective_from': '1901-06-08', 'name': 'J.WHITAKER & SONS,LIMITED'}]","7th Floor, Blue Fin Building, 110 Southwark Street, London, SE1 0SU, United Kingdom",58110; 58142; 82990,,,
263,263,263,263,263,1823,1823,NINJA KIWI EUROPE LIMITED,SC285089,active,ltd,2005-05-20,,"[{'ceased_on': '2013-03-26', 'effective_from': '2005-06-16', 'name': 'DIGITAL GOLDFISH LIMITED'}, {'ceased_on': '2005-06-16', 'effective_from': '2005-05-20', 'name': 'CASTLELAW (NO.587) LIMITED'}]","Vision Building, Greenmarket, Dundee, DD1 4QB, Scotland",62090,,,
264,264,264,264,264,1826,1826,NINJA THEORY LIMITED,05240956,active,ltd,2004-09-24,,"[{'ceased_on': '2004-11-08', 'effective_from': '2004-09-24', 'name': 'AVIDBOND LIMITED'}]","1 Blossom Yard, Fourth Floor, London, E1 6RS, United Kingdom",62011,,,
265,265,265,265,265,1827,1827,NISOS UK LIMITED,11546155,active,ltd,2018-08-31,,"[{'ceased_on': '2018-11-09', 'effective_from': '2018-08-31', 'name': 'NISOS LIMITED'}]","Flat 36 Odell House, 16 Woodberry Down, London, N4 2GB, England",62011,,,
266,266,266,266,266,1833,1833,NOCTAL LIMITED,10835340,dissolved,ltd,2017-06-26,2026-08-11,"[{'ceased_on': '2021-02-09', 'effective_from': '2017-06-26', 'name': 'SWERVE STUDIOS LTD'}]","124 City Road, London, EC1V 2NX, England",58210,,,
267,267,267,267,267,1840,1840,NODDING FROG LIMITED,09321859,active,ltd,2014-11-21,,"[{'ceased_on': '2014-12-10', 'effective_from': '2014-11-21', 'name': 'OTHERSIDE ENTERTAINMENT LTD'}]","22 Friars Street, Sudbury, Suffolk, CO10 2AA, England",58210,,,
268,268,268,268,268,1844,1844,NOISY HEAD GAMES LTD,13186615,active,ltd,2021-02-08,,"[{'ceased_on': '2021-02-15', 'effective_from': '2021-02-08', 'name': 'NOISY HEAD STUDIOS LTD'}]","99 Saltdean Vale, Saltdean, Brighton, BN2 8HE, England",62011,,,
269,269,269,269,269,1846,1846,NOMAD GAMES LIMITED,07661528,active,ltd,2011-06-08,,"[{'ceased_on': '2011-08-02', 'effective_from': '2011-06-08', 'name': 'WEIGHTCO 2011 (7) LIMITED'}]","Summit House, 35 Church Road, Lymm, Cheshire, WA13 0QS",62011,,,
270,270,270,270,270,1857,1857,NORTHERN IRELAND SCREEN COMMISSION,NI031997,active,private-limited-guarant-nsc-limited-exemption,1997-02-26,,"[{'ceased_on': '2004-11-12', 'effective_from': '2002-02-20', 'name': 'NORTHERN IRELAND FILM AND TELEVISION COMMISSION'}, {'ceased_on': '2002-02-20', 'effective_from': '1997-02-26', 'name': 'NORTHERN IRELAND FILM COMMISSION'}]","3rd Floor, Alfred House, 21 Alfred Street, Belfast, BT2 8ED",59111; 59113,,,
271,271,271,271,271,1861,1861,NORTH STAR VIDEO GAMES LTD,09070557,active,ltd,2014-06-04,,"[{'ceased_on': '2017-03-07', 'effective_from': '2014-06-04', 'name': 'TIN CAR STUDIOS LIMITED'}]","19 Queens Avenue, Meols, Wirral, Merseyside, CH47 0LR",62011,,,
272,272,272,272,272,1871,1871,NOVA DIGITAL GROUP LTD,16319682,active,ltd,2025-03-17,,"[{'ceased_on': '2026-01-16', 'effective_from': '2025-03-17', 'name': 'GTA5UA LTD'}]","16319682 - COMPANIES HOUSE DEFAULT ADDRESS, Cardiff, CF14 8LH",58210; 62011,,,
273,273,273,273,273,1885,1885,NYX DIGITAL LTD,05964462,active,ltd,2006-10-12,,"[{'ceased_on': '2010-02-16', 'effective_from': '2006-10-12', 'name': 'ECHODATA MANAGEMENT LTD'}]","167-169 Great Portland Street, London, W1W 5PF, England",62030,,,
274,274,274,274,274,1898,1898,OFF CHAIN GAMES LTD,11837698,active,ltd,2019-02-20,,"[{'ceased_on': '2020-01-14', 'effective_from': '2019-02-20', 'name': 'ARTECHTI LTD'}]","Preston Park House, South Road, Brighton, East Sussex, BN1 6SB, United Kingdom",58210,,,
275,275,275,275,275,1900,1900,OKIPLAY LTD,08010888,active,ltd,2012-03-29,,"[{'ceased_on': '2022-06-14', 'effective_from': '2017-03-17', 'name': 'OKIPLAY EDUCATIONAL APPS & PRESCHOOL GAMES LTD'}, {'ceased_on': '2017-03-17', 'effective_from': '2013-12-19', 'name': 'OKIPLAY LTD'}, {'ceased_on': '2013-12-19', 'effective_from': '2013-02-14', 'name': 'OKI PLAY LTD'}, {'ceased_on': '2013-02-14', 'effective_from': '2012-05-10', 'name': 'TAPPITI LTD'}, {'ceased_on': '2012-05-10', 'effective_from': '2012-03-29', 'name': 'JOT STUDIOS LTD'}]","Castlewood, St. Winifreds Road, Harrogate, North Yorkshire, HG2 8LN",59112; 90030,,,
276,276,276,276,276,1903,1903,OKTRA LIMITED,03130362,active,ltd,1995-11-24,,"[{'ceased_on': '2013-10-25', 'effective_from': '1995-11-24', 'name': 'MARGOLIS OFFICE ENVIRONMENTS LIMITED'}]","1 Bickenhall Mansions, Bickenhall Street, London, W1U 6BP",82990,,,
277,277,277,277,277,1908,1908,OMNIA INTERACTIVE LIMITED,10396582,active,ltd,2016-09-27,,"[{'ceased_on': '2025-02-05', 'effective_from': '2016-09-27', 'name': 'SILHOUETTE WOLF LIMITED'}]","Suite 13 Brignell Road, Britannia House, Middlesbrough, TS2 1PS, England",62011; 62012,,,
278,278,278,278,278,1919,1919,ONTECA LIMITED,04317651,active,ltd,2001-11-06,,"[{'ceased_on': '2003-10-07', 'effective_from': '2001-11-06', 'name': 'BAD DEVELOPMENT LIMITED'}]","37 Windsor Street, Toxteth, Liverpool, Merseyside, L8 1XE",62011; 62012; 62020,,,
279,279,279,279,279,1926,1926,OPUS COMICS LTD,05811518,active,ltd,2006-05-09,,"[{'ceased_on': '2023-06-28', 'effective_from': '2015-02-19', 'name': 'INCENDIUM LIMITED'}, {'ceased_on': '2015-02-19', 'effective_from': '2006-05-09', 'name': 'INCENDIUM RECORDS LIMITED'}]","66 Mill Lane, London, NW6 1NJ, United Kingdom",58190,,,
280,280,280,280,280,1933,1933,OSBORNE CLARKE LLP,OC397443,active,llp,2015-01-12,,"[{'ceased_on': '2015-09-25', 'effective_from': '2015-01-12', 'name': 'OVAL (2286) LLP'}]","One London Wall, London, EC2Y 5EB",,,,
281,281,281,281,281,1939,1939,OURY CLARK CONSULTANTS LLP,OC305454,active,llp,2003-09-09,,"[{'ceased_on': '2013-10-11', 'effective_from': '2010-12-07', 'name': 'OC CONTINUITY LLP'}, {'ceased_on': '2010-12-07', 'effective_from': '2009-07-07', 'name': 'OURY CLARK CONTINUITY LLP'}, {'ceased_on': '2009-07-07', 'effective_from': '2003-09-09', 'name': 'OURY CLARK CONSULTANTS LLP'}]","10 John Street, London, WC1N 2EB",,,,
282,282,282,282,282,1940,1940,OUTFIT7 BRIT LIMITED,07895168,active,ltd,2012-01-03,,"[{'ceased_on': '2014-02-05', 'effective_from': '2012-01-03', 'name': 'OUTFIT7 LTD'}]","1st Floor Sackville House, 143-149 Fenchurch Street, London, EC3M 6BN, England",58210,,,
283,283,283,283,283,1948,1948,OZUMA LIMITED,08273017,active,ltd,2012-10-30,,"[{'ceased_on': '2020-08-02', 'effective_from': '2018-03-16', 'name': 'ROGUE GAMES LIMITED'}, {'ceased_on': '2018-03-16', 'effective_from': '2017-06-23', 'name': '4T2 MULTIMEDIA LIMITED'}, {'ceased_on': '2017-06-23', 'effective_from': '2014-06-18', 'name': 'AMUZO LIMITED'}, {'ceased_on': '2014-06-18', 'effective_from': '2012-10-30', 'name': 'AMUZO GAMES LTD'}]","Green Park, Exeter Park Road, Bournemouth, Dorset, BH2 5BD, United Kingdom",58210; 62011,,,
284,284,284,284,284,1951,1951,PANDA CAT GAMES LTD,15716690,active,ltd,2024-05-13,,"[{'ceased_on': '2024-07-02', 'effective_from': '2024-05-13', 'name': 'SYGAMES LTD'}]","102 Bromstone Road, Broadstairs, CT10 2HX, England",62011,,,
285,285,285,285,285,1955,1955,PANDORA X SOFTWARE STUDIOS LTD.,11719272,active,ltd,2018-12-10,,"[{'ceased_on': '2021-05-11', 'effective_from': '2018-12-10', 'name': 'PANDORA X GAME STUDIOS LTD'}]","Unit 2 Royal Arcade, Norwich, NR2 1NQ, England",47750; 58210; 62012,,,
286,286,286,286,286,1978,1978,PHOENIX LIMITED,02465958,active,ltd,1990-02-01,,"[{'ceased_on': '2010-03-01', 'effective_from': '1999-06-30', 'name': 'PHOENIX PLC'}, {'ceased_on': '1999-06-30', 'effective_from': '1992-12-17', 'name': 'PHOENIX ADVERTISING LIMITED'}, {'ceased_on': '1992-12-17', 'effective_from': '1990-08-02', 'name': 'PHOENIX NEW HOMES SERVICES (SOUTH WEST) LIMITED'}, {'ceased_on': '1990-08-02', 'effective_from': '1990-07-25', 'name': 'PHOENIX PROPERTY SERVICES (SOUTH WEST) LIMITED'}, {'ceased_on': '1990-07-25', 'effective_from': '1990-02-01', 'name': 'GOULDITAR NO. 85 LIMITED'}]","Suite 1d Rossett Business Village, Llyndir Lane, Rossett, LL12 0AY, Wales",73110,,,
287,287,287,287,287,1979,1979,PIGGYBACK INTERACTIVE LIMITED,03521751,active,ltd,1998-03-04,,"[{'ceased_on': '1998-05-05', 'effective_from': '1998-03-04', 'name': 'FCB 1277 LIMITED'}]","6th Floor Charlotte Building, 17 Gresse Street, London, W1T 1QL, United Kingdom",58110,,,
288,288,288,288,288,1983,1983,PILLARSET LAYER GAMES LTD,16267833,active,ltd,2025-02-21,,"[{'ceased_on': '2025-03-04', 'effective_from': '2025-02-21', 'name': 'UNIQ STATE GAMES LTD'}]","2nd Floor College House, 17 King Edwards Road,, Ruislip,, London,, HA4 7AE, United Kingdom",58210; 62011,,,
289,289,289,289,289,1993,1993,PIXEL BAR LEEDS LIMITED,11346782,active,ltd,2018-05-04,,"[{'ceased_on': '2021-05-03', 'effective_from': '2021-04-30', 'name': 'PIXEL BARS LEEDS LIMITED'}, {'ceased_on': '2021-04-30', 'effective_from': '2019-06-05', 'name': 'PIXEL BARS LTD'}, {'ceased_on': '2019-06-05', 'effective_from': '2018-05-04', 'name': 'GNG GAMING LTD'}]","94 Street Lane, Leeds, LS8 2AL, England",56101; 56302,,,
290,290,290,290,290,2026,2026,PLAION LIMITED,02925650,active,ltd,1994-05-04,,"[{'ceased_on': '2022-08-30', 'effective_from': '1994-06-24', 'name': 'KOCH MEDIA LIMITED'}, {'ceased_on': '1994-06-24', 'effective_from': '1994-05-04', 'name': 'BROOMCO (775) LIMITED'}]","2nd Floor 1410 Arlington Business Park, Theale, Berkshire, RG7 4SA, England",59131; 59132; 62011,,,
291,291,291,291,291,2030,2030,PLAN OF ATTACK LTD,06862424,active,ltd,2009-03-28,,"[{'ceased_on': '2013-09-13', 'effective_from': '2009-03-28', 'name': 'FREEFORM COMMUNICATIONS LIMITED'}]","59 Withdean Crescent, Brighton, BN1 6WG, England",70229,,,
292,292,292,292,292,2032,2032,PLA STUDIOS LIMITED,07518134,active,ltd,2011-02-04,,"[{'ceased_on': '2011-09-26', 'effective_from': '2011-02-04', 'name': 'WORKHOUSE GAMES LIMITED'}]","Unit 3 Birtley Courtyard, Bramley, Surrey, GU5 0LA, United Kingdom",62011,,,
293,293,293,293,293,2037,2037,PLAYDEMIC LIMITED,07106742,active,ltd,2009-12-16,,"[{'ceased_on': '2011-11-09', 'effective_from': '2011-01-18', 'name': 'ROCKYOU LIMITED'}, {'ceased_on': '2011-01-18', 'effective_from': '2010-04-08', 'name': 'PLAYDEMIC LIMITED'}, {'ceased_on': '2010-04-08', 'effective_from': '2009-12-16', 'name': 'PLAYDEMICS LIMITED'}]","Onslow House, Onslow Street, Guildford, Surrey, GU1 4TN, England",62012,,,
294,294,294,294,294,2047,2047,PLAYSPORT GAMES LTD,08487983,active,ltd,2013-04-15,,"[{'ceased_on': '2014-12-08', 'effective_from': '2013-04-15', 'name': 'APPY GO LUCKY LTD'}]","2nd Floor, Bureau, 90 Fetter Lane, London, EC4A 1EN, England",62011,,,
295,295,295,295,295,2054,2054,PLAYTRA GAMES LTD,10858664,active,ltd,2017-07-10,,"[{'ceased_on': '2017-07-21', 'effective_from': '2017-07-10', 'name': 'PLUS INFINITY LIMITED'}]","63 Carey Gardens, London, SW8 4HJ, England",58290; 62011; 90030,,,
296,296,296,296,296,2057,2057,PLAYWING LTD,05021996,active,ltd,2004-01-21,,"[{'ceased_on': '2016-09-08', 'effective_from': '2004-01-21', 'name': 'ADVANCED MOBILE APPLICATIONS LIMITED'}]","2 Cresswell Gardens, Flat 3, London, SW5 0BJ, United Kingdom",62011,,,
297,297,297,297,297,2058,2058,PLAY WITH GAMES LTD,08906706,active,ltd,2014-02-21,,"[{'ceased_on': '2014-10-21', 'effective_from': '2014-02-21', 'name': 'PLAY WITH FRIENDS GAMES LTD'}]","15 Spinnaker Quay, Mount Batten, Plymouth, Devon, PL9 9SA, England",58210,,,
298,298,298,298,298,2059,2059,PLAYWORKS DIGITAL LTD,10223032,active,ltd,2016-06-09,,"[{'ceased_on': '2017-09-01', 'effective_from': '2016-06-09', 'name': 'TRANSGAMING INTERACTIVE LIMITED'}]","Aberdeen House, South Road, Haywards Heath, RH16 4NG, England",58210,,,
299,299,299,299,299,2060,2060,POCKET MONEY GAMES LTD,09859464,active,ltd,2015-11-05,,"[{'ceased_on': '2017-02-28', 'effective_from': '2015-11-05', 'name': 'SOMNIATOR GAMES LTD'}]","6 Broomhouse Farm Court, Prudhoe, NE42 5FS, England",62011,,,
300,300,300,300,300,2066,2066,POLYBIUS GAMES LIMITED,SC346372,active,ltd,2008-07-31,,"[{'ceased_on': '2010-03-08', 'effective_from': '2008-07-31', 'name': 'M I EVENTS LIMITED'}]","31 Clarkin Avenue, East Kilbride, G75 9GS",62011,,,
301,301,301,301,301,2075,2075,POPCULTR LTD,08346770,active,ltd,2013-01-04,,"[{'ceased_on': '2023-08-07', 'effective_from': '2013-01-04', 'name': 'WHITTLEMEDIA LIMITED'}]","2nd Floor 15 Greek Street, London, W1D 4DP, United Kingdom",70210,,,
302,302,302,302,302,2077,2077,POPTACULAR LTD,08530431,active,ltd,2013-05-15,,"[{'ceased_on': '2014-03-13', 'effective_from': '2013-05-15', 'name': '100 PICS LIMITED'}]","Poptacular Ltd, 7 Savoy Court, London, WC2R 0EX, England",47650; 62011,,,
303,303,303,303,303,2079,2079,PORTALSCOPE STUDIOS LTD,17059387,active,ltd,2026-02-27,,"[{'ceased_on': '2026-03-20', 'effective_from': '2026-02-27', 'name': 'METASCOPE STUDIOS LTD'}]","128 City Road City Road, London, EC1V 2NX, England",58210; 59111; 62011,,,
304,304,304,304,304,2085,2085,POWCROWD LTD,10119053,active,ltd,2016-04-12,,"[{'ceased_on': '2026-04-27', 'effective_from': '2016-04-12', 'name': 'TALONY GAMES LTD'}]","Buntings Leighton Road, Northall, Dunstable, LU6 2EZ, England",58210,,,
305,305,305,305,305,2091,2091,PREMIER PUBLIC RELATIONS LTD,01707417,active,ltd,1983-03-17,,"[{'ceased_on': '2005-02-22', 'effective_from': '2004-11-11', 'name': 'PREMIER INTERNATIONAL COMMUNICATIONS LTD'}, {'ceased_on': '2004-11-11', 'effective_from': '2001-10-26', 'name': 'PREMIER PUBLIC RELATIONS LIMITED'}, {'ceased_on': '2001-10-26', 'effective_from': '1988-01-12', 'name': 'CORBETT AND KEENE LTD'}, {'ceased_on': '1988-01-12', 'effective_from': '1983-03-17', 'name': 'SARAK LIMITED'}]","2-4 Bucknall Street, London, WC2H 8LA",73120,,,
306,306,306,306,306,2093,2093,PRESS ENGINE LIMITED,11779526,active,ltd,2019-01-21,,"[{'ceased_on': '2019-02-04', 'effective_from': '2019-01-21', 'name': 'BIG LITTLE PR LIMITED'}]","Business Central 2 Union Square, Central Park, Darlington, DL1 1GL, England",96090,,,
307,307,307,307,307,2097,2097,PROELIUM STUDIOS LTD,10402651,active,ltd,2016-09-29,,"[{'ceased_on': '2019-11-26', 'effective_from': '2016-09-29', 'name': 'MAGIC MIRROR PARTIES LTD'}]","2e Accountants, Unit 11, Flamingo Court, 81 Crampton Street, London, SE17 3BF",58210,,,
308,308,308,308,308,2099,2099,PROJECT GAME CHANGER LTD,09533008,active,ltd,2015-04-09,,"[{'ceased_on': '2017-03-03', 'effective_from': '2015-04-09', 'name': 'DONT PAY MORE LTD'}]","2 Windle Park Abbey Road, Off Crank Road, St. Helens, Lancashire, WA11 7RG, England",47910; 62011,,,
309,309,309,309,309,2105,2105,PSYGNOSIS LIMITED,01039371,active,ltd,1972-01-21,,"[{'ceased_on': '1985-07-03', 'effective_from': '1972-01-21', 'name': 'ROBERT SMITH & SONS (ENGINEERS BIRKENHEAD) LIMITED'}]","10 Great Marlborough Street, London, W1F 7LP",82990,,,
310,310,310,310,310,2111,2111,PURE GAMES GROUP LTD,11563524,active,ltd,2018-09-11,,"[{'ceased_on': '2025-11-05', 'effective_from': '2018-09-11', 'name': 'PURE GAMES LIMITED'}]","46 Northumberland Avenue Northumberland Avenue, London, E12 5HA, United Kingdom",58210,,,
311,311,311,311,311,2117,2117,PYRA LIMITED,10709425,active,ltd,2017-04-04,,"[{'ceased_on': '2017-10-23', 'effective_from': '2017-04-04', 'name': 'AN00BIS GAMING LIMITED'}]","45-47 Cheapside, Spennymoor, DL16 6QF, England",93290,,,
312,312,312,312,312,2119,2119,QD EVENTS LIMITED,SC241462,active,ltd,2002-12-20,,"[{'ceased_on': '2007-05-23', 'effective_from': '2003-02-10', 'name': 'CLARION EVENTS SCOTLAND LIMITED '}, {'ceased_on': '2003-02-10', 'effective_from': '2002-12-20', 'name': 'DUNWILCO (1025) LIMITED'}]","Qd Events Limited, Scottish Event Campus, Glasgow, G3 8YW, Scotland",96090,,,
313,313,313,313,313,2123,2123,QUANTUM CAT LTD,14440048,active,ltd,2022-10-24,,"[{'ceased_on': '2022-11-14', 'effective_from': '2022-10-24', 'name': 'LIQUID CAT STUDIOS LTD'}]","66 Paul Street, London, EC2A 4NA, England",58210; 62011,,,
314,314,314,314,314,2124,2124,QUEEN MARY UNIVERSITY OF LONDON STUDENTS' UNION LIMITED,08092471,active,private-limited-guarant-nsc,2012-06-01,,"[{'ceased_on': '2018-04-20', 'effective_from': '2012-06-01', 'name': ""QUEEN MARY, UNIVERSITY OF LONDON STUDENTS' UNION""}]","Students' Union Hub, 329 Mile End Road, London, E1 4NT",94990,,,
315,315,315,315,315,2126,2126,QUEST ARTS INTERACTIVE LIMITED,06673860,active,ltd,2008-08-15,,"[{'ceased_on': '2010-11-01', 'effective_from': '2008-08-15', 'name': 'QUICK DOLPHIN LIMITED'}]","27 Underhill Crescent, Knighton, LD7 1DG, Wales",62011,,,
316,316,316,316,316,2160,2160,PUDDLERS LTD.,12547411,active,ltd,2020-04-06,,"[{'ceased_on': '2026-09-17', 'effective_from': '2020-04-06', 'name': 'REALFIT VR LTD'}]","36 Parkhill Road, Hemel Hempstead, HP1 1TP, England",62011; 62012; 62020,,,
317,317,317,317,317,2168,2168,REBELLION LIMITED,SC120259,active,ltd,1989-09-19,,"[{'ceased_on': '1989-11-09', 'effective_from': '1989-09-19', 'name': 'MALSIDE LIMITED'}]","27 Lauriston Street, Edinburgh, EH3 9DQ",74990; 90030,,,
318,318,318,318,318,2170,2170,REBELLION SOFTWARE LIMITED,04688527,active,ltd,2003-03-06,,"[{'ceased_on': '2003-12-04', 'effective_from': '2003-11-26', 'name': 'REBELLION SOFTWARE 2000 LIMITED '}, {'ceased_on': '2003-11-26', 'effective_from': '2003-03-06', 'name': 'SENTRIX SYSTEMS LIMITED'}]","Riverside House, Osney Mead, Oxford, OX2 0ES",58210; 62011,,,
319,319,319,319,319,2171,2171,REBELLION WARWICK LTD,07822337,active,ltd,2011-10-25,,"[{'ceased_on': '2019-07-01', 'effective_from': '2018-06-28', 'name': 'REBELLION (WARWICK) LTD'}, {'ceased_on': '2018-06-28', 'effective_from': '2013-09-24', 'name': 'RADIANT WORLDS LIMITED'}, {'ceased_on': '2013-09-24', 'effective_from': '2011-10-25', 'name': 'OLIVER TWINS LIMITED'}]","Riverside House, Osney Mead, Oxford, OX2 0ES, United Kingdom",62011,,,
320,320,320,320,320,2173,2173,REBOURNE STUDIOS LIMITED,08937755,active,ltd,2014-03-13,,"[{'ceased_on': '2014-11-21', 'effective_from': '2014-03-13', 'name': 'SKYBOURNE STUDIOS LIMITED'}]","11 Southerndown Road, Dudley, West Midlands, DY3 3NB, England",62011,,,
321,321,321,321,321,2174,2174,RECORD GAMES LTD,14410136,active,ltd,2022-10-11,,"[{'ceased_on': '2023-06-30', 'effective_from': '2022-10-11', 'name': 'ROB EDGINGTON GAMES LTD'}]","Preston Park House, South Road, Brighton, East Sussex, BN1 6SB, England",62011,,,
322,322,322,322,322,2180,2180,RED BULL MEDIA HOUSE UK LTD,05771018,active,ltd,2006-04-05,,"[{'ceased_on': '2012-06-08', 'effective_from': '2006-05-22', 'name': 'RED BULL RECORDS LIMITED'}, {'ceased_on': '2006-05-22', 'effective_from': '2006-04-05', 'name': 'MUTANDERIS 517 LIMITED'}]","Seven Dials Warehouse Seven Dials Warehouse, 42-56 Earlham Street, London, WC2H 9LA, England",82990,,,
323,323,323,323,323,2211,2211,REPLAYED GAMES LIMITED,16301789,active,ltd,2025-03-07,,"[{'ceased_on': '2025-08-19', 'effective_from': '2025-03-07', 'name': 'READYTO LTD'}]","167 - 169 Great Portland Street, 5th Floor, London, W1W 5PF, England",62011,,,
324,324,324,324,324,2219,2219,REVOLUTION SOFTWARE LIMITED,02484526,active,ltd,1990-03-23,,"[{'ceased_on': '1990-12-06', 'effective_from': '1990-03-23', 'name': 'TURNVALE LIMITED'}]","23 Ogleforth, York, North Yorkshire, YO1 7JG",58210; 62011; 90030,,,
325,325,325,325,325,2220,2220,REVOLGY UK LTD,08805310,active,ltd,2013-12-06,,"[{'ceased_on': '2018-07-03', 'effective_from': '2013-12-06', 'name': 'UKNETMAIL LTD'}]","Suite 126 Higham Hill Jsc, 313 Billet Road, London, E17 5PX",62020; 62090,,,
326,326,326,326,326,2232,2232,RIPSTONE LTD.,07489192,active,ltd,2011-01-11,,"[{'ceased_on': '2012-03-12', 'effective_from': '2011-04-27', 'name': 'REBELPLAY LTD'}, {'ceased_on': '2011-04-27', 'effective_from': '2011-01-11', 'name': 'GAMING INC LTD'}]","5 Myrtle Street, Liverpool, L7 7DN, England",58210; 62011,,,
327,327,327,327,327,2233,2233,RIRA GAMES LTD,17248137,active,ltd,2026-05-28,,"[{'ceased_on': '2026-06-05', 'effective_from': '2026-05-28', 'name': 'PHAT KAT GAMES LTD'}]","13 Judge Heath Lane, Hayes, UB3 2NY, England",58210,,,
328,328,328,328,328,2235,2235,RIVET GAMES LIMITED,SC605121,active,ltd,2018-08-13,,"[{'ceased_on': '2018-12-18', 'effective_from': '2018-08-13', 'name': 'THURSO SOFTWARE LIMITED'}]","131 Glasgow Road, Perth, PH2 0LU, Scotland",62011,,,
329,329,329,329,329,2248,2248,ROCKET SCIENCE CORPORATION (UK) LTD,14437277,active,ltd,2022-10-24,,"[{'ceased_on': '2022-11-04', 'effective_from': '2022-10-24', 'name': 'ROCKET SCIENCE CORPORATION LTD'}]","4th Floor Elgin House, 106-107 St Marys Street, Cardiff, CF10 1DX, United Kingdom",62011,,,
330,330,330,330,330,2250,2250,ROCKSTAR DUNDEE LIMITED,06574738,active,ltd,2008-04-23,,"[{'ceased_on': '2020-10-06', 'effective_from': '2008-04-23', 'name': 'RUFFIAN GAMES LIMITED'}]","7 Savoy Court, London, WC2R 0EX, United Kingdom",82990,,,
331,331,331,331,331,2251,2251,ROCKSTAR GAMES UK LIMITED,03312220,active,ltd,1997-02-04,,"[{'ceased_on': '2021-12-22', 'effective_from': '2002-05-30', 'name': 'ROCKSTAR NORTH LIMITED'}, {'ceased_on': '2002-05-30', 'effective_from': '2002-03-27', 'name': 'ROCKSTAR STUDIOS LIMITED'}, {'ceased_on': '2002-03-27', 'effective_from': '1997-04-10', 'name': 'DMA DESIGN LIMITED'}, {'ceased_on': '1997-04-10', 'effective_from': '1997-02-04', 'name': 'PINCO 900 LIMITED'}]","7 Savoy Court, London, WC2R 0EX, United Kingdom",58290,,,
332,332,332,332,332,2256,2256,ROCKWATER GAMES LTD,13548422,active,ltd,2021-08-04,,"[{'ceased_on': '2022-11-08', 'effective_from': '2021-08-04', 'name': 'RIPSTONE GAME STUDIOS (LIVERPOOL) LTD'}]","5 Myrtle Street, Liverpool, L7 7DN, England",62011,,,
333,333,333,333,333,2263,2263,ROOM 17 STUDIO LTD,10791672,active,ltd,2017-05-26,,"[{'ceased_on': '2022-06-15', 'effective_from': '2017-05-26', 'name': 'ROOM 17 GAMES LTD'}]","11 High Street, Ruddington, Nottingham, NG11 6DT, England",62011,,,
334,334,334,334,334,2269,2269,ROXOR GAMING LIMITED,11881927,active,ltd,2019-03-14,,"[{'ceased_on': '2019-07-12', 'effective_from': '2019-03-14', 'name': 'RABBITFOOT GAMES (UK) LIMITED'}]","27 Old Gloucester St, London, WC1N 3AX, United Kingdom",62011,,,
335,335,335,335,335,2272,2272,RSM UK GROUP LLP,OC325346,active,llp,2007-01-15,,"[{'ceased_on': '2015-10-26', 'effective_from': '2007-01-15', 'name': 'BAKER TILLY UK GROUP LLP'}]","6th Floor 25 Farringdon Street, London, EC4A 4AB",,,,
336,336,336,336,336,2273,2273,RSM UK MANAGEMENT LIMITED,03077999,active,ltd,1995-07-10,,"[{'ceased_on': '2018-03-02', 'effective_from': '2008-10-01', 'name': 'BAKER TILLY MANAGEMENT LIMITED'}, {'ceased_on': '2008-10-01', 'effective_from': '1995-07-10', 'name': 'BAKER TILLY SERVICES LIMITED'}]","6th Floor 25 Farringdon Street, London, EC4A 4AB",82990,,,
337,337,337,337,337,2289,2289,SACRIFICE GAMES LTD,16693151,active,ltd,2025-09-03,,"[{'ceased_on': '2026-03-20', 'effective_from': '2025-09-03', 'name': 'CHESS WAGER LTD'}]","115 Baker Street, London, W1U 6RT, England",58210; 62011; 63120; 93290,,,
338,338,338,338,338,2290,2290,SAD OWL STUDIOS LIMITED,13384882,active,ltd,2021-05-10,,"[{'ceased_on': '2022-11-15', 'effective_from': '2021-05-10', 'name': 'ROBOT TURTLE LIMITED'}]","102 Bromstone Road, Broadstairs, CT10 2HX, England",62011,,,
339,339,339,339,339,2291,2291,SALICA INVESTMENTS LIMITED,08760647,active,ltd,2013-11-04,,"[{'ceased_on': '2024-06-20', 'effective_from': '2013-11-04', 'name': 'HAMBRO PERKS LTD'}]","6-8 Greencoat Place, London, SW1P 1PL, United Kingdom",70229,,,
340,340,340,340,340,2296,2296,SALT STONE STUDIOS LTD,NI634766,active,ltd,2015-11-11,,"[{'ceased_on': '2024-10-10', 'effective_from': '2024-02-15', 'name': 'BELLULAR STUDIOS LTD'}, {'ceased_on': '2024-02-15', 'effective_from': '2015-11-11', 'name': 'COFFEE BOX GAMES LTD'}]","Aisling House, 50 Stranmillis Embankment, Belfast, BT9 5FL, Northern Ireland",62011,,,
341,341,341,341,341,2307,2307,SAPPHIRE REMAINCO LIMITED,07372832,active,ltd,2010-09-10,,"[{'ceased_on': '2025-06-17', 'effective_from': '2015-01-26', 'name': 'THE CHINESE ROOM LTD'}, {'ceased_on': '2015-01-26', 'effective_from': '2010-09-10', 'name': 'THECHINESEROOM LIMITED'}]","32 Jessops Riverside, Brightside Lane, Sheffield, S9 2RX, England",62011,,,
342,342,342,342,342,2312,2312,SAVAGE GAME GROUP LIMITED,10865746,active,ltd,2017-07-14,,"[{'ceased_on': '2017-08-16', 'effective_from': '2017-07-14', 'name': 'SAVAGE GAME DESIGN LIMITED'}]","Preston Park House, South Road, Brighton, BN1 6SB, England",62011,,,
343,343,343,343,343,2313,2313,SAVAGE GAME DESIGN LIMITED,10870879,active,ltd,2017-07-18,,"[{'ceased_on': '2017-08-16', 'effective_from': '2017-07-18', 'name': 'SAVAGE GAME GROUP LIMITED'}]","Preston Park House, South Road, Brighton, BN1 6SB, England",62011,,,
344,344,344,344,344,2323,2323,SCENEGRAPH STUDIOS LTD,10903302,active,ltd,2017-08-07,,"[{'ceased_on': '2018-05-16', 'effective_from': '2017-08-07', 'name': 'JET ENGINE TECHNOLOGIES LTD'}]","Pod 14 Start-Yard, 108 Church Street, Birkenhead, Wirral, CH41 5JA, United Kingdom",62011; 62090,,,
345,345,345,345,345,2324,2324,SCIENCE: GAMED LTD,09578994,active,ltd,2015-05-07,,"[{'ceased_on': '2017-09-07', 'effective_from': '2015-05-07', 'name': 'SCIENCE GAMING LIMITED'}]","62 White Lion Road, Amersham, HP7 9JS, England",58210; 62011,,,
346,346,346,346,346,2325,2325,SCI GAMES LIMITED,02201262,active,ltd,1987-12-01,,"[{'ceased_on': '2002-04-11', 'effective_from': '1994-04-11', 'name': 'SCI (SALES CURVE INTERACTIVE) LIMITED'}, {'ceased_on': '1994-04-11', 'effective_from': '1988-04-21', 'name': 'THE SALES CURVE LIMITED'}, {'ceased_on': '1988-04-21', 'effective_from': '1987-12-01', 'name': 'MAINDRELL LIMITED'}]","C/O Square Enix Ltd, 240 Blackfriars Road, London, SE1 8NW, England",58210,,,
347,347,347,347,347,2329,2329,SCREEN BURN INTERACTIVE LIMITED,SC500575,active,ltd,2015-03-16,,"[{'ceased_on': '2025-07-23', 'effective_from': '2015-03-16', 'name': 'NO CODE LIMITED'}]","243 West George Street, Glasgow, G2 4QE, Scotland",62011,,,
348,348,348,348,348,2335,2335,SECOND RIVER GAMES LTD,16705965,active,ltd,2025-09-09,,"[{'ceased_on': '2026-07-21', 'effective_from': '2025-09-09', 'name': 'MINDFUL CLOUD GAMES LTD'}]","Unit A, 82 James Carter Road, Mildenhall, IP28 7DE, United Kingdom",58210; 62011; 62012,,,
349,349,349,349,349,2339,2339,SEGA EUROPE LIMITED,01669057,active,ltd,1982-10-04,,"[{'ceased_on': '1991-09-03', 'effective_from': '1989-10-17', 'name': 'VIRGIN MASTERTRONIC LIMITED'}, {'ceased_on': '1989-10-17', 'effective_from': '1988-06-23', 'name': 'VIRGIN GAMES LIMITED'}, {'ceased_on': '1988-06-23', 'effective_from': '1987-04-22', 'name': 'VIRGIN INTERACTIVE PUBLISHING LIMITED'}, {'ceased_on': '1987-04-22', 'effective_from': '1983-02-21', 'name': 'VIRGIN GAMES LIMITED'}, {'ceased_on': '1983-02-21', 'effective_from': '1982-10-04', 'name': 'STOCKMAROON LIMITED'}]","Building 12 Chiswick Business Park, 566 Chiswick High Road, London, W4 5AN, England",96090,,,
350,350,350,350,350,2348,2348,SERVICES ALM LTD,14236016,active,ltd,2022-07-15,,"[{'ceased_on': '2023-08-11', 'effective_from': '2022-07-15', 'name': 'ALM ENTERTAINMENT LIMITED'}]","20 Rose Tree Grove, New Earswick, York, YO32 4AX, England",43999; 46730; 82990,,,
351,351,351,351,351,2357,2357,SHARKBOWL GAMES LTD,10898873,active,ltd,2017-08-03,,"[{'ceased_on': '2018-01-02', 'effective_from': '2017-08-03', 'name': 'SHARK BOWL GAMES LTD'}]","55 Cooks Road, London, SE17 3NG, United Kingdom",62011,,,
352,352,352,352,352,2362,2362,SHELDON RESEARCH LTD,14206452,active,ltd,2022-06-30,,"[{'ceased_on': '2026-05-15', 'effective_from': '2026-01-07', 'name': 'BOT RESEARCH LTD'}, {'ceased_on': '2026-01-07', 'effective_from': '2022-06-30', 'name': 'PAVIA GAMES LTD'}]","Seven Grange Lane, Pitsford, Northampton, NN6 9AP, England",62011; 62020,,,
353,353,353,353,353,2364,2364,SHERIMEDIA LTD,11210550,active,ltd,2018-02-16,,"[{'ceased_on': '2018-02-23', 'effective_from': '2018-02-16', 'name': 'DOUBLE JUMP MARKETING LTD'}]","102 Bromstone Road, Broadstairs, CT10 2HX, England",70210; 70229,,,
354,354,354,354,354,2392,2392,SIM155 LIMITED,05722013,active,ltd,2006-02-27,,"[{'ceased_on': '2014-12-24', 'effective_from': '2006-02-27', 'name': 'SCIOSOCCER LIMITED'}]","38 Westminster Oval, Norton, TS20 1UX",62011,,,
355,355,355,355,355,2397,2397,SINGER INTERACTIVE LIMITED,03664349,active,ltd,1998-11-09,,"[{'ceased_on': '2021-09-07', 'effective_from': '2017-04-05', 'name': 'SINGER FILMS ENTERTAINMENT LIMITED'}, {'ceased_on': '2017-04-05', 'effective_from': '1998-11-09', 'name': 'BARRIER HYGIENE LIMITED'}]","Preston Park House, South Road, Brighton, East Sussex, BN1 6SB, England",59111,,,
356,356,356,356,356,2404,2404,SIZE FIVE GAMES LIMITED,06777512,active,ltd,2008-12-19,,"[{'ceased_on': '2011-05-18', 'effective_from': '2008-12-19', 'name': 'ZOMBIE COW STUDIOS LIMITED'}]","6, Round Chimneys, Glanvilles Wootton, Sherborne, Dorset, DT9 5QQ",62011,,,
357,357,357,357,357,2405,2405,SKC STUDIOS LIMITED,12042744,active,ltd,2019-06-10,,"[{'ceased_on': '2025-10-07', 'effective_from': '2019-06-10', 'name': 'SKC GAMES STUDIO LIMITED'}]","The Epicentre Enterprise Way, Withersfield, Haverhill, CB9 7LR, England",58210,,,
358,358,358,358,358,2413,2413,SKYHOOK GAMES STUDIO LTD,06289588,active,ltd,2007-06-22,,"[{'ceased_on': '2014-06-24', 'effective_from': '2007-06-22', 'name': 'PRESENTWISE LIMITED'}]","Studio H, Digital House, 44 Simpson Street, Liverpool, L1 0AX, England",62012,,,
359,359,359,359,359,2417,2417,SKYROCKET U.K. LIMITED,04840993,active,ltd,2003-07-22,,"[{'ceased_on': '2019-02-27', 'effective_from': '2004-03-02', 'name': 'HOTGEN LIMITED'}, {'ceased_on': '2004-03-02', 'effective_from': '2003-07-22', 'name': 'NETHEROCK LIMITED'}]","Airport House Suite 43 - 45, Purley Way, Croydon, Surrey, CR0 0XZ, United Kingdom",82990,,,
360,360,360,360,360,2428,2428,SLIGHTLY MAD STUDIOS LIMITED,06552778,active,ltd,2008-04-02,,"[{'ceased_on': '2008-12-04', 'effective_from': '2008-12-03', 'name': 'BLUE DAWN GAMES LIMITED'}, {'ceased_on': '2008-12-03', 'effective_from': '2008-04-02', 'name': 'SLIGHTLY MAD STUDIOS LIMITED'}]","Onslow House, Onslow Street, Guildford, Surrey, GU1 4TN, United Kingdom",62090,,,
361,361,361,361,361,2436,2436,SMART INTERACTIVE LTD,05318923,active,ltd,2004-12-22,,"[{'ceased_on': '2009-10-11', 'effective_from': '2006-10-24', 'name': 'SMART PRESENTATIONS LTD'}, {'ceased_on': '2006-10-24', 'effective_from': '2004-12-22', 'name': 'FIRST4FLASH LIMITED'}]","3 Church Lane, Bradley, Grimsby, DN37 0AB, England",62011,,,
362,362,362,362,362,2440,2440,SMOKE & MIRRORS LTD.,13707480,active,ltd,2021-10-27,,"[{'ceased_on': '2025-05-13', 'effective_from': '2021-10-27', 'name': 'SMOKE & MIRRORS GAMES LTD'}]","4 Stoke Newington High Street, Flat B, London, N16 7PL, England",62011,,,
363,363,363,363,363,2447,2447,SNAPPY MEDIA LTD,11708878,active,ltd,2018-12-03,,"[{'ceased_on': '2023-02-24', 'effective_from': '2018-12-03', 'name': 'SNAPPY GAMES LIMITED'}]","71 - 75 Shelton Street, Covent Garden, London, WC2H 9JQ, England",58210,,,
364,364,364,364,364,2448,2448,SNEAK PREVIEW E-COMMERCE DEVELOPMENT LTD,10694842,active,ltd,2017-03-28,,"[{'ceased_on': '2025-04-30', 'effective_from': '2017-03-28', 'name': 'FEZ DIGITAL LIMITED'}]","1 Glen Cottages, Allendale, Hexham, NE47 9QN, England",62011,,,
365,365,365,365,365,2454,2454,SOLD OUT SALES & MARKETING LIMITED,06989121,active,ltd,2009-08-12,,"[{'ceased_on': '2013-11-25', 'effective_from': '2009-08-12', 'name': 'INTERNATIONAL BUSINESS NINJAS SALES & MARKETING LIMITED'}]","Second Floor, 3 Dorset Rise, London, EC4Y 8EN, United Kingdom",82990,,,
366,366,366,366,366,2461,2461,SONA INSURANCE SOLUTIONS LTD,12300506,active,ltd,2019-11-06,,"[{'ceased_on': '2023-07-17', 'effective_from': '2020-08-06', 'name': 'POZITIVE INSURANCE SOLUTIONS LTD'}, {'ceased_on': '2020-08-06', 'effective_from': '2019-11-06', 'name': 'POZITIVE INSURE LTD'}]","The Innovation Centre Knowledge Gateway, Boundary Road, Colchester, Essex, CO4 3ZQ, England",66220,,,
367,367,367,367,367,2463,2463,SONY DADC UK LIMITED,05640889,active,ltd,2005-11-30,,"[{'ceased_on': '2021-03-28', 'effective_from': '2017-05-02', 'name': 'SONY DADC EUROPE LIMITED'}, {'ceased_on': '2017-05-02', 'effective_from': '2006-05-18', 'name': 'SONY DADC UK LIMITED'}, {'ceased_on': '2006-05-18', 'effective_from': '2005-11-30', 'name': 'MUTANDERIS 513 LIMITED'}]","C/O Company Secretarial Dept, 280 Bishopsgate, London, EC2M 4AG, United Kingdom",18201; 18202; 26800; 52103,,,
368,368,368,368,368,2464,2464,SONY INTERACTIVE ENTERTAINMENT DIRECT EUROPE LIMITED,03754597,active,ltd,1999-04-20,,"[{'ceased_on': '2021-06-15', 'effective_from': '1999-07-07', 'name': 'EVOLUTION STUDIOS LIMITED'}, {'ceased_on': '1999-07-07', 'effective_from': '1999-04-20', 'name': 'TWINNEXT LIMITED'}]","10 Great Marlborough Street, London, W1F 7LP",62020; 62090; 63110,,,
369,369,369,369,369,2465,2465,SONY INTERACTIVE ENTERTAINMENT UK LIMITED,02829355,active,ltd,1993-06-22,,"[{'ceased_on': '2016-07-29', 'effective_from': '1998-04-01', 'name': 'SONY COMPUTER ENTERTAINMENT UK LIMITED'}, {'ceased_on': '1998-04-01', 'effective_from': '1993-08-25', 'name': 'SONY ELECTRONIC PUBLISHING LIMITED'}, {'ceased_on': '1993-08-25', 'effective_from': '1993-06-22', 'name': 'BANNERWARE LIMITED'}]","10 Great Marlborough Street, London, W1F 7LP",58190,,,
370,370,370,370,370,2466,2466,SONY INTERACTIVE ENTERTAINMENT EUROPE LIMITED,03277793,active,ltd,1996-11-13,,"[{'ceased_on': '2016-07-29', 'effective_from': '1996-11-25', 'name': 'SONY COMPUTER ENTERTAINMENT EUROPE LIMITED'}, {'ceased_on': '1996-11-25', 'effective_from': '1996-11-13', 'name': 'ELECTROCORP LIMITED'}]","10 Great Marlborough Street, London, W1F 7LP",62090,,,
371,371,371,371,371,2471,2471,SOUL ASSEMBLY LTD,12509624,active,ltd,2020-03-10,,"[{'ceased_on': '2022-05-17', 'effective_from': '2020-03-10', 'name': 'PIXEL TOYS GAMES LTD'}]","Regent Square House, Regent Street, Leamington Spa, Warwickshire, CV32 4NS, United Kingdom",62011,,,
372,372,372,372,372,2476,2476,SOUNDCUTS LTD,07906519,active,ltd,2012-01-11,,"[{'ceased_on': '2012-02-09', 'effective_from': '2012-01-11', 'name': 'SOUND CUTS LTD'}]","64 Abbey Road, Chertsey, KT16 8NG, England",59200; 74909,,,
373,373,373,373,373,2478,2478,SPACE APE GAMES (UK) LTD,07956131,active,ltd,2012-02-20,,"[{'ceased_on': '2012-06-06', 'effective_from': '2012-02-20', 'name': 'BETSNAP LTD'}]","First Floor, 100 New Oxford Street, London, WC1A 1HB, United Kingdom",58290; 93290,,,
374,374,374,374,374,2494,2494,SPORTS INTERACTIVE LIMITED,02950954,active,ltd,1994-07-21,,"[{'ceased_on': '1994-11-09', 'effective_from': '1994-07-21', 'name': 'IMAGECHARM LIMITED'}]","Building 12 Chiswick Business Park, 566 Chiswick High Road, London, W4 5AN, England",96090,,,
375,375,375,375,375,2495,2495,SPORTY GAMES LIMITED,05145293,active,ltd,2004-06-04,,"[{'ceased_on': '2026-04-30', 'effective_from': '2004-06-04', 'name': 'TOWER STUDIOS LIMITED'}]","C/O Hns Accountants Limited 79 College Road,, Regus,, Harrow,, HA1 1BD, United Kingdom",62012,,,
376,376,376,376,376,2501,2501,SQUARE ENIX LIMITED,01804186,active,ltd,1984-03-29,,"[{'ceased_on': '2009-11-09', 'effective_from': '1996-05-31', 'name': 'EIDOS INTERACTIVE LIMITED'}, {'ceased_on': '1996-05-31', 'effective_from': '1990-10-26', 'name': 'DOMARK GROUP LIMITED'}, {'ceased_on': '1990-10-26', 'effective_from': '1984-05-11', 'name': 'DOMARK LIMITED'}, {'ceased_on': '1984-05-11', 'effective_from': '1984-03-29', 'name': 'ANTROCROWN LIMITED'}]","240 Blackfriars Road, London, SE1 8NW",58210,,,
377,377,377,377,377,2507,2507,STAINLESS GAMES LIMITED,04297229,active,ltd,2001-10-02,,"[{'ceased_on': '2002-04-23', 'effective_from': '2001-10-02', 'name': 'ACTION MERCURY LIMITED'}]","130 -132 High Street, Newport, Isle Of Wight, PO30 1TP",62011,,,
378,378,378,378,378,2514,2514,STARRY HOLLOW GAMES LTD,09726963,active,ltd,2015-08-11,,"[{'ceased_on': '2023-07-31', 'effective_from': '2015-08-11', 'name': 'DINOBYTE LTD'}]","7 Bell Yard, London, WC2A 2JR, England",62011; 62020; 62090,,,
379,379,379,379,379,2518,2518,STEEL MEDIA LIMITED,04352070,active,ltd,2002-01-14,,"[{'ceased_on': '2006-03-15', 'effective_from': '2005-09-08', 'name': 'POCKET POWER MEDIA LIMITED'}, {'ceased_on': '2005-09-08', 'effective_from': '2002-01-14', 'name': 'HOT PUDDING PRODUCTIONS LIMITED '}]","Northgate House, Upper Borough Walls, Bath, BA1 1RG, England",58142; 82302,,,
380,380,380,380,380,2520,2520,STELLAR DIGITAL LTD,16571407,active,ltd,2025-07-09,,"[{'ceased_on': '2025-09-16', 'effective_from': '2025-07-09', 'name': 'STELLAR DIGITAL LIMITED'}]","71-75 Shelton Street, London, WC2H 9JQ, England",58210; 62011,,,
381,381,381,381,381,2531,2531,STONECAT COLLECTIVE LTD,11573851,active,ltd,2018-09-18,,"[{'ceased_on': '2024-02-07', 'effective_from': '2018-09-18', 'name': 'STONE BAKED GAMES LTD'}]","4 John Martin Gardens, Standish, Stonehouse, Gloucestershire, GL10 3WB, England",59112; 62012; 90030,,,
382,382,382,382,382,2543,2543,STRANGE MOON DIGITAL LTD,11574723,active,ltd,2018-09-18,,"[{'ceased_on': '2023-06-28', 'effective_from': '2018-09-18', 'name': 'LYRELARK LTD'}]","Apartment 5, Westlegate Tower, Apartment 5, Westlegate Tower, 14-18 Westlegate, Norwich, Norfolk, NR1 3LJ, England",58210; 62011; 62012; 90030,,,
383,383,383,383,383,2544,2544,STRANGELY NAMED LIMITED,07878274,active,ltd,2011-12-12,,"[{'ceased_on': '2015-07-07', 'effective_from': '2011-12-12', 'name': 'LUDOPHOBIA LTD'}]","C/O Xeinadin, First Floor, Secure House, Lulworth Close,, Chandler's Ford, Hampshire, SO53 3TL, England",62090,,,
384,384,384,384,384,2547,2547,STRATEGY FIRST LTD.,03366345,active,ltd,1997-05-07,,"[{'ceased_on': '2003-08-21', 'effective_from': '1997-05-07', 'name': 'DOG HOUSE DEVELOPMENTS LIMITED'}]","1 Thorold Road, Farnham, Surrey, GU9 7JY",70100,,,
385,385,385,385,385,2561,2561,STUDIOTYPES LTD,10308495,active,ltd,2016-08-02,,"[{'ceased_on': '2016-08-25', 'effective_from': '2016-08-02', 'name': 'NEON GAMING LTD'}]","10 Pierremont Crescent, Darlington, DL3 9PA, England",78109; 78200; 78300,,,
386,386,386,386,386,2570,2570,SUMO DIGITAL (GENUS) LIMITED,09771556,active,ltd,2015-09-10,,"[{'ceased_on': '2016-07-28', 'effective_from': '2015-09-10', 'name': 'AGHOCO 1335 LIMITED'}]","32 Jessops Riverside, Brightside Lane, Sheffield, S9 2RX, United Kingdom",62011,,,
387,387,387,387,387,2572,2572,SUMO GAMES DEVELOPMENT LIMITED,09784367,active,ltd,2015-09-18,,"[{'ceased_on': '2019-03-07', 'effective_from': '2015-10-15', 'name': 'RIVERSIDE GAMES LIMITED'}, {'ceased_on': '2015-10-15', 'effective_from': '2015-09-18', 'name': 'AGHOCO 1339 LIMITED'}]","32 Jessops Riverside, Brightside Lane, Sheffield, S9 2RX, United Kingdom",62011,,,
388,388,388,388,388,2573,2573,SUMO GROUP LIMITED,11071913,active,ltd,2017-11-20,,"[{'ceased_on': '2022-01-28', 'effective_from': '2017-12-14', 'name': 'SUMO GROUP PLC'}, {'ceased_on': '2017-12-14', 'effective_from': '2017-12-14', 'name': 'SUMO GROUP LIMITED'}, {'ceased_on': '2017-12-14', 'effective_from': '2017-11-20', 'name': 'AGHOCO 1611 LIMITED'}]","32 Jessops Riverside, Brightside Lane, Sheffield, S9 2RX, England",62011; 62090,,,
389,389,389,389,389,2577,2577,SUPERCELL UK LTD,11708306,active,ltd,2018-12-03,,"[{'ceased_on': '2025-10-22', 'effective_from': '2018-12-03', 'name': 'SPACE APE LIMITED'}]","First Floor 100 New Oxford Street, London, WC1A 1HB, United Kingdom",62011,,,
390,390,390,390,390,2582,2582,SUPERMASSIVE GAMES LIMITED,06096443,active,ltd,2007-02-12,,"[{'ceased_on': '2007-04-25', 'effective_from': '2007-02-12', 'name': 'BLAKEDEW 655 LIMITED'}]","New Kings Court Tollgate, Chandler's Ford, Eastleigh, Hampshire, SO53 3LG",62011,,,
391,391,391,391,391,2586,2586,SUPERNAUT STUDIO LTD,10386290,active,ltd,2016-09-20,,"[{'ceased_on': '2019-11-21', 'effective_from': '2016-09-20', 'name': 'MIKE CREATIVE LTD'}]","2nd Floor Sterling House, Langston Road, Loughton, IG10 3TS, England",74100,,,
392,392,392,392,392,2618,2618,TAKE TWO INTERACTIVE SOFTWARE EUROPE LIMITED,02739756,active,ltd,1992-08-14,,"[{'ceased_on': '1997-08-01', 'effective_from': '1993-02-15', 'name': 'GAMETEK (UK) LIMITED'}, {'ceased_on': '1993-02-15', 'effective_from': '1992-08-14', 'name': 'MARBLECROFT LIMITED'}]","7 Savoy Court, London, WC2R 0EX, United Kingdom",58290,,,
393,393,393,393,393,2620,2620,TAI CHI ELEMENTS LTD,08299988,active,ltd,2012-11-20,,"[{'ceased_on': '2023-09-29', 'effective_from': '2012-11-20', 'name': 'THE MUSKET33RS LTD'}]","1 Tor View Chapel Road, Foxhole, St. Austell, PL26 7UG, England",58210; 62011; 62012; 72200,,,
394,394,394,394,394,2626,2626,TALEWIND LIMITED,13199208,active,ltd,2021-02-12,,"[{'ceased_on': '2021-09-06', 'effective_from': '2021-02-12', 'name': 'TREEDEN LIMITED'}]","27 Maxwell Road, Bournemouth, Dorset, BH9 1DQ, England",74909,,,
395,395,395,395,395,2628,2628,TALL TALE GAMES LTD,11593903,active,ltd,2018-09-28,,"[{'ceased_on': '2023-03-30', 'effective_from': '2018-09-28', 'name': 'TELLTALE GAMES LTD'}]","163 Herne Hill, London, SE24 9LR, England",62011,,,
396,396,396,396,396,2633,2633,TAPTAPBOOM LTD,07089868,active,ltd,2009-11-28,,"[{'ceased_on': '2012-03-01', 'effective_from': '2009-11-28', 'name': 'BRIGHTON7 LTD'}]","3 Warwick Drive, Atherstone, Warwickshire, CV9 3AS",62011,,,
397,397,397,397,397,2638,2638,TEAM 17 DIGITAL LIMITED,02621976,active,ltd,1991-06-19,,"[{'ceased_on': '2012-06-12', 'effective_from': '1991-06-19', 'name': 'TEAM 17 SOFTWARE LIMITED'}]","3 Red Hall Avenue, Paragon Business Park, Wakefield, WF1 2UL, England",62011,,,
398,398,398,398,398,2639,2639,TEAM MANGO MILK LIMITED,16873582,active,ltd,2025-11-25,,"[{'ceased_on': '2026-06-05', 'effective_from': '2025-11-25', 'name': 'BYTESIZED MEDIA LIMITED'}]","71-75 Shelton Street, Covent Garden, London, WC2H 9JQ, United Kingdom",58210; 62011; 62020; 62090,,,
399,399,399,399,399,2649,2649,TELEGAMES LIMITED,02243250,active,ltd,1988-04-11,,"[{'ceased_on': '1988-09-09', 'effective_from': '1988-04-11', 'name': 'LOOKSPIN LIMITED'}]","Christopher House, 94b London Road, Leicester, LE2 0QS",47910,,,
400,400,400,400,400,2651,2651,TENSHI PARTNERS LLP,OC353605,active,llp,2010-03-25,,"[{'ceased_on': '2014-04-15', 'effective_from': '2010-03-25', 'name': 'TENSHI VENTURES LLP'}]","Old Chapel House Lyburn Road, Hamptworth, Salisbury, SP5 2DR, England",,,,
401,401,401,401,401,2660,2660,TESTRONIC LABORATORIES LIMITED,03414065,active,ltd,1997-08-04,,"[{'ceased_on': '1998-06-05', 'effective_from': '1997-08-04', 'name': 'TESTRONIC LIMITED'}]","Suffolk House, George Street, Croydon, CR0 1PE, England",62090,,,
402,402,402,402,402,2666,2666,THE CREATIVE ASSEMBLY LIMITED,03425917,active,ltd,1997-08-28,,"[{'ceased_on': '1997-09-05', 'effective_from': '1997-08-28', 'name': 'TAWPIA LIMITED'}]","Building 12 Chiswick Business Park, 566 Chiswick High Road, London, W4 5AN, England",62011,,,
403,403,403,403,403,2668,2668,THE DAIRYMEN LTD,04078295,active,ltd,2000-09-26,,"[{'ceased_on': '2017-10-12', 'effective_from': '2000-09-26', 'name': 'REALITY FOOTBALL LIMITED'}]","St Georges House, George Street, Huntingdon, PE29 3GH, England",58210,,,
404,404,404,404,404,2671,2671,THEDIGITAL LTD,09175720,active,ltd,2014-08-14,,"[{'ceased_on': '2016-02-24', 'effective_from': '2016-02-23', 'name': 'THE D1G1TAL LTD'}, {'ceased_on': '2016-02-23', 'effective_from': '2014-08-14', 'name': 'PORTOBELLO DIGITAL LIMITED'}]","4th Floor, Silverstream House, 45 Fitzroy Street, Fitzrovia, London, W1T 6EB, England",58210; 59111; 59113; 62011,,,
405,405,405,405,405,2686,2686,THE MULTIPLAYER GROUP LTD,11254980,active,ltd,2018-03-14,,"[{'ceased_on': '2022-02-10', 'effective_from': '2018-03-14', 'name': 'THE MULTIPLAYER GUYS LTD'}]","4th Floor 110 High Holborn, London, WC1V 6JS, England",62011,,,
406,406,406,406,406,2689,2689,THE PRODUCERS LIMITED,08901690,active,ltd,2014-02-19,,"[{'ceased_on': '2016-06-10', 'effective_from': '2014-02-19', 'name': 'LONGMENTOR LTD'}]","The Barn House, Marston Meysey, Swindon, Wilts, SN6 6LQ",58210,,,
407,407,407,407,407,2690,2690,THE SECRET GAMES COMPANY LIMITED,08073100,active,ltd,2012-05-17,,"[{'ceased_on': '2015-03-03', 'effective_from': '2012-05-17', 'name': 'THE SECRET GAME COMPANY LIMITED'}]","Preston Park House, South Road, Brighton, East Sussex, BN1 6SB, United Kingdom",62011,,,
408,408,408,408,408,2696,2696,THE UK INTERACTIVE ENTERTAINMENT ASSOCIATION LIMITED,02420400,active,private-limited-guarant-nsc,1989-09-06,,"[{'ceased_on': '2010-03-22', 'effective_from': '2002-10-07', 'name': 'ENTERTAINMENT & LEISURE SOFTWARE PUBLISHERS ASSOCIATION LIMITED'}, {'ceased_on': '2002-10-07', 'effective_from': '1996-02-13', 'name': 'THE EUROPEAN LEISURE SOFTWARE PUBLISHERS ASSOCIATION (UK) LTD.'}, {'ceased_on': '1996-02-13', 'effective_from': '1989-09-06', 'name': 'EUROPEAN LEISURE SOFTWARE PUBLISHERS ASSOCIATION LIMITED'}]","Lower Ground Floor Black Bull Yard 18a, 24 -28 Hatton Wall, London, EC1N 8JH, England",94110,,,
409,409,409,409,409,2697,2697,THE UNIVERSITY OF CHICHESTER,04740553,active,private-limited-guarant-nsc-limited-exemption,2003-04-22,,"[{'ceased_on': '2006-01-06', 'effective_from': '2003-04-22', 'name': 'UNIVERSITY COLLEGE CHICHESTER'}]","Bishop Otter Campus, College Lane, Chichester, West Sussex, PO19 6PE",85421; 85422,,,
410,410,410,410,410,2700,2700,THE WALT DISNEY COMPANY LIMITED,00530051,active,ltd,1954-03-08,,"[{'ceased_on': '2022-10-05', 'effective_from': '2022-10-05', 'name': 'THE WALT DISNEY COMPANY LIMITED LIMITED'}, {'ceased_on': '2022-10-05', 'effective_from': '1987-04-08', 'name': 'WALT DISNEY COMPANY LIMITED(THE)'}, {'ceased_on': '1987-04-08', 'effective_from': '1954-03-08', 'name': 'WALT DISNEY PRODUCTIONS LIMITED '}]","3 Queen Caroline Street, Hammersmith, London, W6 9PE",90030,,,
411,411,411,411,411,2708,2708,THORIUMCUBE OPERATIONS LTD,13860322,dissolved,ltd,2022-01-20,2026-09-01,"[{'ceased_on': '2024-02-06', 'effective_from': '2022-01-20', 'name': 'THORIUMCUBE LTD'}]","Lytchett House Unit 13 Freeland Park, Wareham Road, Lytchett Matravers, Poole, Dorset, BH16 6FA, England",62011; 62012; 62090; 63110,,,
412,412,412,412,412,2716,2716,THUNDERCLAP INTERACTIVE LTD,10194453,active,ltd,2016-05-23,,"[{'ceased_on': '2020-10-03', 'effective_from': '2016-05-23', 'name': 'THUNDERCLAP PUBLISHING LTD'}]","124 City Road, London, London, EC1V 2NX, United Kingdom",62011,,,
413,413,413,413,413,2717,2717,THUNDERFUL GAMES LIMITED,05252507,active,ltd,2004-10-06,,"[{'ceased_on': '2023-09-23', 'effective_from': '2004-10-06', 'name': 'RISING STAR GAMES LIMITED'}]","260 - 270 Butterfield, Great Marlings, Luton, Bedfordshire, LU2 8DL, England",58210,,,
414,414,414,414,414,2724,2724,TIGER DEVELOPMENTS (ENTERTAINMENT) LIMITED,02281922,active,ltd,1988-07-29,,"[{'ceased_on': '1988-10-10', 'effective_from': '1988-07-29', 'name': 'FLAIRSPACE LIMITED'}]","The Studios, Colorado Way, Castleford, West Yorkshire, WF10 4TA",62011,,,
415,415,415,415,415,2731,2731,TINYGOOSE LTD,10285773,active,ltd,2016-07-19,,"[{'ceased_on': '2016-11-15', 'effective_from': '2016-07-19', 'name': 'JAVAWAG LTD'}]","7 Bell Yard, London, WC2A 2JR, England",58210; 62011,,,
416,416,416,416,416,2745,2745,TONIC GAMES LIMITED,09882916,active,ltd,2015-11-20,,"[{'ceased_on': '2019-08-15', 'effective_from': '2015-11-20', 'name': 'MEDIATONIC HOLDINGS LIMITED'}]","C/O Shepherd And Wedderburn Llp, 1-6 Lombard Street, London, EC3V 9AA, England",62011,,,
417,417,417,417,417,2754,2754,TOUCH MECHANICS LIMITED,05035136,active,ltd,2004-02-05,,"[{'ceased_on': '2006-08-21', 'effective_from': '2004-02-05', 'name': 'SERIES ONE SOFTWARE LIMITED'}]","Room 5, Graphic House, Druid Street, Hinckley, LE10 1QH, England",62011,,,
418,418,418,418,418,2770,2770,TRICKJUMP GAMES LIMITED,10764104,active,ltd,2017-05-10,,"[{'ceased_on': '2017-11-28', 'effective_from': '2017-05-10', 'name': 'ELEPHANTINE STUDIOS LIMITED'}]","Unit 2a Railway Triangle Industrial Estate, Dorchester, DT1 2PJ, England",62011,,,
419,419,419,419,419,2772,2772,TRIGPOINT GAMES LTD,11136947,active,ltd,2018-01-08,,"[{'ceased_on': '2022-09-16', 'effective_from': '2018-01-08', 'name': 'ARCHWAY INTERACTIVE LTD'}]","12 Burr Tree Garth, Colton, Leeds, West Yorkshire, LS15 9EE, United Kingdom",62011,,,
420,420,420,420,420,2781,2781,TRIUMPH GAMES LTD,11767850,active,ltd,2019-01-15,,"[{'ceased_on': '2019-04-04', 'effective_from': '2019-01-15', 'name': 'BATTLE RISE GAMES LIMITED'}]","163 Herne Hill, London, SE24 9LR, England",62011,,,
421,421,421,421,421,2788,2788,TT GAMES LIMITED,05340126,active,ltd,2005-01-24,,"[{'ceased_on': '2005-02-24', 'effective_from': '2005-01-24', 'name': 'BEALAW(MAN)4 LIMITED'}]","Chiswick Park Building 2, 566 Chiswick High Road, London, W4 5YB, England",70100,,,
422,422,422,422,422,2789,2789,TT GAMES STUDIOS LIMITED,03149992,active,ltd,1996-01-23,,"[{'ceased_on': '2018-12-11', 'effective_from': '1996-03-15', 'name': 'TRAVELLERS TALES (UK) LIMITED'}, {'ceased_on': '1996-03-15', 'effective_from': '1996-01-23', 'name': 'CURRENTCLASS LIMITED'}]","Chiswick Park Building 2, 566 Chiswick High Road, London, W4 5YB, England",62090,,,
423,423,423,423,423,2802,2802,TWO TAILS LTD,07219353,active,ltd,2010-04-11,,"[{'ceased_on': '2013-09-09', 'effective_from': '2010-04-11', 'name': 'ONIMOBI LIMITED'}]","10 Heron Drive, Witney, Oxfordshire, OX28 6NP, United Kingdom",58210; 62011; 62012,,,
424,424,424,424,424,2804,2804,UBISOFT LIMITED,02409000,active,ltd,1989-07-28,,"[{'ceased_on': '2003-12-02', 'effective_from': '1997-09-19', 'name': 'UBI SOFT ENTERTAINMENT LIMITED'}, {'ceased_on': '1997-09-19', 'effective_from': '1989-07-28', 'name': 'UBI SOFT LIMITED'}]","Forge, Church Street West, Woking, Surrey, GU21 6HT, England",58210,,,
425,425,425,425,425,2806,2806,UBISOFT REFLECTIONS LIMITED,05785442,active,ltd,2006-04-19,,"[{'ceased_on': '2012-03-06', 'effective_from': '2006-05-23', 'name': 'UBISOFT ENTERTAINMENT LIMITED'}, {'ceased_on': '2006-05-23', 'effective_from': '2006-04-19', 'name': 'MUNDAYS (797) LIMITED'}]","2nd Floor, Partnership House, Regent Farm Road, Newcastle Upon Tyne, Tyne And Wear, NE3 3AF, United Kingdom",62011,,,
426,426,426,426,426,2813,2813,ULTRALEAP LIMITED,08781720,active,ltd,2013-11-19,,"[{'ceased_on': '2019-09-18', 'effective_from': '2013-11-19', 'name': 'ULTRAHAPTICS LIMITED'}]","326/327 Stean Street, London, E8 4ED, United Kingdom",62012; 62090,,,
427,427,427,427,427,2817,2817,UNEXPECTED DEVELOPMENTS LTD,10460240,active,ltd,2016-11-03,,"[{'ceased_on': '2017-03-10', 'effective_from': '2016-11-03', 'name': 'NINJAR HOLDINGS LIMITED'}]","Fenchurch House, 12 King Street, Nottingham, NG1 2AS, England",62011,,,
428,428,428,428,428,2821,2821,UNIVERSALLY SPEAKING LIMITED,05431888,active,ltd,2005-04-21,,"[{'ceased_on': '2008-08-28', 'effective_from': '2005-04-21', 'name': 'PARTNERTRANS UK LIMITED'}]","Knowledge Centre, Wyboston Lakes, Wyboston, Bedfordshire, MK44 3BY, England",58290,,,
429,429,429,429,429,2822,2822,LONDON AND SOUTH EAST UNIVERSITY GROUP,00986729,active,private-limited-guarant-nsc,1970-08-12,,"[{'ceased_on': '2026-07-31', 'effective_from': '1992-06-25', 'name': 'UNIVERSITY OF GREENWICH'}, {'ceased_on': '1992-06-25', 'effective_from': '1970-08-12', 'name': 'THAMES POLYTECHNIC(THE)'}]","Old Royal Naval College, Park Row, Greenwich, London, SE10 9LS",85421; 85422,,,
430,430,430,430,430,2844,2844,VENTURE FORTH GAMES LTD,16076449,active,ltd,2024-11-12,,"[{'ceased_on': '2024-12-31', 'effective_from': '2024-11-12', 'name': 'CARD CURVE LTD'}]","Stores Farm Barn, Swineyard Lane, Knutsford, WA16 0SB, United Kingdom",58210; 62011,,,
431,431,431,431,431,2849,2849,VESPER DESIGN LIMITED,11221740,active,ltd,2018-02-23,,"[{'ceased_on': '2023-03-10', 'effective_from': '2018-02-23', 'name': 'LOOSE.GAMES LTD'}]","Beech Tree Barn, Muse Lane, Harehill, Boylestone, Derbyshire, DE6 5HJ, United Kingdom",74100,,,
432,432,432,432,432,2856,2856,VIKER LIMITED,06290437,active,ltd,2007-06-22,,"[{'ceased_on': '2007-09-24', 'effective_from': '2007-06-22', 'name': 'PUZZLE GAMER LIMITED'}]","167-169 Great Portland Street, 5th Floor, London, W1W 5PF, England",62020,,,
433,433,433,433,433,2866,2866,VISION GAMES PUBLISHING LTD,09453260,active,ltd,2015-02-23,,"[{'ceased_on': '2015-10-21', 'effective_from': '2015-07-27', 'name': 'VISION GAMES OPERATIONS LTD'}, {'ceased_on': '2015-07-27', 'effective_from': '2015-04-29', 'name': 'VISION GAMES PUBLISHING LTD'}, {'ceased_on': '2015-04-29', 'effective_from': '2015-02-23', 'name': 'STANDFAST INTERDIGITAL LIMITED'}]","Fawley House 2 Regatta Place, Marlow Road, Bourne End, Buckinghamshire, SL8 5TD, United Kingdom",58210,,,
434,434,434,434,434,2867,2867,WELSGLOBAL ENTERTAINMENT LTD,17090477,active,ltd,2026-03-13,,"[{'ceased_on': '2026-09-09', 'effective_from': '2026-03-13', 'name': 'VIVEON ENTERTAINMENT LTD'}]","128 City Road, London, EC1V 2NX, United Kingdom",58210; 62011; 62012; 92000,,,
435,435,435,435,435,2874,2874,VOID APPLICATIONS LIMITED,08189216,active,ltd,2012-08-23,,"[{'ceased_on': '2021-04-09', 'effective_from': '2012-09-06', 'name': 'VOID GAMES LIMITED'}, {'ceased_on': '2012-09-06', 'effective_from': '2012-08-23', 'name': 'VOID APPLICATIONS LIMITED'}]","Technology Centre, Wolverhampton Science Park, Glaisher Drive, Wolverhampton, West Midlands, WV10 9RU",62011,,,
436,436,436,436,436,2880,2880,VOODOO GAMING UK LIMITED,08666924,active,ltd,2013-08-28,,"[{'ceased_on': '2019-10-03', 'effective_from': '2015-02-27', 'name': 'GUMBUG LIMITED'}, {'ceased_on': '2015-02-27', 'effective_from': '2013-08-28', 'name': 'ICOPLAY LTD'}]","Burlington House Botleigh Grange Business Park, Hedge End, Southampton, SO30 2AF, United Kingdom",62011,,,
437,437,437,437,437,2883,2883,VUE ENTERTAINMENT LIMITED,04699504,active,ltd,2003-03-17,,"[{'ceased_on': '2003-04-09', 'effective_from': '2003-03-17', 'name': 'MAWLAW 596 LIMITED'}]","3rd Floor One Ariel Way, Westfield, London, W12 7SL, United Kingdom",59140,,,
438,438,438,438,438,2887,2887,WAKU DOKI GAMES LTD,08356894,active,ltd,2013-01-11,,"[{'ceased_on': '2014-05-20', 'effective_from': '2013-01-11', 'name': 'WAKU DOKI LTD'}]","20-22 Wenlock Road, London, N1 7GU, England",62011,,,
439,439,439,439,439,2896,2896,WARNER BROS. GAMES MANCHESTER LIMITED,05527190,active,ltd,2005-08-03,,"[{'ceased_on': '2021-01-29', 'effective_from': '2007-02-26', 'name': 'TT FUSION LIMITED'}, {'ceased_on': '2007-02-26', 'effective_from': '2005-08-03', 'name': 'EMBRYONIC STUDIOS LIMITED'}]","Chiswick Park Building 2, 566 Chiswick High Road, London, W4 5YB, England",62090,,,
440,440,440,440,440,2897,2897,WARNER BROS. GAMES LIMITED,04946940,active,ltd,2003-10-29,,"[{'ceased_on': '2021-01-29', 'effective_from': '2006-01-25', 'name': 'TT GAMES PUBLISHING LIMITED'}, {'ceased_on': '2006-01-25', 'effective_from': '2004-04-26', 'name': 'GIANT INTERACTIVE ENTERTAINMENT LIMITED'}, {'ceased_on': '2004-04-26', 'effective_from': '2004-03-01', 'name': 'GET-GO-GAMES LIMITED'}, {'ceased_on': '2004-03-01', 'effective_from': '2003-10-29', 'name': 'OVAL (1925) LIMITED'}]","Chiswick Park Building 2, 566 Chiswick High Road, London, W4 5YB, England",58290,,,
441,441,441,441,441,2898,2898,WARP DIGITAL ENTERTAINMENT LIMITED,08851354,active,ltd,2014-01-20,,"[{'ceased_on': '2016-12-17', 'effective_from': '2014-11-13', 'name': 'CARBON GAMES LIMITED'}, {'ceased_on': '2014-11-13', 'effective_from': '2014-01-20', 'name': 'PLAYTHING INC LTD'}]","Unit 14, Princeton Mews, 167 London Road, Kingston Upon Thames, KT2 6PT, England",62012,,,
442,442,442,442,442,2907,2907,WE AMAZE GROUP LIMITED,11730341,active,ltd,2018-12-17,,"[{'ceased_on': '2022-07-19', 'effective_from': '2018-12-17', 'name': 'LOTTO STUDIOS LIMITED'}]","124 City Road, London, EC1V 2NJ, England",62011,,,
443,443,443,443,443,2932,2932,WICK ENTERTAINMENT LIMITED,13853762,active,ltd,2022-01-17,,"[{'ceased_on': '2022-05-10', 'effective_from': '2022-01-17', 'name': 'HEDONE LIMITED'}]","C/O Alexander & Co Centurion House, 129 Deansgate, Manchester, M3 3WR, England",62011,,,
444,444,444,444,444,2938,2938,WILDFIRE GAMES LTD,11236612,active,ltd,2018-03-06,,"[{'ceased_on': '2018-03-19', 'effective_from': '2018-03-06', 'name': 'BATTLEAXE SOFTWARE LTD'}]","83 South Moor Drive, Goldthorpe, Rotherham, S63 9QA, England",62011,,,
445,445,445,445,445,2941,2941,WILLIAMS ASSOCIATES LTD,11866361,active,ltd,2019-03-07,,"[{'ceased_on': '2023-04-08', 'effective_from': '2019-08-28', 'name': 'KILN HOLDINGS LIMITED'}, {'ceased_on': '2019-08-28', 'effective_from': '2019-05-10', 'name': 'WE ARE KILN LTD'}, {'ceased_on': '2019-05-10', 'effective_from': '2019-03-07', 'name': 'SHIBDEN LIMITED'}]","348 Goswell Road, London, Greater London, EC1V 7LQ, England",70229; 82990,,,
446,446,446,446,446,2942,2942,WINSTON TAYLOR UK LLP,OC322935,active,llp,2006-10-05,,"[{'ceased_on': '2026-04-14', 'effective_from': '2006-10-05', 'name': 'TAYLOR WESSING LIMITED LIABILITY PARTNERSHIP'}]","5 New Street Square, London, EC4A 3TW",,,,
447,447,447,447,447,2962,2962,WORLD MAKERS LIMITED,12123186,active,ltd,2019-07-25,,"[{'ceased_on': '2021-04-07', 'effective_from': '2019-07-25', 'name': 'BASELINE GAMES LIMITED'}]","C/O Flb Accountants Llp 1010 Eskdale Road, Winnersh Triangle, Wokingham, RG41 5TS, United Kingdom",58210,,,
448,448,448,448,448,2966,2966,WUSHU STUDIOS LTD,10934182,active,ltd,2017-08-25,,"[{'ceased_on': '2017-09-04', 'effective_from': '2017-08-25', 'name': 'WUSHUSTUDIOS LTD'}]","4th Floor 110 High Holborn, London, WC1V 6JS, England",58210; 62012,,,
449,449,449,449,449,2992,2992,YOKO MEDIA LTD,07609419,active,ltd,2011-04-19,,"[{'ceased_on': '2013-01-22', 'effective_from': '2011-04-19', 'name': 'GAMES JOBS DIRECT LTD'}]","Unit 14 Nightingale Close, Rotherham, S60 2AB, England",73110,,,
450,450,450,450,450,2993,2993,YONDERNAUTS GAME STUDIOS LTD,08026654,active,ltd,2012-04-11,,"[{'ceased_on': '2019-01-16', 'effective_from': '2012-04-11', 'name': 'SURVIVALIST DEVELOPMENTS LTD'}]","Marnei Roseacre Road, Roseacre, Preston, Lancashire, PR4 3UE",62011,,,
451,451,451,451,451,3006,3006,ZENOS INTERACTIVE LIMITED,12603895,active,ltd,2020-05-15,,"[{'ceased_on': '2024-10-23', 'effective_from': '2024-08-14', 'name': 'ZENOS TECHNOLOGY LIMITED'}, {'ceased_on': '2024-08-14', 'effective_from': '2020-05-15', 'name': 'VIRTEX ENTERTAINMENT LIMITED'}]","71-75 Shelton Street, London, Greater London, WC2H 9JQ, United Kingdom",58290; 62011; 63110,,,
452,452,452,452,452,3010,3010,"ZERO UP ENTERTAINMENT, (UK), LTD",13508781,active,ltd,2021-07-13,,"[{'ceased_on': '2021-07-15', 'effective_from': '2021-07-13', 'name': 'ZERO UP ENTERTAINMENT (UK) LTD'}]","Dane John Works, Gordon Road, Canterbury, Kent, CT1 3PP, United Kingdom",62011,,,
