,company_name,company_number,company_status,company_type,date_of_creation,date_of_cessation,previous_company_names,registered_office_address,sic_codes
0,1CC GAMES LTD,12897535,active,ltd,2020-09-22,,,"Flat 4 50 Queens Gardens, London, W2 3AA, United Kingdom",62011
1,1M INTERACTIVE LTD,16796733,active,ltd,2025-10-20,,,"The Clock House, Western Court, Bishop's Sutton, Hampshire, SO24 0AA, England",58210; 63120; 93290
2,17 SOCIAL GAMES LTD,16805514,active,ltd,2025-10-23,,,"First Floor 3 Cumbrian House, 217 Marsh Wall, London, E14 9FJ, United Kingdom",58210; 62011; 72190
3,10:10 GAMES LIMITED,13443989,active,ltd,2021-06-08,,,"Fourth Floor, Unit 5b The Parklands, Bolton, BL6 4SD, United Kingdom",62011
4,17 LUCKY DUCK STUDIOS LTD,16805139,active,ltd,2025-10-23,,,"First Floor 3 Cumbrian House, 217 Marsh Wall, London, E14 9FJ, United Kingdom",58210; 62011; 72190
5,17 BLOCKCHAIN INNOVATION LTD,16805420,active,ltd,2025-10-23,,,"First Floor 3 Cumbrian House, 217 Marsh Wall, London, E14 9FJ, United Kingdom",58210; 62011; 63120; 72190
6,1 MINUS 1 LIMITED,04837228,active,ltd,2003-07-18,,,"124 City Road, London, EC1V 2NX, England",62090
7,1ST IMPACT GAMES LIMITED,10306854,active,ltd,2016-08-02,,,"Jubilee House, East Beach, Lytham St. Annes, FY8 5FT, England",62011
8,232 STUDIOS LIMITED,07138771,active,ltd,2010-01-28,,,"6-8 Freeman Street, Grimsby, DN32 7AA, England",74100
9,241 GAMES LTD,16551802,active,ltd,2025-06-30,,,"1 1 Churchill Court, Winterborne Stickland, Blandford Forum, Dorset, DT11 0NF, England",58210; 58290
10,22CANS LTD,07955622,active,ltd,2012-02-20,,,"1 Huxley Road, Surrey Research Park, Guildford, Surrey, GU2 7RE, England",62011
11,2BITPUNKS LTD,10004489,active,ltd,2016-02-15,,,"131 Manchester Road, Manchester, M27 4FH, United Kingdom",62011
12,2P GAMES LIMITED,09019387,active,ltd,2014-04-30,,,"C/O Esdg Accountancy Ltd, 44 Royal Parade Mews, London, SE3 0TN, England",62011; 62012; 62020; 62090
13,313 STUDIOS LTD,12944276,active,ltd,2020-10-12,,,"66 Paul Street, London, EC2A 4NA, England",58210; 62011
14,30.06 STUDIOS LTD,07339208,active,ltd,2010-08-09,,,"9 Silksworth Lane, Sunderland, Tyne & Wear, SR3 1LW",62012
15,3D GAMES LTD,11473076,active,ltd,2018-07-19,,,"10 Cardiff Grove, Luton, LU1 1QH, England",47650; 62011
16,39 PICTURES LTD,08874124,active,ltd,2014-02-04,,,"7 Christie Way, Christie Fields, Manchester, Lancashire, M21 7QY",59112
17,3-FOLD GAMES LTD,12008086,active,ltd,2019-05-21,,,"20-22 Wenlock Road, London, N1 7GU, England",62011
18,3IK LTD,16467155,active,ltd,2025-05-22,,,"The Custom House, The Strand, Barnstaple, EX31 1EU, England",58210; 62011; 62090; 63110
19,3TK GAMES LTD,16669485,active,ltd,2025-08-24,,,"70 Sandling Road, Maidstone, ME14 2RJ, England",58210
20,4AI LIMITED,10976044,active,ltd,2017-09-22,,,"128 City Road, London, EC1V 2NX, United Kingdom",58210; 58290; 62011; 63120
21,4EVERFUN INNOVATIONS LIMITED,16166351,active,ltd,2025-01-06,,,"167 169, Great Portland Street, Fifth Floor, Fifth Floor, London, W1W 5PF, England",58210; 62011; 62020; 62090
22,4MB INTERACTIVE LTD,09724677,active,ltd,2015-08-10,,"[{'ceased_on': '2018-02-13', 'effective_from': '2015-08-10', 'name': 'BORDERLINE INAPPROPRIATE GAME STUDIOS LTD'}]","7d Pemberton Gardens, London, N19 5RR, United Kingdom",62011
23,4 THE COMPANY LTD,11461019,active,ltd,2018-07-12,,"[{'ceased_on': '2018-07-19', 'effective_from': '2018-07-12', 'name': '4 THE PLAY LTD'}]","Ye Olde Hundred, 69, Church Way, North Shields, Tyne And Wear, NE29 0AE, United Kingdom",58210; 62011
24,505 GAMES LTD,05660941,active,ltd,2005-12-22,,"[{'ceased_on': '2006-06-19', 'effective_from': '2005-12-22', 'name': 'CALLCOURT LIMITED'}]","Jubilee House 32 Duncan Close, Moulton Park Industrial Estate, Northampton, NN3 6WL",62011
25,54N LTD,NI673844,active,ltd,2020-10-30,,,"77 Taylors Avenue, Carrickfergus, County Antrim, BT38 7BU, United Kingdom",62012
26,5BUCKS LIMITED,17142612,active,ltd,2026-04-08,,,"Door 1b Door 1b First Floor, Nags Corner, Wiston Road, Nayland, Essex, CO6 4LT, United Kingdom",58290; 62011
27,6-23 GAMES LTD,16631667,active,ltd,2025-08-06,,,"1 Springfield Road, The Annexe, Guildford, GU1 4DW, United Kingdom",58210; 62011; 62020; 74100
28,87KGAMES LIMITED,16096870,active,ltd,2024-11-22,,,"59 Grange Avenue Grange Avenue, Warrington, WA4 1QH, England",58210; 62011
29,8BITSKULL LTD,SC590474,active,ltd,2018-03-05,,,"38 International House, 38 Thistle Street, Edinburgh, EH2 1EN, Scotland",58210
30,8BIT SPORTS LTD,17251468,active,ltd,2026-06-01,,,"34 Windsor Way, London, W14 0UA, England",58210; 62011
31,9JA CITY GAMES LTD,17228371,active,ltd,2026-05-19,,,"71-75 Shelton Street, Covent Garden, London, WC2H 9JQ, United Kingdom",58210; 59111; 59112; 59120
32,A2Z INTERACTIVE LTD,09119397,active,ltd,2014-07-07,,,"72 Lairgate, Beverley, HU17 8EU, England",62020
33,AARDMAN ANIMATIONS LIMITED,02050843,active,ltd,1986-08-29,,"[{'ceased_on': '1987-06-12', 'effective_from': '1986-11-17', 'name': 'AARDS CO. LIMITED(THE)'}, {'ceased_on': '1986-11-17', 'effective_from': '1986-08-29', 'name': 'OFFSHELM LIMITED'}]","Gas Ferry Road, Bristol, BS1 6UN",59111; 59113; 62011; 90030
34,AAA GAMES LTD,08036471,active,ltd,2012-04-18,,,"65 Littleworth Road, Wheatley, Oxford, OX33 1NW",58210; 90030
35,AARDVARK SWIFT RECRUITMENT LIMITED,05481117,active,ltd,2005-06-14,,,"Unit 16 Nightingale Court, Rotherham, South Yorkshire, S60 2AB",78109
36,AARTFORM LTD,10433048,active,ltd,2016-10-18,,,"112 Latchmere Road, Kingston Upon Thames, KT2 5TT, United Kingdom",62011
37,AASTA IT LIMITED,16205357,active,ltd,2025-01-24,,,"167-169 Great Portland Street, 5th Floor, London, W1W 5PF, England",58290; 62011; 62020
38,ABBEYTEK LTD.,03609249,active,ltd,1998-08-04,,,"30 Shepherds Hill, Pickering, YO18 7JQ, England",62012
39,AB INTERACTIVE LIMITED,17231611,active,ltd,2026-05-20,,,"71-75 Shelton Street, Covent Garden, London, WC2H 9JQ, United Kingdom",58290; 62011; 62020; 63990
40,A BRAVE PLAN LIMITED,08934538,active,ltd,2014-03-12,,,"102 Bromstone Road, Broadstairs, CT10 2HX, England",59112; 62011; 62012; 62020
41,AB NEGATIVE GAMES LTD,SC721696,dissolved,ltd,2022-02-01,2026-09-29,,"24 Queens Drive, Glasgow, G42 8DD, Scotland",58210; 62011
42,ABSOLUTE GAMES LTD,17116704,active,ltd,2026-03-25,,,"3 California Road, New Malden, Surrey, KT3 3RP, United Kingdom",62011
43,ABSOLUTELY AMAZINGLY AWESOME GAMING HARDCORE HEROES LTD,17005017,active,ltd,2026-01-31,,,"101 Hadley Road, Barnet, EN5 5QR, United Kingdom",58210; 62011
44,ABSOLUTELY GAMES LIMITED,12256483,active,ltd,2019-10-11,,,"Castle House, Castle Street, Guildford, GU1 3UW, England",58210
45,ACCESS FURTHER EDUCATION LIMITED,02749258,active,ltd,1992-09-22,,"[{'ceased_on': '2023-07-26', 'effective_from': '1992-09-22', 'name': 'ACCESS TO MUSIC LIMITED'}]","Heath Mill Studios 68 Heath Mill Lane, Digbeth, Birmingham, West Midlands, B9 4AR, United Kingdom",85590
46,ABYSSAL INTERACTIVE LTD,16963576,active,ltd,2026-01-14,,,"Piccadilly Business Centre Unit C Aldow Enterprise Park, Blackett Street, Manchester, M12 6AE, United Kingdom",58210; 62011
47,ACE GAMES TECHNOLOGY LIMITED,14780827,active,ltd,2023-04-04,,,"Office 403, Screenworks 22 Highbury Grove, London, N5 2ER, United Kingdom",58210; 58290; 62011
48,ACID NERVE LIMITED,09167417,active,ltd,2014-08-08,,"[{'ceased_on': '2014-08-15', 'effective_from': '2014-08-08', 'name': 'ACIDE NERVE LIMITED'}]","207 Knutsford Road Grappenhall, Warrington, Cheshire, WA4 2QL",58210
49,ACEVIRAL.COM LTD,07351614,active,ltd,2010-08-20,,,"16 Birchwood, Sunderland, SR4 0AP",58290
50,ACTIONCY TECH LTD,12195111,active,ltd,2019-09-09,,,"Blackbull Yard, 18a Hatton Wall, London, EC1N 8JH, England",62012; 73110
51,ACTIVISION BLIZZARD UK LTD,01709830,active,ltd,1983-03-25,,"[{'ceased_on': '2009-04-01', 'effective_from': '1985-04-23', 'name': 'ACTIVISION U.K. LTD.'}, {'ceased_on': '1985-04-23', 'effective_from': '1983-09-01', 'name': 'ACTIVISION SOFTWARE LIMITED'}, {'ceased_on': '1983-09-01', 'effective_from': '1983-03-25', 'name': 'LEGIBUS 322 LIMITED'}]","The Ampersand Building, 178 Wardour Street, London, W1F 8FY, United Kingdom",62011; 93290
52,ACUDA LTD,13304512,active,ltd,2021-03-30,,,"Carey House 59 Main Street, Great Brington, Northampton, NN7 4JB, England",58210; 62011; 62012; 63110
53,ACTUALLY PLAYABLE LTD,16587112,active,ltd,2025-07-16,,,"71-75 Shelton Street, Covent Garden, London, WC2H 9JQ, United Kingdom",58290; 62011
54,ADINMO LTD,SC648449,active,ltd,2019-11-29,,,"26 Dublin Street, Edinburgh, EH3 6NN, Scotland",62012
55,ACUMED DATA LTD,07476614,active,ltd,2010-12-22,,"[{'ceased_on': '2021-03-15', 'effective_from': '2011-01-20', 'name': 'ACUMED CONSULTING LTD'}, {'ceased_on': '2011-01-20', 'effective_from': '2010-12-22', 'name': 'HOT POTATO CONSULTING LTD'}]","3 High Street, Goring, Reading, RG8 9AT, England",70229
56,ADVENTURA STUDIOS LTD.,SC845274,dissolved,ltd,2025-04-15,2026-08-18,,"Drovers Rock, Perth Road, Crieff, Perthshire, PH7 3EQ, United Kingdom",58210; 58290
57,AEGIS STUDIOS LTD,17288162,active,ltd,2026-06-19,,,"128 City Road, London, EC1V 2NX, United Kingdom",62011
58,AEROSPIKE GAMES LTD,16582619,active,ltd,2025-07-15,,,"29 Church Road, Thornbury, Bristol, BS35 1HL, England",32401; 32409; 58210
59,AETERNO STUDIOS LTD,NI685254,active,ltd,2022-01-24,,,"4 Fairway Drive, Belfast, BT9 5ND, Northern Ireland",62011
60,AETHER FORGE GAMES LTD,14283864,active,ltd,2022-08-08,,,"34 Yeo Close, Plymouth, Devon, PL3 6ER, England",58210; 62011
61,AETHERHELIX GAMES LTD,17266531,active,ltd,2026-06-08,,,"Initial Business Centre, Unit 7 Wilsons Business Park, Manchester, M40 8WN, United Kingdom",58210; 62011
62,AEXO STUDIOS LIMITED,17294912,active,ltd,2026-06-22,,,"71-75 Shelton Street, Covent Garden, London, WC2H 9JQ, United Kingdom",62011
63,AFTERBURNER GENESIS LTD,16709909,active,ltd,2025-09-11,,,"Sas House Friarswood, Chipperfield Road, Kings Langley, Hertfordshire, WD4 9JB, United Kingdom",58210; 62011
64,AFTERBURNER STARDUST LTD,16709911,active,ltd,2025-09-11,,,"Sas House Friarswood, Chipperfield Road, Kings Langley, Hertfordshire, WD4 9JB, United Kingdom",58210; 62011
65,AFTER DARK STUDIOS LTD,07310270,active,ltd,2010-07-09,,,"207 Regent Street, 3rd Floor, London, W1B 3HH, England",58290; 62090
66,AFTER DARK GAMES LTD,14509709,active,ltd,2022-11-28,,,"109 109 Clapham Terrace, Leamington Spa, Warwickshire, CV31 1JE, England",62011
67,AGE INTERACTIVE LTD,17126203,active,ltd,2026-03-30,,,"71-75 Shelton Street, Covent Garden, London, WC2H 9JQ, United Kingdom",58210; 59111; 62011
68,AGENCY GAMES LTD,16321175,active,ltd,2025-03-17,,,"68 Boswell Road, Oxford, OX4 3HN, England",58210; 62011
69,AGE OF STONE DEVELOPERS LTD,16748260,active,ltd,2025-09-29,,,"1 Bank Road, Aldershot, GU11 2PH, England",58210; 62011
70,AI FACTORY LIMITED,04721316,active,ltd,2003-04-02,,,"23 The Avenue, Hatch End, Pinner, Middlesex, HA5 4EN, England",62011; 62012
71,AIRO GAMES LTD.,SC576545,active,ltd,2017-09-18,,,"9/5 Rankin Avenue, Edinburgh, EH9 3DD, United Kingdom",58210
72,AI COSMOS STUDIOS LTD,14812174,active,ltd,2023-04-18,,,"100 Long Gore, Godalming, GU7 3TW, England",62011
73,AKATSUKI LIMITED,06990097,active,ltd,2009-08-13,,,"97 Kendal Drive, Liverpool, Merseyside, L31 9AY",62011
74,À LA MODE GAMES LIMITED,14108557,active,ltd,2022-05-16,,,"102 Bromstone Road, Broadstairs, CT10 2HX, England",62011
75,ALANS GAMES LTD,16584291,active,ltd,2025-07-15,,,"16584291 - COMPANIES HOUSE DEFAULT ADDRESS, Cardiff, CF14 8LH",32409; 47910; 58210; 62011
76,ALCEDO GAMES LTD,16797136,active,ltd,2025-10-20,,,"86-90 Paul Street, London, Greater London, EC2A 4NE, England",58210
77,AKN LABS LIMITED,05953059,active,ltd,2006-10-02,,"[{'ceased_on': '2008-07-01', 'effective_from': '2006-10-02', 'name': 'AKN GLOBAL LIMITED'}]","St John's Innovation Centre St John's Innovation Park, Cowley Road, Cambridge, CB4 0WS, England",62011; 62012; 63120
78,ALAN ZUCCONI LTD,08809767,active,ltd,2013-12-11,,,"35 Moulding Lane, London, SE14 6BF, England",62090
79,ALCHEMYLABX LTD,13925972,active,ltd,2022-02-18,,,"71-75 Shelton Street, Covent Garden, London, WC2H 9JQ, United Kingdom",58210; 62011; 70221; 90030
80,ALDMYN GAME STUDIOS LTD,17021817,active,ltd,2026-02-09,,,"39 Brookmill Road, London, SE8 4HU, England",58210
81,ALEX MAKES GAMES LTD,17300508,active,ltd,2026-06-24,,,"Flat 702 Longitude House 10 Prime Meridian Walk, London, E14 2DY, England",58210
82,ALEXANDER TAYLOR LTD,07998126,active,ltd,2012-03-20,,,"2nd Floor, National House, 60-66 Wardour Street, London, W1F 0TA, United Kingdom",74100
83,ALIVEIN TECH LIMITED,10828369,active,ltd,2017-06-21,,"[{'ceased_on': '2019-09-13', 'effective_from': '2017-06-21', 'name': 'ALIVEIN TECHNOLOGY LIMITED'}]","18a East Cliff Road, Tunbridge Wells, TN4 9AE, England",58210; 58290; 62011
84,ALJO GAMES LTD,12542564,active,ltd,2020-04-01,,,"Preston Park House, South Road, Brighton, East Sussex, BN1 6SB, United Kingdom",58210; 62011
85,ALLEY GAMES LTD,16251154,dissolved,ltd,2025-02-13,2026-08-11,,"3rd Floor, 86-90 Paul Street, London, EC2A 4NE, England",58210; 62011; 70229
86,ALKEMI LTD,07773252,active,ltd,2011-09-14,,,"Suite 1, Concept House, 23 Billet Lane, Hornchurch, RM11 1XP, England",46410
87,ALL SEEING EYE LTD.,09309751,active,ltd,2014-11-13,,"[{'ceased_on': '2016-10-06', 'effective_from': '2015-04-21', 'name': 'RYGN LTD'}, {'ceased_on': '2015-04-21', 'effective_from': '2014-11-13', 'name': 'RAYGUN LABS LTD'}]","The Courts St. Chloe, Amberley, Stroud, GL5 5AS, England",62011
88,ALLIOTTS LLP,OC430772,active,llp,2020-02-19,,,"Manfield House, 1 Southampton Street, London, WC2R 0LR, England",
89,ALL THUMBS STUDIOS LIMITED,16069804,active,ltd,2024-11-08,,,"124 City Road, London, EC1V 2NX, England",58210; 62011; 62020; 70229
90,ALLOSTASIS LTD,16988894,active,ltd,2026-01-26,,,"24 Cedar Way, Guildford, GU1 1JH, England",58210; 62011; 62020
91,ALPHA CRC LIMITED,02197452,active,ltd,1987-11-23,,"[{'ceased_on': '2012-12-06', 'effective_from': '1988-01-29', 'name': 'ALPHA CALLIGRAPHIC RESEARCH CAMBRIDGE LIMITED'}, {'ceased_on': '1988-01-29', 'effective_from': '1987-11-23', 'name': 'PROFILESTAGE LIMITED'}]","Radio House, St. Andrews Road, Cambridge, CB4 1DL, England",74300
92,ALPHA STRIKE GAMES LIMITED,10649112,active,ltd,2017-03-02,,,"48 Ryefield, Langtoft, Peterborough, PE6 9RE, England",58210; 62011
93,ALTER ASPECT LTD,17217356,active,ltd,2026-05-13,,,"12 Rylstone Road, Eastbourne, BN22 7HJ, England",58210; 62011
94,ALPHA INNOVATION GAME STUDIOS LTD,09753375,active,ltd,2015-08-28,,,"Dry Barn House Church Lane, Welby, Grantham, Lincolnshire, NG32 3LS, England",58210
95,ALPHIREX STUDIO LTD,16505188,active,ltd,2025-06-09,,,"Margaret Powell House, 415c Midsummer Boulevard, Milton Keynes, MK9 3BN, England",58210; 62011
96,ALTERED GENE LIMITED,08774942,active,ltd,2013-11-14,,,"102 Bromstone Road, Broadstairs, CT10 2HX, England",58210; 62011; 62012
97,ALTERGAZE LTD,09067585,active,ltd,2014-06-03,,,"30 Churchill Place, London, E14 5RE, England",74909
98,ALTERNATIVE SOFTWARE LIMITED,02025051,active,ltd,1986-06-04,,,"The Studios, Colorado Way, Castleford, West Yorkshire, WF10 4TA",62011
99,AMAX GAMES LIMITED,SC886000,active,ltd,2026-04-11,,,"5 Hazel Grove, Livingston, EH54 5JW, Scotland",58210
100,"AMAZON WEB SERVICES EMEA SARL, UK BRANCH",BR019315,open,uk-establishment,2017-04-07,,,"1 Principal Place, London, Worship Street, EC2A 2FA",
101,ALZHEIMER'S RESEARCH UK,03681291,active,private-limited-guarant-nsc-limited-exemption,1998-12-10,,"[{'ceased_on': '2010-07-30', 'effective_from': '1998-12-10', 'name': ""ALZHEIMER'S RESEARCH TRUST""}]","3 Riverside, Granta Park, Cambridge, CB21 6AD",86900
102,AMBERCLAW GAMES LIMITED,16998846,active,ltd,2026-01-29,,,"10 Seathwaite Close, Middleton, Manchester, M24 5YB, England",58210
103,AMBLE GAME LTD,16357504,active,ltd,2025-04-01,,,"L220 Beaconside Business Village,, Stafford Enterprise Park,Weston Road,, Stafford,, ST18 0BF, United Kingdom",47910; 58290; 62011; 62012
104,AMBX GAMES LIMITED,17342989,active,ltd,2026-07-16,,,"71-75 Shelton Street, Covent Garden, London, WC2H 9JQ, United Kingdom",58210
105,AMMAR LIMITED,03712039,active,ltd,1999-02-11,,,"8 Barrow Hedges Close, Carshalton, Surrey, SM5 3LN",58210; 62012; 95110
106,AMIQUS LIMITED,03930954,active,ltd,2000-02-17,,"[{'ceased_on': '2003-02-07', 'effective_from': '2000-02-17', 'name': 'ALEXANDER MANN TECHNOLOGY (NORTHWEST) LIMITED'}]","60 London Wall, 2nd Floor, London, EC2M 5TQ, England",78300
107,AMF PRODUCTIONS LTD,07884763,active,ltd,2011-12-16,,,"302 Northfield Avenue, London, W5 4UB",59111; 59113; 59120
108,AMMONITE DESIGN STUDIOS LTD,08289222,active,ltd,2012-11-12,,,"46 Fern Avenue, Jesmond, Newcastle Upon Tyne, NE2 2QX",62011
109,AMPERSAND GAME STUDIOS LTD,11450747,active,ltd,2018-07-05,,,"Level 5a Maple House, 149 Tottenham Court Road, London, W1T 7NF, United Kingdom",58210; 58290; 62011
110,AMP GAMES LIMITED,SC869405,active,ltd,2025-11-08,,,"2nd Floor, 48 West George Street, Amp Games Limited, Clyde Offices, Glasgow, G2 1BP, United Kingdom",58210
111,ANCHORCITE GAMES LTD,16700063,active,ltd,2025-09-08,,,"7 James Court, Thorne, Doncaster, South Yorkshire, DN8 4LB, United Kingdom",58210; 62011
112,AMUZO GAMES LIMITED,08722505,active,ltd,2013-10-08,,"[{'ceased_on': '2014-06-18', 'effective_from': '2013-10-08', 'name': 'AMUZO LIMITED'}]","Green Park, Exeter Park Road, Bournemouth, Dorset, BH2 5BD, United Kingdom",62011
113,ANDREA LA MARTINA LTD,16624941,active,ltd,2025-08-04,,,"71-75 Shelton Street, Covent Garden, London, WC2H 9JQ, United Kingdom",58290; 62011
114,ANDTHEREITIS LTD,17299901,active,ltd,2026-06-24,,,"24 Beechwood Avenue, London, N3 3AX, England",58210; 62011
115,ANDY COLEY CTC LTD,12365956,active,ltd,2019-12-16,,,"International House, 36-38 Cornhill, London, EC3V 3NG, England",85590
116,ANGRY GOBLIN GAMES LTD,17326257,active,ltd,2026-07-07,,,"Suite A, 82 James Carter Road, Mildenhall, IP28 7DE, United Kingdom",58210; 62011
117,ANIODE LTD,09217367,active,ltd,2014-09-15,,,"82 Colneis Road, Felixstowe, Suffolk, IP11 9HH, England",62011
118,ANJIN GAMES LTD,09523958,active,ltd,2015-04-02,,,"Flat 3 41 Lansdowne St, Hove, BN3 1FT, England",62011
119,AN NUR STUDIOS LTD,16335618,active,ltd,2025-03-23,,,"Unit 82a James Carter Road, Mildenhall, Bury St. Edmunds, IP28 7DE, England",58210
120,ANNSA LIMITED,SC175264,active,ltd,1997-05-08,,"[{'ceased_on': '2002-05-27', 'effective_from': '1997-05-08', 'name': 'WALLACE SOFTWARE CONSULTANCY LIMITED'}]","10 Inchkeith, East Kilbride, G74 2JZ",62020; 62090
121,ANOMMYMOUSSE GAMES LIMITED,NI681556,dissolved,ltd,2021-08-14,2026-08-04,,"14 Castlehill View, Ballymoney, BT53 6RZ, Northern Ireland",62011
122,ANOTHER DRAFT LTD,17222968,active,ltd,2026-05-15,,,"71-75 Shelton Street, Covent Garden, London, WC2H 9JQ, United Kingdom",58290; 59111; 59131; 62011
123,ANOTHER LEVEL GAMES LTD,SC896629,active,ltd,2026-07-21,,,"37 Scotsmill Crescent, Blackburn, Aberdeen, AB21 0JG, Scotland",58210; 62011
124,ANTICS APP LTD,17325612,active,ltd,2026-07-07,,,"16b Beauchamp Road, Wandsworth, London, SW11 1PQ, United Kingdom",58210; 62011
125,ANTIC STUDIO LTD,17133620,active,ltd,2026-04-02,,,"71-75 Shelton Street, Covent Garden, London, WC2H 9JQ, United Kingdom",58210; 62011
126,ANTIPARALLEL INNOVATION LIMITED,11209729,active,ltd,2018-02-16,,,"128 City Road, London, EC1V 2NX, England",62011; 62012
127,ANTLER STUDIOS LTD,11283636,active,ltd,2018-03-29,,,"41 Fore Street, Heavitree, Exeter, Devon, EX1 2QN, England",62011
128,ANT-IQUE GAMES LTD,16410794,dissolved,ltd,2025-04-27,2026-08-11,,"30 Norton Grove, Swindon, SN3 1BW, United Kingdom",58210; 62011
129,ANTON POTAPOV GAMES LTD,16153508,active,ltd,2024-12-27,,,"86-90 Paul Street, London, EC2A 4NE, England",58210
130,ANTONYM GAMES LTD,16511809,active,ltd,2025-06-11,,,"22 Nelson Street, Accrington, BB5 2HQ, England",58210
131,ANTSTREAM LIMITED,08451828,active,ltd,2013-03-19,,,"124 City Road, London, EC1V 2NX, England",62011
132,ANT WORKSHOP LTD,SC499519,active,ltd,2015-03-04,,,"19 / 3 South Trinity Road, Edinburgh, EH5 3PN, Scotland",62011
133,ANUBIS PS LTD,16369707,active,ltd,2025-04-07,,,"206 46 Balsham Road, Hasfield, GL19 3AT, United Kingdom",58210; 62011; 62090
134,APERO GAMES LTD,10672570,active,ltd,2017-03-15,,"[{'ceased_on': '2017-03-24', 'effective_from': '2017-03-15', 'name': 'APPETIZERS GAMES LTD'}]","Easton Business Centre, Felix Road, Easton,, Bristol, BS5 0HE, England",58210; 62011; 62012; 62020
135,APEX GAME STUDIOS LTD,16330126,active,ltd,2025-03-20,,,"128 City Road, London, EC1V 2NX, United Kingdom",32409; 58210; 62011; 62012
136,APEX TURTLE STUDIOS LTD,16980304,active,ltd,2026-01-22,,,"28 Coed Y Garn, St. Dials, Cwmbran, NP44 3FQ, Wales",62011
137,APHELOPS LTD,12587020,active,ltd,2020-05-05,,,"Oaks Farm Oaks Road, Charley, Loughborough, LE12 9YD, England",58210; 62011
138,APOCALYPSE GAMES LTD,16081957,active,ltd,2024-11-15,,,"Pa103 Technology Centre, University Of Wolverhampton Science Park, Wolverhampton, WV10 9RU, United Kingdom",62011
139,APPARANCE LIMITED,11667145,active,ltd,2018-11-08,,,"4 North Avenue, Farnham, Surrey, GU9 0RD, United Kingdom",62011
140,APPARANCE STUDIOS LIMITED,11667117,active,ltd,2018-11-08,,,"4 North Avenue, Farnham, Surrey, GU9 0RD, United Kingdom",62011
141,APPCHOCOLATE LTD,09245737,active,ltd,2014-10-02,,,"66 Gwydir Street, Cambridge, Cambridgeshire, CB1 2LL",58210; 58290; 62011
142,APPEY STUDIOS LTD,08552548,active,ltd,2013-05-31,,,"Attimore Barn, Ridgeway, Welwyn Garden City, AL7 2AD, England",62011
143,APP GLOBAL LTD,09278453,active,ltd,2014-10-23,,"[{'ceased_on': '2021-06-28', 'effective_from': '2018-06-08', 'name': 'GAMINGCOMPANY LTD'}, {'ceased_on': '2018-06-08', 'effective_from': '2014-10-23', 'name': 'ANTI PIRACY PROTECTION GLOBAL LTD'}]","20-22 Wenlock Road, London, N1 7GU",62090
144,APP GAMES LIMITED,07497319,active,ltd,2011-01-19,,,"4 Watkinson Street, Liverpool, L1 0AG, England",62011
145,APPLECART ENTERTAINMENT LIMITED,11597097,active,ltd,2018-10-01,,,"86 Rosefield Avenue, Bebington, Merseyside, CH63 5JU, United Kingdom",58210
146,APPLIED COMPUTER CONCEPTS LIMITED,02622033,active,ltd,1991-06-19,,,"Five Ways, 57-59 Hatfield Road, Potters Bar, Hertfordshire, EN6 1HS, United Kingdom",58210
147,APPMANIA LIMITED,12491032,active,ltd,2020-03-02,,,"38 Copperfield Road, Cheadle Hulme, Cheadle, SK8 7PN, England",58290; 62011; 62012
148,APPNOVATE LIMITED,17115503,active,ltd,2026-03-25,,,"Suite 302 4 Station Square, Cambridge, CB1 2GE, United Kingdom",58290; 62011; 62020; 73110
149,APPSTROID STUDIOS LTD,16158505,active,ltd,2025-01-01,,,"60 John Archer Way, London, SW18 2TS, England",58210
150,APPYNATION LIMITED,07760616,active,ltd,2011-09-02,,,"2nd Floor, Bureau, 90 Fetter Lane, London, EC4A 1EN, England",62011
151,APPSUBHUB LIMITED,17115534,active,ltd,2026-03-25,,,"Suite 302 4 Station Square, Cambridge, CB1 2GE, United Kingdom",58290; 62011; 62020; 73110
152,APRIORI DIGITAL LTD,08588795,active,ltd,2013-06-28,,,"7c Hanham Hall, Whittucks Road, Hanham, Bristol, BS15 3FR, England",62012
153,ARASHI STUDIOS LTD,16870059,active,ltd,2025-11-24,,,"61 Bridge Street, Kington, HR5 3DJ, United Kingdom",47910; 58210; 62011; 90030
154,APT53 LTD,16566206,active,ltd,2025-07-07,,,"86-90 Paul Street, London, EC2A 4NE, England",58290; 62011; 63120; 82990
155,AQTIV LTD,SC891658,active,ltd,2026-06-02,,,"3 Park Place, Stirling, Stirlingshire, FK7 9JR, Scotland",58290; 62011
156,ARBOR ROOT GAMES LTD,SC896746,active,ltd,2026-07-22,,,"1/R 10 Ballindean Terrace, Dundee, DD4 8PB, Scotland",58210
157,ARBOREAL INTERACTIVE LTD,16584328,active,ltd,2025-07-15,,,"3 Abbot Close, Oakwood, Derby, DE21 2BQ, England",58210
158,"ARBUTHNOT LATHAM & CO., LIMITED",00819519,active,ltd,1964-09-15,,"[{'ceased_on': '1994-08-01', 'effective_from': '1989-10-01', 'name': 'AITKEN HUME BANK PUBLIC LIMITED COMPANY'}, {'ceased_on': '1989-10-01', 'effective_from': '1982-06-01', 'name': 'AITKEN HUME LIMITED'}, {'ceased_on': '1982-06-01', 'effective_from': '1964-09-15', 'name': 'HUME CORPORATION LIMITED'}]","Arbuthnot House, 20 Finsbury Circus, London, EC2M 7EA, England",64999
159,ARCANUM GAMES LTD,13627378,active,ltd,2021-09-16,,,"24 Ousebank Drive, Skelton, York, YO30 1ZB, England",58210; 62011; 62012
160,ARCADE BADGERS LIMITED,SC448825,active,ltd,2013-04-30,,,"10 Braes Of Gray Road, Dundee, DD2 5FQ, Scotland",62012
161,ARCHTOR LIMITED,09586910,active,ltd,2015-05-12,,"[{'ceased_on': '2015-08-25', 'effective_from': '2015-05-12', 'name': 'PROTEUS EVOLUTION LIMITED'}]","124 City Road, London, EC1V 2NX, England",46510; 46690; 62012
162,ARCHER STUDIOS LTD,17156139,active,ltd,2026-04-14,,,"Venture One Business Park 11 Long Acre Close, Holbrook, Sheffield, S20 3FR, England",62011; 90030
163,ARCFIRE GAMES LIMITED,09231181,active,ltd,2014-09-23,,,"48 Kensal Road, Bristol, BS3 4QU, England",62011
164,ARCTENSOR LTD,SC849609,active,ltd,2025-05-23,,,"Office 2/3, 2nd Floor, 48 West George Street, Glasgow, City Of Glasgow, G2 1BP, Scotland",58210; 62011; 62020; 71121
165,ARDALAN GAMES LTD,17304572,active,ltd,2026-06-26,,,"Apartment 95 33 Essex Street, Birmingham, B5 4BY, England",58210; 62011; 62012
166,ARCTIC LION STUDIOS LTD,17122505,active,ltd,2026-03-27,,,"124 City Road, London, EC1V 2NX, United Kingdom",58210; 58290
167,ARE APPS LTD,07674887,active,ltd,2011-06-20,,,"4 Southcote Park, Camberley, GU15 1JP, England",62012
168,AREA 1 LTD,08392629,active,ltd,2013-02-07,,,"19 Crawford Street, Office 120, London, W1H 1PJ",62011
169,ARENA MEDIA LIMITED,05536321,active,ltd,2005-08-15,,"[{'ceased_on': '2025-03-21', 'effective_from': '2021-02-02', 'name': 'HAVAS ENTERTAINMENT LIMITED'}, {'ceased_on': '2021-02-02', 'effective_from': '2005-09-13', 'name': 'TARGET MEDIA LIMITED'}, {'ceased_on': '2005-09-13', 'effective_from': '2005-08-15', 'name': 'DEEP CORPORATE MEDIA LIMITED'}]","Havas House Hermitage Court, Hermitage Lane, Maidstone, Kent, ME16 9NT, England",73110
170,ARIWELL STUDIOS LIMITED,17321468,active,ltd,2026-07-05,,,"16 Stublowe Place, York, YO10 3FY, England",58210
171,ARKHETECH SOFTWARE LTD,14484691,active,ltd,2022-11-15,,"[{'ceased_on': '2025-02-19', 'effective_from': '2022-11-15', 'name': 'ARKHETECH GAMES LTD'}]","278 Langham Road, London, N15 3NP, England",62011
172,ARLEA STUDIOS LTD,12560755,active,ltd,2020-04-16,,,"Preston Park House, South Road, Brighton, BN1 6SB, England",58210; 62011
173,ARROGANT PIXEL LTD,09408346,active,ltd,2015-01-27,,,"8 Marlingdene Close, Hampton, Middlesex, TW12 3BJ, England",59200; 62011; 62020; 90030
174,ARKWYCH LTD,16943016,active,ltd,2026-01-05,,,"71-75 Shelton Street, Covent Garden, London, WC2H 9JQ, United Kingdom",58210; 62011
175,ARTHURIAN GAMES LTD,14224581,active,ltd,2022-07-09,,,"11 Hawthorn Drive, Selly Oak, Birmingham, B29 5BZ, England",62011
176,ARTIFICIAL ENTERTAINMENT LIMITED,14335879,active,ltd,2022-09-05,,,"13 Freeland Park Wareham Road, Poole, BH16 6FA, England",62011
177,ARTSENSE GAMES LTD,12614958,active,ltd,2020-05-20,,,"4 Scott Close, Kings Park, St. Albans, AL3 4GF, England",58210; 58290; 62011
178,ARTSTAMP LIMITED,16284288,active,ltd,2025-02-28,,,"128 Charles Street, Leicester, LE1 1LB, England",58290; 62011; 63120
179,ASCEND GAMES LIMITED,16688441,active,ltd,2025-09-02,,,"Office 14224 182-184 High Street North, East Ham, London, E6 2JA, United Kingdom",58210
180,ASA STUDIO LTD,10708979,active,ltd,2017-04-04,,,"84-90 Market Street, Hednesford, Cannock, WS12 1AG, England",58210; 62011
181,ASBO INTERACTIVE LIMITED,09996546,active,ltd,2016-02-09,,,"9 Albert Street, Victoria Garesfield, Rowlands Gill, Tyne And Wear, NE39 2JA, United Kingdom",62011
182,ASHBOURNE STUDIOS LTD,17216098,active,ltd,2026-05-13,,,"24 Penelope Road, Salford, M6 7GH, England",58210; 62011
183,ASHPAW GAMES LTD,16453684,active,ltd,2025-05-15,,,"4 Hencotes, Hexham, NE46 2EJ, England",62011
184,ASPYR MEDIA EUROPE LIMITED,05073853,active,ltd,2004-03-15,,,"Vaughan Chambers, Vaughan Road, Harpenden, Hertfordshire, AL5 4EE, England",58210
185,ASMR GAMES LTD,17276807,active,ltd,2026-06-17,,,"20 Wenlock Road, London, N1 7GU, England",58210
186,ASSOCIATION FOR INTERACTIVE MEDIA AND MICROPAYMENTS LTD,06520758,active,private-limited-guarant-nsc,2008-03-03,,"[{'ceased_on': '2017-10-02', 'effective_from': '2008-03-03', 'name': 'ASSOCIATION FOR INTERACTIVE MEDIA & ENTERTAINMENT LIMITED'}]","The Granary, 1 Waverley Lane, Farnham, Surrey, GU9 8BB, England",94120; 94990
187,ASTRAL DAWN STUDIOS LTD,12196293,active,ltd,2019-09-09,,,"9a Ramsden Square, 9a Ramsden Square, Cambridge, CB4 2BN, England",58210
188,ASTRAWARE LIMITED,03940683,active,ltd,2000-03-06,,,"Unit 6 Brock Way, Newcastle, Staffordshire, ST5 6AZ",58210; 58290
189,ASTRID ENTERTAINMENT UK LTD,14637896,active,ltd,2023-02-03,,,"12 New Fetter Lane, London, EC4A 1JP, United Kingdom",62011
190,ASTROFOX STUDIOS LTD,16129887,active,ltd,2024-12-11,,,"Suite Ra01, 195-197 Wood Street, London, E17 3NU, England",58210
191,ASYLUM,08265315,active,private-limited-guarant-nsc-limited-exemption,2012-10-23,,,"Amp 1 Acorn Parade, Meeting House Lane, London, SE15 2TZ, England",90040
192,ATA CONSULTANCY LTD,10587523,active,ltd,2017-01-27,,,"17 Green Lanes Green Lanes, London, N16 9BS, England",62011; 62012; 62020; 62090
193,ASYMPTOPIA LTD,17354072,active,ltd,2026-07-22,,,"128 City Road, London, EC1V 2NX, United Kingdom",58210; 62011; 62020
194,ATARAXIS ENTERTAINMENT LTD,SC748185,active,ltd,2022-10-24,,,"24 Shandon Street, Edinburgh, EH11 1QH, Scotland",62011
195,ATARI GAMES INTERNATIONAL LTD,16691978,active,ltd,2025-09-03,,,"31 Fir Close, Mundford, Thetford, IP26 5EE, England",58210
196,ATLANTIC SQ LTD,16467255,active,ltd,2025-05-22,,,"84 Heathfield Park Drive, Chadwell Heath, Romford, RM6 4FJ, England",62011; 62012; 63120; 73110
197,ATLANTIS ELEMENTS LIMITED,12122215,dissolved,ltd,2019-07-25,2026-09-08,,"12122215: COMPANIES HOUSE DEFAULT ADDRESS, Cardiff, CF14 8LH",58210; 62011
198,ATHLIMA LTD,14458653,active,ltd,2022-11-02,,,"71-75 Shelton Street, Covent Garden, London, WC2H 9JQ, United Kingdom",58210; 62011
199,ATMOSPHERIC ENTERTAINMENT GROUP LTD,16851262,active,ltd,2025-11-12,,,"71-75 Shelton Street, Covent Garden, London, WC2H 9JQ, United Kingdom",58210; 59112; 59200; 62011
200,ATLANTIS GAMES LIMITED,09771586,active,ltd,2015-09-10,,"[{'ceased_on': '2019-08-09', 'effective_from': '2015-12-01', 'name': 'SUMO DIGITAL (ATLANTIS) LIMITED'}, {'ceased_on': '2015-12-01', 'effective_from': '2015-09-10', 'name': 'AGHOCO 1336 LIMITED'}]","2nd Floor, Building 1410, Arlington Business Park Theale, Reading, RG7 4SA, England",62011
201,ATOMIC AGE GAMES LTD,16298732,active,ltd,2025-03-06,,,"Unit A, 82 James Carter Road, Mildenhall, IP28 7DE, United Kingdom",62011
202,ATRAX STUDIOS LTD,17149882,active,ltd,2026-04-10,,,"129 George Street, Wallsend, NE28 6SL, United Kingdom",58210
203,ATOMIC ENTERTAINMENT LIMITED,11820780,active,ltd,2019-02-12,,,"168 Church Road, Hove, BN3 2DL, England",93290
204,ATOM UNIVERSE LIMITED,09337155,active,ltd,2014-12-02,,,"43 Coniston Road, Woking, GU22 9HU, England",58210; 62090
205,ATOMICOM LIMITED,07471064,active,ltd,2010-12-15,,,"86 Rosefield Avenue Rosefield Avenue, Wirral, CH63 5JU, England",58210
206,A TO PLAY LTD,10433337,active,ltd,2016-10-18,,,"Ground Floor, 11 Pierrepont Street, Bath, BA1 1LA, United Kingdom",58210
207,A TRILLION GAMES LIMITED,08057137,active,ltd,2012-05-03,,,"1 Princeton Mews, 167-169 London Road, Kingston Upon Thames, Surrey, KT2 6PT",82990
208,ATTEMPTED MURDER GAMES LTD,16755028,active,ltd,2025-10-01,,,"62 Manor Avenue, London, SE4 1TE, England",62011
209,ATTRACT MODE LTD,11394934,active,ltd,2018-06-04,,,"23 Piccadilly Way, Morton, Bourne, PE10 0PE, United Kingdom",62011; 90030
210,ATTIC ENTERTAINMENT LTD,08696419,active,ltd,2013-09-18,,,"9-11 New Broadway, London, W5 5AW, England",59112
211,AUDIOMOB LTD,11944173,active,ltd,2019-04-12,,"[{'ceased_on': '2019-07-30', 'effective_from': '2019-04-12', 'name': 'JUKEBOX TECHNOLOGY LTD'}]","71-75 Shelton Street, Covent Garden, London, WC2H 9JQ, United Kingdom",62012
212,AURA FR LTD,16434878,active,ltd,2025-05-07,,,"16434878 - COMPANIES HOUSE DEFAULT ADDRESS, Cardiff, CF14 8LH",58210; 61200; 62011; 63120
213,AURA GAMES LIMITED,09241752,active,ltd,2014-09-30,,,"77 Botley Drive, Havant, Hampshire, PO9 4PJ, England",58210; 62011
214,AUROCH DIGITAL LIMITED,07389229,active,ltd,2010-09-28,,,"Eagle House, Colston Avenue, Bristol, BS1 4ST, England",62011
215,AUTHENTIC MEDIA PRODUCTIONS LTD,07162102,active,ltd,2010-02-18,,"[{'ceased_on': '2015-10-14', 'effective_from': '2012-03-16', 'name': 'AUTHENTIC FILM PRODUCTIONS LIMITED'}, {'ceased_on': '2012-03-16', 'effective_from': '2010-02-18', 'name': 'AUTHENTIC PRODUCTIONS LIMITED'}]","2 Upperton Gardens, Eastbourne, East Sussex, BN21 2AH, England",59111
216,AUTOMATICS GAMES GROUP LTD,16560080,active,ltd,2025-07-03,,,"66 Paul Street, London, EC2A 4NA, England",58210
217,AUTISTICA,05184164,active,private-limited-guarant-nsc-limited-exemption,2004-07-20,,"[{'ceased_on': '2009-12-21', 'effective_from': '2006-02-16', 'name': 'AUTISM SPEAKS'}, {'ceased_on': '2006-02-16', 'effective_from': '2004-07-20', 'name': 'NATIONAL ALLIANCE FOR AUTISM RESEARCH (UK)'}]","Suite B, 6 Honduras Street, London, EC1Y 0TH, United Kingdom",74990
218,AUTOMATON SYSTEMS LTD,10852282,active,ltd,2017-07-05,,,"57 Pembroke Road, Clifton, Bristol, BS8 3BE, England",26200; 58210; 62012
219,AUTOMIGO LTD,17075562,active,ltd,2026-03-06,,,"72, The Mount Paris Street, Exeter, EX1 2JY, United Kingdom",18203; 58290; 62011
220,AUTO STUDIO LIMITED,16914099,active,ltd,2025-12-16,,,"22 Carr Beck Rise, Apperley Bridge, Bradford, West Yorkshire, BD10 0FH, United Kingdom",58290; 62011; 62030
221,AUTUMN PIONEER LTD,13680147,active,ltd,2021-10-14,,,"128 City Road, London, EC1V 2NX, United Kingdom",58210; 62011
222,AUX ENTERTAINMENT LIMITED,17318607,active,ltd,2026-07-03,,,"4 Bretton House, St. James Street, Doncaster, South Yorkshire, DN1 3SF, United Kingdom",58210; 59112; 62011; 63120
223,AVALANCHE STUDIOS GROUP LIMITED,12625118,active,ltd,2020-05-27,,"[{'ceased_on': '2020-06-02', 'effective_from': '2020-05-27', 'name': 'AVALANCHE STUDIOS GROUP UK LIMITED'}]","C/O Langtons 11th Floor, The Plaza, 100 Old Hall Street, Liverpool, Merseyside, L3 0QJ, United Kingdom",62011
224,AVAJORA GAMES LTD,17030540,active,ltd,2026-02-12,,,"71-75 Shelton Street, Covent Garden, London, WC2H 9JQ, United Kingdom",58210; 62011
225,AVASOPHT GAMES LIMITED,16562785,active,ltd,2025-07-07,,,"148 Doggett Road, London, SE6 4QB, England",62011
226,AVATAR MEDIA STUDIOS LTD,16860779,active,ltd,2025-11-17,,,"128 City Road, London, EC1V 2NX, United Kingdom",58210; 62020
227,AVENTORA LIMITED,17191049,active,ltd,2026-04-30,,,"Dept 6758, 196 High Road, Wood Green, London, N22 8HH, United Kingdom",58210; 62011
228,AVENSUN GLOBAL LTD,17183173,active,ltd,2026-04-27,,,"82a James Carter Road, Mildenhall, Suffolk, IP28 7DE, United Kingdom",32409; 47910; 58210; 62011
229,AWE INTERACTIVE LIMITED,11982827,active,ltd,2019-05-07,,,"10 Stockbridge Road, Clifton, Shefford, SG17 5HA, England",58210; 62011
230,AWESOME ENTERTAINMENT GROUP LTD,16445086,active,ltd,2025-05-12,,,"14/2e Docklands Business Centre Tiller Road, London, E14 8PX, England",58210
231,AWKWARD REALITIES LTD,11940780,active,ltd,2019-04-11,,,"46 Goodhall Street, London, NW10 6TU, England",62011
232,AXIAL STUDIO LTD,09950668,active,ltd,2016-01-14,,,"460 Beechdale Road, Aspley, Nottingham, NG8 3LG, England",62011
233,AXIOM TECHNOLOGY LIMITED,09179080,active,ltd,2014-08-18,,,"32 Springs Terrace, Ilkley, LS29 8ST, England",58210; 58290; 62012
234,AWKWARD SILENCE GAMES LTD,17171850,active,ltd,2026-04-21,,,"48 High Street, Harston, Cambridge, CB22 7PZ, England",62011
235,AYCLASS APPS LTD,07936401,active,ltd,2012-02-06,,,"The Gate Business Centre Keppoch Street, Roath, Cardiff, CF24 3JW",46390; 47910; 62012; 77400
236,AXS STUDIO LTD,16475612,active,ltd,2025-05-27,,,"21 Lapwing Close, Northampton, NN4 0RT, England",58210; 62011
237,BABBLEFISH GAMES LTD,17156053,active,ltd,2026-04-14,,,"Flat 17 Gean Court, Cline Road, London, N11 2NF, England",58210
238,BACKFIRE STUDIOS LTD,17305284,active,ltd,2026-06-28,,,"Bartle House, 9 Oxford Court, Manchester, M2 3WQ, England",58210
239,BAD BEAT GAMES LIMITED,10940411,active,ltd,2017-08-31,,,"128 City Road, London, EC1V 2NX, United Kingdom",62011
240,BADFISH LABS LTD,11459605,active,ltd,2018-07-11,,,"46 Valley Green, Hemel Hempstead, HP2 7RF, England",58290; 62011; 62012; 74100
241,BAD BUCKET LIMITED,16941253,active,ltd,2026-01-04,,,"2 Rainham Road, Chatham, Kent, ME5 7EJ, United Kingdom",58210; 62011
242,BAD FOX STUDIOS LTD,14000332,active,ltd,2022-03-24,,"[{'ceased_on': '2022-06-14', 'effective_from': '2022-03-24', 'name': 'FAREHAM STUDIOS LTD'}]","The Bristol Office 2nd Floor, 5 High Street, Westbury-On-Trym, Bristol, BS9 3BY, England",62011
243,BADGER BEARD GAMES LTD,16679768,dissolved,ltd,2025-08-28,2026-08-04,,"3 Bass Orchards, Brenchley Road, Tonbridge, Kent, TN12 7BZ, United Kingdom",32409; 58210
244,BADGERHAMMER LIMITED,11424335,active,ltd,2018-06-20,,,"Preston Park House, South Road, Brighton, East Sussex, BN1 6SB, England",58210
245,BAD IMP STUDIOS LTD,14844932,active,ltd,2023-05-03,,,"11 Bridge Street, Bury, Lancashire, BL0 9AB, England",62011
246,BAD LOGIC STUDIOS LTD,11238208,active,ltd,2018-03-06,,,"4 Priory Road, Kenilworth, CV8 1LL, United Kingdom",62012
247,BAD PROPHECY GAMES LIMITED,13940512,active,ltd,2022-02-25,,,"102 Bromstone Road, Broadstairs, CT10 2HX, England",62011
248,BAD REACTION GAMES LTD,12598385,active,ltd,2020-05-12,,,"16 Onslow Crescent, Bradford, BD4 7TG, England",62011
249,BAD THUMB LTD,10739778,active,ltd,2017-04-25,,,"16 Cranborne Avenue, Southall, UB2 4HY, United Kingdom",58210
250,BAILIX STUDIOS LTD,16839583,active,ltd,2025-11-07,,,"71-75 Shelton Street, Covent Garden, London, WC2H 9JQ, United Kingdom",58210; 62020
251,BAD VIKING LTD,07595536,active,ltd,2011-04-07,,,"72 Bolton Road, Chessington, KT9 2JB, England",62011; 62012
252,BAKER GAME STUDIOS LIMITED,16945603,active,ltd,2026-01-06,,,"5 Hazelwood Grove, Leigh-On-Sea, SS9 4DE, England",58210; 62011
253,BALAVON STUDIOS LTD,16227301,active,ltd,2025-02-04,,,"53 Norwood Crescent, Stanningley, Pudsey, LS28 6NG, England",58210
254,BALLOON STUDIOS LTD,13416756,active,ltd,2021-05-24,,,"Kiln Orchard, Broadhempston, Totnes, TQ9 6BT, England",58210
255,BANDAI NAMCO ENTERTAINMENT UK LTD.,02133521,active,ltd,1987-05-21,,"[{'ceased_on': '2015-03-26', 'effective_from': '2014-02-25', 'name': 'BANDAI NAMCO GAMES UK LTD'}, {'ceased_on': '2014-02-25', 'effective_from': '2013-06-25', 'name': 'NAMCO BANDAI GAMES UK LIMITED'}, {'ceased_on': '2013-06-25', 'effective_from': '2009-07-22', 'name': 'NAMCO BANDAI PARTNERS UK LIMITED'}, {'ceased_on': '2009-07-22', 'effective_from': '2003-05-13', 'name': 'ATARI UNITED KINGDOM LIMITED'}, {'ceased_on': '2003-05-13', 'effective_from': '1998-01-30', 'name': 'INFOGRAMES UNITED KINGDOM LIMITED'}, {'ceased_on': '1998-01-30', 'effective_from': '1987-08-25', 'name': 'OCEAN SOFTWARE LIMITED'}, {'ceased_on': '1987-08-25', 'effective_from': '1987-05-21', 'name': 'PRIZE COMPUTERS LIMITED'}]","37-39 Kew Foot Road, Richmond, Surrey, TW9 2SS, England",62012
256,BANANA GAMES LIMITED,11563294,active,ltd,2018-09-11,,,"167-169 Great Portland Street, 5th Floor, London, W1W 5PF, England",62011
257,BARCLAYS BANK UK PLC,09740322,active,plc,2015-08-19,,"[{'ceased_on': '2017-06-15', 'effective_from': '2015-08-19', 'name': 'BARCLAYS UK AND EUROPE PLC'}]","1 Churchill Place, London, E14 5HP, England",64191
258,BARE KNUCKLE DEVELOPMENT LIMITED,09489915,active,ltd,2015-03-13,,,"22 Blackshaw Lane, Royton, Greater Manchester, OL2 6NT, England",58210; 59200; 62011
259,BARE METTLE ENTERTAINMENT LTD,08115532,active,ltd,2012-06-22,,,"C/O Accountsco, 47 Islington Park Street, London, N1 1QB, England",82990
260,BARNSLEY COLLEGE DEVELOPMENT COMPANY LIMITED,06994842,active,ltd,2009-08-19,,,"Barnsley College, Church Street, Barnsley, South Yorkshire, S70 2YW, United Kingdom",41100
261,BAROG LIMITED,09207429,active,ltd,2014-09-08,,,"Overhill Howden Croft Hill, Ellerker, Brough, HU15 2DE, England",62011
262,BARNSTORM GAMES LIMITED,05982280,active,ltd,2006-10-30,,"[{'ceased_on': '2014-10-02', 'effective_from': '2007-12-13', 'name': 'NOMISIAN LIMITED'}, {'ceased_on': '2007-12-13', 'effective_from': '2006-10-30', 'name': 'S & I PROPERTIES (UK) LIMITED'}]","6th Floor 2 London Wall Place, London, EC2Y 5AU, England",62011
263,BARRA STUDIOS LTD,16578990,active,ltd,2025-07-14,,,"124 City Road, London, EC1V 2NX, United Kingdom",62011
264,BARTLE & WOOD LTD,15570922,active,ltd,2024-03-17,,,"Shepherd Accountants Ltd 20 Lintot Square, Fairbank Road, Southwater, Horsham, RH13 9LA, United Kingdom",70229
265,BARROW STUDIOS LTD,12065542,dissolved,ltd,2019-06-24,2026-09-22,,"Clearview Blacknest Road, Blacknest, Alton, Hampshire, GU34 4PX, England",62011; 90030
266,BASE REALITIES LIMITED,17284267,active,ltd,2026-06-18,,,"95 Mortimer Street, London, W1W 7GB, England",58210; 62011
267,BASTION LIMITED,02742050,active,ltd,1992-08-21,,,"188 High Street, Tonbridge, TN9 1BE, England",73120
268,BAT CAVE GAMES LIMITED,10115479,active,ltd,2016-04-10,,,"18 Battle Close, Sarisbury Green, Southampton, SO31 7ZF, United Kingdom",62011
269,BATATA STUDIOS LTD,16472545,active,ltd,2025-05-23,,,"Larkhill Lodge, Lark Hill, Cleckheaton, BD19 6JP, England",58210; 62011
270,BATTLERAM STUDIOS LTD,NI731663,active,ltd,2025-07-24,,,"34 Unity Street, Carrickfergus, BT38 8AW, Northern Ireland",58210
271,BBC STUDIOS DISTRIBUTION LIMITED,01420028,active,ltd,1979-05-15,,"[{'ceased_on': '2018-10-01', 'effective_from': '1995-01-01', 'name': 'BBC WORLDWIDE LIMITED'}, {'ceased_on': '1995-01-01', 'effective_from': '1979-05-15', 'name': 'BBC ENTERPRISES LIMITED'}]","1 Television Centre, 101 Wood Lane, London, W12 7FA, United Kingdom",59113; 90030
272,BDO LLP,OC305127,active,llp,2003-07-18,,"[{'ceased_on': '2009-10-05', 'effective_from': '2003-07-18', 'name': 'BDO STOY HAYWARD LLP'}]","55 Baker Street, London, W1U 7EU",
273,BEANSPROUT GAMES LIMITED,16574436,active,ltd,2025-07-10,,,"8 Ginkgo Walk, Leamington Spa, CV31 3QT, England",62011
274,BEARD ENVY LTD,12091637,active,ltd,2019-07-08,,,"4 High Street, Shepperton, Middlesex, TW17 9AW, United Kingdom",58210
275,BEARCLAW GAMES LTD,17203693,active,ltd,2026-05-07,,,"82a James Carter Road, Mildenhall Suffolk, IP28 7DE, United Kingdom",47910; 58210; 62011; 73110
276,BEARHAMMER GAMES LTD,SC616982,active,ltd,2018-12-27,,,"48 West George Street, Bearhammer Games Ltd, Clyde Offices 2nd Floor, Glasgow, G2 1BP, Scotland",58210; 62011
277,BEARPACA STUDIOS LTD,16345689,active,ltd,2025-03-26,,,"501 Halliday House 2 Circus Road West, London, SW11 8EY, United Kingdom",62011
278,BEARWAVES LTD,11188196,active,ltd,2018-02-05,,,"71-75 Shelton Street Covent Garden, London, WC2H 9JQ, United Kingdom",62011
279,BEAR WOLF GAMES LTD,11662030,active,ltd,2018-11-06,,,"2c Duchess Street, Whitley Bay, NE26 3PW, England",62011
280,BEAT FITNESS GAMES LTD,11355076,active,ltd,2018-05-10,,,"125 Harbut Road, London, SW11 2RD, United Kingdom",62011
281,BEEBZ GAMING LTD,16708034,active,ltd,2025-09-10,,,"Unit 3, Office A, 1st Floor, 6-7 St Mary At Hill, London, EC3R 8EE, England",58210; 62011
282,BEGAME DIGITAL LIMITED,09996485,active,ltd,2016-02-09,,"[{'ceased_on': '2017-06-29', 'effective_from': '2016-11-02', 'name': 'BEGAME DIGITAL PLC'}, {'ceased_on': '2016-11-02', 'effective_from': '2016-02-09', 'name': 'BEGAME DIGITAL LIMITED'}]","2nd Floor Nucleus House, 2 Lower Mortlake Road, Richmond, TW9 2JA, United Kingdom",58210; 62011
283,BEHAVIOURAL GAMES LTD,11668355,active,ltd,2018-11-08,,,"C/O Buffery & Co Ltd, Chiltern House, 45 Station Road, Henley-On-Thames, RG9 1AT, England",62011
284,BEHAVIOUR INTERACTIVE  UK LIMITED,08396438,active,ltd,2013-02-11,,"[{'ceased_on': '2023-11-14', 'effective_from': '2023-03-23', 'name': 'BEHAVIOUR INTERACTIVE UK - NORTH LIMITED'}, {'ceased_on': '2023-03-23', 'effective_from': '2013-02-11', 'name': 'SOCKMONKEY STUDIOS LTD'}]","16-26 Albert Road, Middlesbrough, TS1 1PR, England",62011
285,BEITHIR GAMES LTD,SC888443,active,ltd,2026-05-05,,,"2/3 48 West George Street, Glasgow, G2 1BP, Scotland",58210; 62011
286,BELLYFLOP GAMES LTD,16261618,active,ltd,2025-02-19,,,"71-75 Shelton Street, Covent Garden, London, WC2H 9JQ, United Kingdom",58210
287,BELOUDEST LTD,07947458,active,ltd,2012-02-13,,,"Moose Accounting Studio 520 Green House, Custard Factory, Gibb Street, Birmingham, B9 4DP, England",62011
288,BELWAR STUDIOS LTD,17288760,active,ltd,2026-06-19,,,"71-75 Shelton Street, Covent Garden, London, WC2H 9JQ, United Kingdom",58210; 58290; 59111; 59200
289,BEST BOARD GAMES LIMITED,13493223,active,ltd,2021-07-05,,,"1 Derby Road, Eastwood, Nottingham, NG16 3PA, England",62011
290,BETAJESTER LTD,09599109,active,ltd,2015-05-19,,,"York Hub Popeshead Court Offices, Peter Lane, York, North Yorkshire, YO1 8SU, England",62011
291,BEYOND TOMORROW STUDIOS LTD,15055704,active,ltd,2023-08-07,,,"8 Delta Mews, London, NW7 1RA, England",58210
292,BGG ENTERTAINMENT LIMITED,09432793,active,ltd,2015-02-10,,,"3 Prospect Point, Cambridgeshire Business Park, Ely, Cambs, CB7 4EX, United Kingdom",56301; 90010; 90020; 93290
293,BIDIGO LTD,16180336,active,ltd,2025-01-13,,,"71-75 Shelton Street, Covent Garden, London, WC2H 9JQ, United Kingdom",58290; 62011
294,BHIK STUDIOS LTD,SC670511,active,ltd,2020-08-11,,,"1 Cambuslang Court, Cambuslang, Glasgow, Strathclyde, G32 8FH, United Kingdom",62011
295,BIBSWORTH STUDIOS LTD,16518268,active,ltd,2025-06-14,,,"14 Lathom Road, Southport, PR9 0JH, England",62011
296,BIG BEAR GAMES LTD,11881561,active,ltd,2019-03-14,,,"19 Greenfield Park Drive, York, YO31 1JB, United Kingdom",58210
297,BIG 5 GAMES LIMITED,09739879,active,ltd,2015-08-19,,,"7 Granard Business Centre, Bunns Lane, Mill Hill, London, NW7 2DQ, United Kingdom",62011
298,BIG BITE GAMES LTD,16406474,active,ltd,2025-04-24,,,"41 Devonshire Street, Ground Floor, London, W1G 7AJ, United Kingdom",58210; 62011
299,BIGBONK STUDIO LIMITED,17117333,active,ltd,2026-03-25,,,"128 Aylsham Road, Norwich, NR3 2HD, England",58210; 62011
300,BIG BLUE GAMES LIMITED,13979931,dissolved,ltd,2022-03-16,2026-09-01,,"76 Wardour Street, Fifth Floor, London, W1F 0UR, England",62011
301,BIGDADDYINC LTD,17025445,active,ltd,2026-02-10,,,"Flat 8 58 Dovedale Road, Liverpool, L18 5ER, England",58290; 62011
302,BIGGER GAMES LTD.,11787348,active,ltd,2019-01-25,,,"3 Coldbath Square, London, EC1R 5HL, United Kingdom",58210
303,BIG EVIL CORPORATION LTD,10553707,active,ltd,2017-01-09,,,"1 Newbrook Avenue, Manchester, M21 7PT, England",62012
304,BIG LAD GAMES LTD,17013044,active,ltd,2026-02-04,,,"71 Harlech Drive, Merthyr Tydfil, CF48 1JU, Wales",58210
305,BIGMOON ENTERTAINMENT EUROPE LIMITED,10235327,active,ltd,2016-06-16,,,"The Old Workshop, 1 Ecclesall Road South, Sheffield, S11 9PA",62011
306,BIG MOTIVE LTD,NI051892,active,ltd,2004-09-27,,"[{'ceased_on': '2013-04-19', 'effective_from': '2006-09-18', 'name': 'FRANK DESIGN AND COMMUNICATION LTD'}, {'ceased_on': '2006-09-18', 'effective_from': '2006-07-27', 'name': 'FRANK DESIGN AND COMMUNICATION LTD'}, {'ceased_on': '2006-07-27', 'effective_from': '2004-09-27', 'name': 'FRANK (NI) LTD'}]","The Kelvin 17-25, College Square East, Belfast, BT1 6DH, Northern Ireland",62020; 62090
307,BIG MOOLI LTD,17229630,active,ltd,2026-05-19,,,"3, Grosvenor House, Chapel Street, Congleton, CW12 4AB, United Kingdom",58210; 62011
308,BIG PIXEL STUDIOS LIMITED,06950777,active,ltd,2009-07-02,,,"Chiswick Park Building 2, 566 Chiswick High Road, London, W4 5YB, England",58210; 62011
309,BIG RADICAL LIMITED,07043006,active,ltd,2009-10-14,,"[{'ceased_on': '2017-01-31', 'effective_from': '2014-06-02', 'name': 'MONITISE CREATE LIMITED'}, {'ceased_on': '2014-06-02', 'effective_from': '2009-10-14', 'name': 'GRAPPLE MOBILE LIMITED'}]","White Building Studios, 1-4 Cumberland Place, Southampton, Hampshire, SO15 2NP, England",62020
310,BIG SPEC GAMES LTD,11949455,active,ltd,2019-04-16,,,"13 Kingsnorth Road, Flixton, Lancashire, M41 8SL, England",62011
311,BIG ROBOT LTD,07173272,active,ltd,2010-03-01,,,"1 Second Avenue, Halstead, Essex, CO9 2SU, England",62090
312,BIIM CORPORATION LTD,12856710,active,ltd,2020-09-03,,,"Office Suite 3, Shrieves Walk, Stratford Upon Avon, CV37 6GJ, England",62011
313,BIGZUR LP,SL014629,active,limited-partnership,2013-11-01,,,"Suite 8093 17 Union Street, Dundee, DD1 4BG, Scotland",
314,BILL CORN GAMES LTD,17340571,active,ltd,2026-07-15,,,"15 Swallow Court Lacey Green, Wilmslow, SK9 4BL, England",58210
315,BILLY BIG BAGEL'S INTERACTIVE ENTERTAINMENT LIMITED,12319423,active,ltd,2019-11-18,,,"4th Floor Silverstream House, Fitzroy Street, London, W1T 6EB, England",58210
316,BINARYGRAFT LTD,13295157,active,ltd,2021-03-26,,,"114 Frith Road, London, E11 4EY, England",58210; 62011
317,BINARY CHARM LTD,12419567,active,ltd,2020-01-22,,,"124 City Road, London, EC1V 2NX, England",62011; 62012
318,BILLY GOAT ENTERTAINMENT LIMITED,NI604180,active,ltd,2010-08-23,,,"65 Great Northern Street, Belfast, BT9 7FL, Northern Ireland",62011
319,BINARY SPIDERS LTD,09525143,active,ltd,2015-04-02,,"[{'ceased_on': '2016-08-01', 'effective_from': '2015-08-04', 'name': 'GAMEOVER HOSTING LTD'}, {'ceased_on': '2015-08-04', 'effective_from': '2015-04-02', 'name': 'BINARY IMPULSE LIMITED'}]","37 Avington, Great Holm, Milton Keynes, Buckinghamshire, MK8 9DG, United Kingdom",58210; 62011; 62012
320,BINARYWITCH GAME STUDIO LTD,16880058,active,ltd,2025-11-28,,,"71-75 Shelton Street, Covent Garden, London, WC2H 9JQ, United Kingdom",58210; 58290; 62011
321,BIOLAB GAMES LTD,17313342,active,ltd,2026-07-01,,,"66 Paul Street, London, England, EC2A 4NA, United Kingdom",58210
322,BIOSHRED GAMES LTD,16518722,active,ltd,2025-06-15,,,"41 Harling Road, Preston, PR1 5YR, England",58210
323,BIOME COLLECTIVE,SC540146,active,private-limited-guarant-nsc-limited-exemption,2016-07-13,,,"C/O Henderson Loggie Llp Unit 8, The Vision Building, 20 Greenmarket, Dundee, DD1 4QB, Scotland",62011
324,BIRD & BIRD LLP,OC340318,active,llp,2008-09-24,,,"12 New Fetter Lane, London, EC4A 1JP",
325,BIRD BRAIN GAMES LIMITED,16203561,active,ltd,2025-01-23,,,"9 Broomhall Close, Oswestry, SY10 7HF, United Kingdom",58210; 62011
326,BIRD IN SKY LTD,11758423,active,ltd,2019-01-09,,,"4 Lon Elan Meliden, Prestatyn, Denbighshire, LL19 8LP, Wales",62011
327,BIT66 GAMES LTD,16314873,active,ltd,2025-03-13,,,"71-75 Shelton Street, Covent Garden, London, WC2H 9JQ, United Kingdom",58210; 58290
328,BITBULL LIMITED,03771532,active,ltd,1999-05-17,,"[{'ceased_on': '1999-07-29', 'effective_from': '1999-05-17', 'name': 'EMITREALM LIMITED'}]","44 Dane Rise, Winsley, Nr Bradford On Avon, Wiltshire, BA15 2ND",62011
329,BITCRUNCHSTUDIO LTD,16610474,active,ltd,2025-07-28,,,"11 Martingale Close, Cambridge, CB4 3TA, England",58210; 62011; 62090; 74100
330,BITE SIZE GAMES LIMITED,SC479306,active,ltd,2014-06-05,,,"Floor 3 1 - 4 Atholl Crescent, Edinburgh, EH3 8HA, Scotland",58210
331,BIT LOOM LTD,SC571673,active,ltd,2017-07-20,,,"1l, 31 Albert Square, Meadowside, Dundee, DD1 1DJ, Scotland",58210
332,BIVIO GAME LTD,16860649,active,ltd,2025-11-17,,,"7 Copperfield Road, Coventry, West Midlands, England, CV2 4AQ, United Kingdom",47910; 58290; 62011; 62012
333,BITMAP BUREAU LTD,10015841,active,ltd,2016-02-19,,,"The Old Chemist 16 Manor Farm Road, Bitterne Park, Southampton, Hampshire, SO18 1NP, England",62011; 62012
334,BIT LOOPY GAMES LIMITED,06724754,active,ltd,2008-10-15,,"[{'ceased_on': '2016-11-30', 'effective_from': '2012-07-02', 'name': 'NEIL DUFFIN PHOTOGRAPHY LIMITED'}, {'ceased_on': '2012-07-02', 'effective_from': '2008-10-15', 'name': 'FREYA CREATIVE LIMITED'}]","31 Spire Heights, Chesterfield, Derbyshire, S40 4TG",62011; 90030
335,BJSS LIMITED,02777575,active,ltd,1993-01-06,,"[{'ceased_on': '1995-05-10', 'effective_from': '1993-07-12', 'name': 'BJ SOFTWARE SERVICES LIMITED'}, {'ceased_on': '1993-07-12', 'effective_from': '1993-01-06', 'name': 'K & S (187) LIMITED'}]","20 Fenchurch Street 14th Floor, London, EC3M 3BY, United Kingdom",62012
336,BLACK CACTUS LTD.,08048072,active,ltd,2012-04-26,,,"1 Broomhill Road, Kimberley, Nottingham, NG16 2LZ, England",70229
337,BLACK CANNON STUDIOS LTD,16999092,active,ltd,2026-01-29,,,"10 Falsgrave Road, Scarborough, YO12 5AT, England",58210
338,BLACK CAT ENTERTAINMENT LTD,11073583,active,ltd,2017-11-21,,"[{'ceased_on': '2020-01-29', 'effective_from': '2017-11-21', 'name': 'BLACK CAT GAMING LTD'}]","14 Randall Close, Warwick, CV34 7BF, England",46190; 58190; 58210; 62011
339,BLACK DRAGON STUDIOS LTD,11554719,active,ltd,2018-09-05,,,"14 Museum Place, 4th Floor, Cardiff, CF10 3BH, Wales",58210; 62012
340,BLACK SALAMANDER STUDIOS LTD,16644653,active,ltd,2025-08-12,,,"Bramshaw, Oatlands Avenue, Weybridge, KT13 9TR, England",58210
341,BLACKSTAFF GAMES LTD,NI622722,active,ltd,2014-02-07,,,"Apt 9 14 College Gardens, Belfast, BT9 6BQ, Northern Ireland",62011; 90030
342,BLACKWELL GAMES LTD,SC871863,active,ltd,2025-12-04,,,"3 Fitzroy Place, Office 9056lp, Area 1/1, Glasgow, G3 7RH, Scotland",32409; 58110; 58210
343,BLANK IN MOTION LTD,14052391,active,ltd,2022-04-19,,,"167-169 Great Portland Street 5th Floor London Great Portland Street, London, W1W 5PF, England",58210; 58290; 62011; 63120
344,BLASTBOX GAMES LTD,14771014,active,ltd,2023-03-30,,,"Lytchett House 13 Freeland Park, Wareham Road, Poole, Dorset, BH16 6FA, United Kingdom",62011
345,BLAZE ENTERTAINMENT LIMITED,06896465,active,ltd,2009-05-06,,"[{'ceased_on': '2019-02-08', 'effective_from': '2009-05-06', 'name': 'XPLODER LIMITED'}]","St Christophers House, 126 Ridge Road, Letchworth Garden City, Hertfordshire, SG6 1PT, United Kingdom",58210; 62011; 62090
346,BLASTWORKS LIMITED,07467813,active,ltd,2010-12-13,,"[{'ceased_on': '2015-08-19', 'effective_from': '2011-06-30', 'name': 'BEJIG LIMITED'}, {'ceased_on': '2011-06-30', 'effective_from': '2010-12-13', 'name': 'AVERCO NO1 LIMITED'}]","2 Valentine Place, London, SE1 8QH, England",62011; 77400
347,BLAZING GRIFFIN LIMITED,SC404603,active,ltd,2011-08-02,,,"The Old School House, 101 Portman Street, Glasgow, G41 1EJ, Scotland",58110; 59113; 59131; 62011
348,BLEEDING EDGE STUDIO LTD,12213537,active,ltd,2019-09-18,,,"20 Wenlock Road, London, N1 7GU, England",58210
349,BLINK ANIMATION LIMITED,12804706,active,ltd,2020-08-11,,,"77 Dean Street, London, W1D 3SH, United Kingdom",59111; 59113
350,BLINK GAME STUDIO LTD,16114101,active,ltd,2024-12-02,,,"186 Hospital Bridge Road, Twickenham, TW2 6LF, England",62011
351,BLINKBOTAI LTD,16735918,active,ltd,2025-09-23,,,"50 Princes Street, Ipswich, IP1 1RJ, England",58290; 62011
352,BLIPCRAFT STUDIOS LIMITED,17275039,active,ltd,2026-06-17,,,"6 Clegg Square, Shenley Lodge, Milton Keynes, MK5 7HG, England",58290; 62011; 62012
353,BLOCK EVOLUTION STUDIOS LIMITED,13654620,active,ltd,2021-09-30,,,"Third Floor Gateway House, Tollgate, Chandlers Ford, Hampshire, SO53 3TG, United Kingdom",62011
354,BLOCKLAB STUDIOS LTD,11707622,active,ltd,2018-12-03,,,"15 Paternoster Row, Sheffield, S1 2BX, United Kingdom",58210
355,BLOKBALL LABS LTD,14758346,dissolved,ltd,2023-03-25,2026-09-22,,"309 Hoe Street, Walthamstow, London, E17 9BG, United Kingdom",58210; 62011
356,BLOXXIT STUDIOS LTD,12288854,active,ltd,2019-10-30,,,"Office C, 616-618 Chigwell Road, Woodford Green, IG8 8AA, England",58210
357,BLUEBASTION ENTERTAINMENT LIMITED,17219473,active,ltd,2026-05-14,,,"Unit 82a James Carter Road, Mildenhall, Bury St. Edmunds, IP28 7DE, England",47910; 58210; 59112; 62011
358,BLUE BECK LTD,06579338,active,ltd,2008-04-29,,"[{'ceased_on': '2009-08-07', 'effective_from': '2008-04-29', 'name': 'BLUEBECK GAMES LTD'}]","Westminster House, 10 Westminster Road, Macclesfield, Cheshire, SK10 1BX",62090
359,BLUE CHIP STUDIOS LTD,17090231,active,ltd,2026-03-13,,,"24-26 Regent Place, Birmingham, B1 3NJ, England",58210; 62011
360,BLUECEDURAL LIMITED,14822715,active,ltd,2023-04-24,,,"Meadow Cottage Barrow Lane, Charlton Musgrove, Wincanton, BA9 8HW, United Kingdom",58210; 62011
361,BLUE MOON STUDIOS LTD,16919623,active,ltd,2025-12-18,,,"23 Stud Green, Watford, WD25 7EU, England",58210
362,BLUE OMEGA LIMITED,06561012,active,ltd,2008-04-10,,"[{'ceased_on': '2009-11-25', 'effective_from': '2008-04-10', 'name': 'DUKESBOX LIMITED'}]","9 Hythe Close, Burwell, Cambridgeshire, CB25 0EZ, United Kingdom",62011
363,BLUE POTION GAMES LIMITED,10008238,active,ltd,2016-02-16,,,"3 Lintzford Gardens, Rowlands Gill, NE39 1DJ, England",62011
364,BLUESTRATUS LIMITED,08086293,active,ltd,2012-05-28,,,"133 Midanbury Lane, Southampton, Hampshire, SO18 4HA",62011
365,BOGAMES SOFTWARE LTD,17100237,active,ltd,2026-03-18,,,"71-75 Shelton Street, Covent Garden, London, WC2H 9JQ, United Kingdom",58210; 62011
366,BOB CAT GAMES LTD,17334045,active,ltd,2026-07-11,,,"50 Princes Street, Ipswich, IP1 1RJ, England",58210
367,BOHO INTERACTIVE LTD,17230907,active,ltd,2026-05-19,,,"17230907 - COMPANIES HOUSE DEFAULT ADDRESS, Cardiff, CF14 8LH",62011
368,BOKKA CO. LIMITED,17180200,active,ltd,2026-04-24,,,"66 Paul Street, London, England, EC2A 4NA, United Kingdom",58210; 58290; 62011
369,BOMBSHELL GAMES LTD,11804942,active,ltd,2019-02-04,,,"88a St. Peters Street, Lowestoft, Suffolk, NR32 1QE, United Kingdom",58210
370,BONE CLUB DIGITAL LTD,16983865,active,ltd,2026-01-23,,,"128 City Road, London, EC1V 2NX, United Kingdom",58210; 58290; 62011
371,BONELOAF LIMITED,07571318,active,ltd,2011-03-21,,,"117 Rockingham Street, Sheffield, S1 4EB, England",58210
372,BONUSFAN GAMES LTD.,16959297,active,ltd,2026-01-13,,,"314 Midsummer Boulevard,Central Milton Keynes, Milton Keynes, Buckinghamshire, MK9 2UB, United Kingdom",58210; 63990; 73110
373,BOOMBIT GAMES LTD,08943502,active,ltd,2014-03-17,,"[{'ceased_on': '2014-10-28', 'effective_from': '2014-03-24', 'name': 'KIDS GAMES LTD'}, {'ceased_on': '2014-03-24', 'effective_from': '2014-03-17', 'name': 'KIDS FUN GAMES FOR FREE LTD'}]","14th Floor 33 Cavendish Square, London, W1G 0PW, United Kingdom",58210
374,BOOMDASH DIGITAL LIMITED,09706705,active,ltd,2015-07-28,,,"Westminster House, 10 Westminster Road, Macclesfield, Cheshire, SK10 1BX, United Kingdom",58210
375,BORA BORA FILMS LTD,08876476,active,ltd,2014-02-04,,"[{'ceased_on': '2023-03-17', 'effective_from': '2014-02-04', 'name': '4 PM GAME LIMITED'}]","59a Tollington Way, London, N7 6RG, England",58210; 59111
376,BORN READY GAMES LIMITED,07992884,active,ltd,2012-03-15,,"[{'ceased_on': '2012-05-04', 'effective_from': '2012-03-15', 'name': 'LOST QUASAR LIMITED'}]","Flat 2, Boulevard House, 32 Regent Street, Brighton, East Sussex, BN1 1UU, England",58210; 62011
377,BOPBOP STUDIOS LTD,17107268,active,ltd,2026-03-21,,,"23 Clover Way, Paddock Wood, Tonbridge, TN12 6BQ, England",58210
378,BOSSA STUDIOS LIMITED,07375707,active,ltd,2010-09-14,,,"Simpsons Farm Simpsons Farm, Pentlow, Sudbury, CO10 7JT, England",62011
379,BOSS GAMES LIMITED,10534758,active,ltd,2016-12-21,,,"1 Huxley Road, Surrey Research Park, Guildford, Surrey, GU2 7RE, England",62011
380,BOSS MODE GAMES LIMITED,10901167,active,ltd,2017-08-04,,,"Brewery House High Street, Twyford, Winchester, SO21 1RG, United Kingdom",58210
381,BOX ART STUDIOS LTD,10724838,active,ltd,2017-04-13,,,"114 Elmore, Swindon, SN3 3TN, England",62011
382,BOVENTI LTD,17082924,active,ltd,2026-03-10,,,"71-75 Shelton Street, Covent Garden, London, WC2H 9JQ, United Kingdom",47910; 58190; 58210; 62011
383,BOXFACE GAMES LTD,08955343,active,ltd,2014-03-24,,,"Tansor Manor, Fotheringhay Road, Tansor, Northamptonshire, PE8 5HN",62011
384,BOXXY GAMES LTD,17168689,active,ltd,2026-04-20,,,"39 Hicks Close, Probus, Truro, TR2 4NE, England",58210; 59200
385,BRADDLE LTD,16744547,active,ltd,2025-09-26,,"[{'ceased_on': '2025-10-16', 'effective_from': '2025-09-26', 'name': 'BRAINTRICS LTD'}]","128 City Road, London, EC1V 2NX, United Kingdom",58210; 58290; 63990
386,BRAIN AND NERD LTD,NI617636,active,ltd,2013-04-02,,,"Blick Studios, 46 Hill Street, Belfast, BT1 2LB, Northern Ireland",62011
387,BRAINCHILD STUDIOS LTD,10557988,active,ltd,2017-01-11,,,"Flat 1 Dunstan House, 83 Malpas Road, London, SE4 1DW, United Kingdom",62011
388,BRAIN SEAL LTD,06334639,active,ltd,2007-08-06,,,"207 Regent Street, 3rd Floor, London, W1B 3HH",62011
389,BRAINSPARK GAMES LTD,12300870,active,ltd,2019-11-06,,"[{'ceased_on': '2022-08-04', 'effective_from': '2020-11-13', 'name': 'XPLOREALMS LTD'}, {'ceased_on': '2020-11-13', 'effective_from': '2019-11-06', 'name': 'IXPLOR LTD'}]","Michelin House, Fulham Road, London, SW3 6RD, England",62090; 85520; 85590; 85600
390,BRAINTY LTD.,16800101,active,ltd,2025-10-21,,,"71-75 Shelton Street, Covent Garden, London, WC2H 9JQ, United Kingdom",58210; 62011; 62020; 63110
391,BRAINY BUNCH GAMES LIMITED,17200520,active,ltd,2026-05-05,,,"71-75 Shelton Street, Covent Garden, London, WC2H 9JQ, United Kingdom",58210
392,BRAMBLETYNE LTD,08934873,active,ltd,2014-03-12,,,"14 Glynn Road, Peacehaven, BN10 8AN, England",58110; 59113; 59120; 62011
393,BRANCHING NARRATIVE LTD.,11220511,active,ltd,2018-02-22,,"[{'ceased_on': '2019-05-17', 'effective_from': '2018-02-22', 'name': 'MATT SPALL CONSULTING LIMITED'}]","Flat 3 Clydesdale Court, 3 Oakleigh Park North, London, Greater London, N20 9BB, England",62012
394,BRAND NEW GAME COMPANY LIMITED,11475613,active,ltd,2018-07-20,,,"C/O Shs The Terrace, 76 Wardour Street, London, W1F 0UR, England",58210; 62011
395,BRAVE AT NIGHT LTD,09374050,active,ltd,2015-01-05,,,"30-34 North Street, Hailsham, East Sussex, BN27 1DW, England",62011
396,BRAND NEW GAME DEVELOPMENTS LIMITED,11477738,active,ltd,2018-07-23,,,"C/O Shs Fifth Floor The Terrace, 76 Wardour Street, London, W1F 0UR, England",58210; 62011
397,BREAK CITY ENTERTAINMENT LTD,16302772,active,ltd,2025-03-09,,,"11 Tompkins Close, Shenley Brook End, Milton Keynes, MK5 7EJ, England",58210
398,BREVA BRIDGE CARD GAME LTD,06809421,active,ltd,2009-02-04,,"[{'ceased_on': '2019-01-23', 'effective_from': '2012-01-03', 'name': 'BREVA BRIDGE LTD'}, {'ceased_on': '2012-01-03', 'effective_from': '2009-02-04', 'name': 'BREVA SOFTWARE LIMITED'}]","Enterprise House, 2 Pass Street, Oldham, Lancs, OL9 6HZ, England",58210
399,BRIGHTBURST LTD,13856531,active,ltd,2022-01-18,,,"20-22 Wenlock Road, London, N1 7GU, England",58210; 62011
400,BRIGHTROCK GAMES LIMITED,09798155,active,ltd,2015-09-28,,"[{'ceased_on': '2015-10-08', 'effective_from': '2015-09-28', 'name': 'DOUBLESHOT GAMES LIMITED'}]","30-34 North Street, Hailsham, BN27 1DW, England",62011
401,BRILLIANCE GAMES LTD,16366993,active,ltd,2025-04-04,,,"Lytchett House 13 Freeland Park, Wareham Road, Poole, BH16 6FA, England",58210
402,BRILLIANT LABS LIMITED,07635707,active,ltd,2011-05-16,,,"4th Floor 100 Fenchurch Street, London, EC3M 5JD, England",62011
403,BRILLIANT SKIES LTD,SC455701,active,ltd,2013-07-31,,,"Ridgewood, Methlick, Ellon, AB41 7EB, Scotland",58210; 62011
404,BRISTOL GAMES HUB LTD,08401523,active,private-limited-guarant-nsc,2013-02-13,,,"129 Newfoundland Road, Bristol, Avon, BS2 9LU, United Kingdom",82110
405,BROKEN BUTTONS LTD,11778383,active,ltd,2019-01-21,,,"16 Felkirk Drive, Ryhill, Wakefield, West Yorkshire, WF4 2PL, United Kingdom",58210; 62011
406,BROKEN FENCE GAMES LIMITED,09282720,active,ltd,2014-10-27,,,"32 Redgates, Walkington, Beverley, HU17 8TS, England",62011
407,BRONZE BOX INTERACTIVE LIMITED,14047527,active,ltd,2022-04-14,,,"3 Richfield Place, 12 Richfield Avenue, Reading, Berkshire, RG1 8EQ, England",62011
408,BROWN BETTY LIMITED,08929104,active,ltd,2014-03-07,,,"27 Mortimer Street, London, W1T 3BL",70210
409,BROXY GAMES LTD,17336006,active,ltd,2026-07-13,,,"Suite 8242 61 Bridge Street, Kington, Herefordshire, HR5 3DJ, United Kingdom",58210; 62011
410,BRUSHIFY LTD,12956835,active,ltd,2020-10-16,,,"Level 5a Maple House, 149 Tottenham Court Road, London, W1T 7NF, United Kingdom",58210; 62011
411,BRYAN GALE LTD,09706569,active,ltd,2015-07-28,,,"3rd Floor 86-90 Paul Street, London, EC2A 4NE, United Kingdom",58210
412,BT GROUP PLC,04190816,active,plc,2001-03-30,,"[{'ceased_on': '2001-09-11', 'effective_from': '2001-03-30', 'name': 'NEWGATE TELECOMMUNICATIONS LIMITED'}]","1 Braham Street, London, E1 8EE, United Kingdom",61900
413,BUCKY LTD,09480767,active,ltd,2015-03-10,,"[{'ceased_on': '2019-06-12', 'effective_from': '2015-03-10', 'name': 'PIXEL CASTLE STUDIOS LTD'}]","70 Bellevue Road, London, W13 8DE, United Kingdom",58210; 62011; 62012
414,BUDDHA PUNCH STUDIOS LTD,16946790,active,ltd,2026-01-06,,,"18 Chandlers House Gaol Ferry Steps, Bristol, BS1 6WD, England",58210
415,BUFF MY WEBSITE LIMITED,11351813,active,ltd,2018-05-09,,"[{'ceased_on': '2026-03-04', 'effective_from': '2018-05-09', 'name': 'JASON TSE GAMES LIMITED'}]","78 Felix Court 11 Charcot Road, London, NW9 5ZE, England",62012
416,BULB STUDIOS LIMITED,06315498,active,ltd,2007-07-17,,,"14 Francis Street, Leicester, LE2 2BD, England",59111; 59112; 62011
417,BUNKER ARTS LTD,11377473,active,ltd,2018-05-23,,,"1 Roseacre Queens Road, Beeston, Nottingham, NG9 2BB, United Kingdom",58210
418,BULKHEAD LIMITED,09877574,active,ltd,2015-11-18,,"[{'ceased_on': '2022-01-31', 'effective_from': '2015-11-18', 'name': 'BULKHEAD INTERACTIVE LIMITED'}]","The Tramshed, 19-21 St James Street, Derby, DE1 1RN, England",58210; 62011
419,BURKUS LTD,NI694671,active,ltd,2023-02-19,,,"4 Melody Way, Limavady, BT49 0EN, Northern Ireland",58210; 62012
420,BURNING FORT GAMES LTD,17028331,active,ltd,2026-02-12,,,"43 Peregrine Road, Brockworth, Gloucester, GL3 4ZE, England",58210
421,BUZZ CAPITAL SERVICES LIMITED,11136782,active,ltd,2018-01-08,,"[{'ceased_on': '2020-03-25', 'effective_from': '2018-07-11', 'name': 'AUTHENTIC MEDIA SERVICES LIMITED'}, {'ceased_on': '2018-07-11', 'effective_from': '2018-01-22', 'name': 'BUFFALO MEDIA SERVICES LIMITED'}, {'ceased_on': '2018-01-22', 'effective_from': '2018-01-08', 'name': 'BUFFALO MEDIA FINANCE LIMITED'}]","1st Floor 18 Queens Road, Brighton, East Sussex, BN1 3XA, England",82110
422,BURVE LTD,09606888,active,ltd,2015-05-26,,,"9 John Till Close, Rugeley, WS15 2AF, England",58210; 62011
423,BWGAN GAMES LTD,14228345,active,ltd,2022-07-12,,,"Bangor Business Centre, 2 Farrar Road, Bangor, Gwynedd, LL57 1LJ, Wales",62011
424,BYE BYE OCEAN LTD,16748785,active,ltd,2025-09-29,,,"Byways, Bryn-Y-Gwenin, Abergavenny, NP7 8AB, Wales",58210; 62011
425,BY LYALL CAMPBELL LTD,SC880289,active,ltd,2026-02-25,,,"Clyde Offices, 48 West George Street, 2nd Floor, Glasgow, G2 1BP, Scotland",58210; 62011
426,BYWAY GAMES LIMITED,16490883,active,ltd,2025-06-02,,,"63 Rookwood Court, Guildford, GU2 4EL, England",62011
427,CAIRNSTONE GAMES LTD,SC893907,active,ltd,2026-06-24,,,"Lismore Swordale, Evanton, Dingwall, IV16 9XA, Scotland",58210; 62011
428,CALDERA STUDIOS LTD,17243526,active,ltd,2026-05-26,,,"71-75 Shelton Street, Covent Garden, London, WC2H 9JQ, United Kingdom",62011
429,CALYX INTERACTIVE LIMITED,SC868459,dissolved,ltd,2025-10-31,2026-08-25,,"15 Wemyss Street, Rosyth, Dunfermline, KY11 2JX, Scotland",62011
430,CAMBRIDGE MERCANTILE CORP. (UK) LIMITED,05271222,active,ltd,2004-10-27,,,"8-10 Moorgate, 4th Floor, London, EC2R 6DA, England",64999; 66190; 82990
431,CAMPHOR GAMES LTD,11234946,active,ltd,2018-03-05,,,"18 Jubilee Avenue, Penketh, Warrington, WA5 2PU, United Kingdom",62011
432,CANDIDUM GAMES LTD,16800258,active,ltd,2025-10-21,,,"124 City  Road, London, EC1V 2NX, United Kingdom",62011
433,CANTEEN GAMES LTD,14033469,active,ltd,2022-04-07,,,"Upper Flat 19 Marine Drive, Rottingdean, Brighton, BN2 7HJ, England",62011
434,CANDY GAMES LIMITED,10318800,active,ltd,2016-08-09,,,"41 Settle Street, Little Lever, Bolton, BL3 1LF, United Kingdom",62011
435,CAPE GUY LTD.,09276042,active,ltd,2014-10-22,,,"C/O The Accountancy Partnership Suite 5, 5th Floor, City Reach, 5 Greenwich View Place, London, E14 9NN, England",62012
436,CAPS STUDIOS LTD,16165126,active,ltd,2025-01-06,,,"86-90 Paul Street, London, EC2A 4NE, England",58210
437,CAPTURE STUDIO LTD,17042219,active,ltd,2026-02-19,,,"71-75 Shelton Street, Covent Garden, London, WC2H 9JQ, United Kingdom",58210; 59112; 62011; 74202
438,CAPSTAN GAMES LTD,13538154,active,ltd,2021-07-29,,,"Capstan Games, 86-90 Paul Street, London, EC2A 4NE, England",58210
439,CAPYBARA STUDIOS LTD,16437437,active,ltd,2025-05-08,,,"71-75 Shelton Street, Covent Garden, London, WC2H 9JQ, United Kingdom",58210; 58290; 59112; 63110
440,CARDBOARD SWORD GAMES LTD,12603921,active,ltd,2020-05-15,,,"16 Bohouse Sussex Street, Middlesbrough, TS2 1BF, England",62011
441,CARDBOARD SWORD LIMITED,08658505,active,ltd,2013-08-21,,,"Flat 16 Bohouse, Sussex Street, Middlesbrough, TS2 1BF",62011
442,CASA BOYZ ENTERTAINMENT LIMITED,16190409,active,ltd,2025-01-17,,,"408 Jq Rise, 1 Goodman Street, Birmingham, B1 2SY, England",59200; 62011; 74203; 77291
443,CARDY CARDY FLIP GAME LIMITED,16988042,active,ltd,2026-01-26,,,"124 City Road, Cardy Cardy Flip Game Limited, London, EC1V 2NX, England",58210
444,CASTEC STUDIOS LTD,14355281,active,ltd,2022-09-14,,,"8 Byron Way, Bicester, OX26 2YP, England",58210; 62011
445,CASH GRAB STUDIOS LTD,16973353,active,ltd,2026-01-19,,,"71-75 Shelton Street, Covent Garden, London, WC2H 9JQ, United Kingdom",58210
446,CASTILVA GAMES LTD,16517352,active,ltd,2025-06-13,,,"34 Curtis House, Third Avenue,Unit 9, Hove/East Sussex, BN3 2PD, England",62011
447,CASTWORKS LIMITED,17321602,active,ltd,2026-07-05,,,"Suite Ra01 195-197 Wood Street, London, E17 3NU, England",58210; 62011
448,CASUAL BROTHERS LTD,07121064,active,ltd,2010-01-09,,,"1 Scholars Walk, Horsham, RH12 1QH, England",62011
449,CATALYSTIC STUDIOS LTD,11283100,active,ltd,2018-03-29,,,"124 City Road, London, EC1V 2NX, England",62020
450,CAT A PILLOW GAMES LTD,16720669,active,ltd,2025-09-16,,,"71-75 Shelton Street, Covent Garden, London, WC2H 9JQ, United Kingdom",47910; 58210; 58290; 62011
451,CATASTROPHIC OVERLOAD LTD,11755519,active,ltd,2019-01-08,,,"King William House Fourth Floor, 13 Queen Square, Bristol, BS1 4NT, England",58210; 62011
452,CATHEIA LIMITED,07539196,active,ltd,2011-02-22,,"[{'ceased_on': '2026-03-18', 'effective_from': '2011-02-22', 'name': 'CAPED KOALA STUDIOS LIMITED'}]","4 Manston Way, St. Albans, AL4 0AG, United Kingdom",58210; 62020
453,CAVALIER GAME DEVELOPMENTS LTD,13996886,active,ltd,2022-03-23,,,"Office 1e 1st Floor Compton House, Walnut Tree Close, Guildford, GU1 4TX, England",62011
454,CAVALIER GAME STUDIOS LTD,07986633,active,ltd,2012-03-12,,,"Office 1e, 1st Floor, Compton House, Walnut Tree Close, Guildford, Surrey, GU1 4TX, England",62011
455,CAVE MONSTERS LTD,11659483,active,ltd,2018-11-05,,,"45 Stoneycroft Road, Sheffield, S13 9DQ, United Kingdom",62011
456,CAXTON PAYMENTS LIMITED,04610337,active,ltd,2002-12-05,,"[{'ceased_on': '2022-08-05', 'effective_from': '2002-12-05', 'name': 'CAXTON FX LIMITED'}]","2 Leman Street, London, E1 8FA, United Kingdom",64999
457,CE EUROPE LIMITED,04595982,active,ltd,2002-11-20,,,"The Metro Building, 2nd Floor 1 Butterwick, Hammersmith, London, W6 8DL, England",58210
458,CELESTA GAMES LTD,16183002,active,ltd,2025-01-14,,,"Office 403, Screenworks 22 Highbury Grove, London, N5 2ER, United Kingdom",58210; 62011; 73110
459,CELESTIAL STUDIOS INTERACTIVE LTD,17309976,active,ltd,2026-06-30,,,"20 St. Josephs Way, Nantwich, CW5 6TE, England",58210; 62011
460,CELTIC PRODUCTIONS LIMITED,02835357,active,ltd,1993-07-12,,,"82a James Carter Road, Mildenhall, Suffolk, IP28 7DE",62011; 96090
461,CELTOYS LTD,08394542,active,ltd,2013-02-08,,,"15 West Street, Brighton, BN1 2RL, England",62012
462,CENTAURUS SOFTWARE LTD,16649604,active,ltd,2025-08-14,,,"124 City Road, London, EC1V 2NX, England",58210; 62011
463,CENTRESOFT LIMITED,01673860,active,ltd,1982-10-26,,"[{'ceased_on': '1983-04-28', 'effective_from': '1982-10-26', 'name': 'BAMVILLE LIMITED'}]","6 Pavilion Drive, Holford, Birmingham, West Midlands, B6 7BB",46510
464,CENTRIFUGE LTD,09937507,active,ltd,2016-01-06,,,"101 Dimsdale Parade East, Newcastle Under Lyme, Staffordshire, ST5 8DP, United Kingdom",62011; 62012
465,CENTUM STUDIOS LIMITED,SC886975,active,ltd,2026-04-20,,,"Office 412 18 Young St, Unit Lge, Edinburgh, EH2 4JB, Scotland",58210; 62011; 62012
466,CERAMI GAMES LTD,16519942,active,ltd,2025-06-16,,,"16519942 - COMPANIES HOUSE DEFAULT ADDRESS, Cardiff, CF14 8LH",32409; 58210; 62011; 62012
467,CERBERUS SOFTWARE LTD,11534735,active,ltd,2018-08-24,,,"57a Windmill Road, Leamington Spa, Warwickshire, CV31 3ES, United Kingdom",62011; 62012; 62020
468,CERBEROS WORKS LTD,14137925,active,ltd,2022-05-27,,,"C/O Michael Leong And Company, 43 Overstone Road, London, W6 0AD, England",58210; 62011; 62090
469,CEREAL MUG GAMES LTD,16622879,active,ltd,2025-08-01,,,"32 Westrow Gardens, Ilford, IG3 9NF, England",58210
470,CEYHAN RECOVERY (UK) LIMITED,08795602,active,ltd,2013-11-29,,"[{'ceased_on': '2022-05-31', 'effective_from': '2013-11-29', 'name': 'AHMET KOCAK LIMITED'}]","30 Aden Road, Enfield, EN3 7SY, England",28990; 33200; 45200
471,CGA SIMULATION LIMITED,07787094,active,ltd,2011-09-26,,"[{'ceased_on': '2016-02-25', 'effective_from': '2011-09-26', 'name': 'COOL GAME ARCADE : FUN ACTION STRATEGY, SIM AND PUZZLE APPS LIMITED'}]","37-45 Windsor Street, Liverpool, L8 1XE",62011
472,CG HERO LTD,10283663,active,ltd,2016-07-18,,,"The Sharp Project, Thorp Road, Manchester, M40 5BJ, England",59111; 74100
473,CHA CHA CHA LIMITED,16977695,active,ltd,2026-01-21,,,"3rd Floor, 86-90 Paul Street, London, EC2A 4NE, England",56210; 58290; 62011
474,CHAMBER5GAMES LTD,16525272,active,ltd,2025-06-17,,,"63 Ropeway, Bishops Itchington, Southam, CV47 2ED, England",58210; 62011
475,CHAMELEON GAMES LIMITED,09309186,active,ltd,2014-11-13,,,"71 Queen Victoria Street, London, EC4V 4BE, United Kingdom",62011
476,CHANCE INTERACTIVE LTD,17304443,active,ltd,2026-06-26,,,"8 Gable Croft, Lichfield, WS14 9RY, England",58210
477,CHANCY PANTS LTD,16456162,active,ltd,2025-05-19,,,"Chancy Pants Ltd, 82a James Carter Road, Mildenhall, IP28 7DE, United Kingdom",58210; 62011; 63120
478,CHANGES IMMIGRATION LTD,12752417,active,ltd,2020-07-19,,"[{'ceased_on': '2023-03-16', 'effective_from': '2022-05-24', 'name': 'SAMAR SHAMS IMMIGRATION LTD'}, {'ceased_on': '2022-05-24', 'effective_from': '2020-07-19', 'name': 'SUPERPOP LTD'}]","46 Lightfoot Road, London, N8 7JN, England",63990
479,CHANNEL FOUR TELEVISION COMPANY LIMITED,01533774,active,ltd,1980-12-10,,,"124 Horseferry Road, London, SW1P 2TX",60200
480,CHAOS THEORY STUDIOS LTD,11666193,active,ltd,2018-11-07,,,"Preston Park House, South Road, Brighton, East Sussex, BN1 6SB, United Kingdom",32401; 58210
481,CHARISMA ENTERTAINMENT LIMITED,09911142,active,ltd,2015-12-10,,"[{'ceased_on': '2021-07-22', 'effective_from': '2015-12-10', 'name': 'TO PLAY FOR LIMITED'}]","Preston Park House, South Road, Brighton, East Sussex, BN1 6SB, United Kingdom",62011
482,CHAPTER INTERACTIVE LTD,16636008,active,ltd,2025-08-07,,,"310 High Road, London, N22 8JR, England",58210
483,CHARGED UP GAMES LTD,17008728,active,ltd,2026-02-03,,,"71-75 Shelton Street, Covent Garden, London, WC2H 9JQ, United Kingdom",58210
484,CHARLES RUSSELL SPEECHLYS LLP,OC311850,active,llp,2005-02-24,,"[{'ceased_on': '2014-11-03', 'effective_from': '2005-02-24', 'name': 'CHARLES RUSSELL LLP'}]","5 Fleet Place, London, EC4M 7RD",
485,CHECKBOX ENTERTAINMENT LTD,NI666619,active,ltd,2019-12-18,,,"17 Mandeville Street, Portadown, Craigavon, Co Armagh, BT62 3PB, Northern Ireland",62011
486,CHEDDAR GAMES LTD,16495240,active,ltd,2025-06-04,,"[{'ceased_on': '2025-06-27', 'effective_from': '2025-06-04', 'name': 'CHEDAR GAMES LTD'}]","71-75 Shelton Street, Covent Garden, London, WC2H 9JQ, United Kingdom",58210
487,CHEEKY SAUSAGE GAMES LIMITED,11828695,active,ltd,2019-02-15,,,"Highland House, The Broadway, London, SW19 1NE, England",32409
488,CHERRYPOP GAMES LTD,07962857,active,ltd,2012-02-23,,"[{'ceased_on': '2012-05-09', 'effective_from': '2012-02-23', 'name': 'DARK ENERGY PUBLISHING LIMITED'}]","The Towers Lower Ground Floor The Towers, Towers Business Park Wilmslow Road, Didsbury, Manchester, M20 2SL, England",62011
489,CHEQUERED COW GAMES LTD,09144606,active,ltd,2014-07-23,,,"30 Wheatley Close, London, NW4 4LG",62011
490,CHEQUERED INK LTD.,09646754,active,ltd,2015-06-18,,,"Henleaze House Business Centre 13 Harbury Road, Henleaze, Bristol, BS9 4PN, England",62011
491,CH GAME DEVELOPMENT UK LTD,16201694,active,ltd,2025-01-22,,,"3rd Floor, One London Square, Cross Lanes, Guildford, Surrey, GU1 1UN, England",58210; 62011; 62090; 63120
492,CHIHELIOS STUDIOS LTD,17009877,active,ltd,2026-02-03,,,"44 Rivermead, East Molesey, KT8 9AZ, England",58210; 71122
493,CHILDISH THINGS LIMITED,05428336,active,ltd,2005-04-19,,,"2 Rathcoole Avenue, London, N8 9NA",62011
494,CHILLED MOUSE LTD,08915321,active,ltd,2014-02-27,,,"6 Jamaica Farm, St. Mary Bourne, Andover, Hants, SP11 6DS, England",58210; 62011
495,CHIMERA TALES LTD,SC676826,active,ltd,2020-10-06,,,"2/2 20 Walton Street, Glasgow, G41 3LG, Scotland",62011
496,CHINA - BRITAIN BUSINESS COUNCIL,06291886,active,private-limited-guarant-nsc-limited-exemption,2007-06-25,,,"Kings Buildings, 16 Smith Square, London, SW1P 3HQ, England",94990
497,CHINA LANGUAGE SERVICE CENTRE LONDON OFFICE,FC034588,active,oversea-company,2017-07-01,,,"Flat 1  16/F  Block H Sunshine City, Ma On Shan  Nt, Hong Kong, 999077, Hong Kong  China",
498,CHOKEPOINT CREATIVE LTD,15143916,active,ltd,2023-09-18,,,"Great North House, 20 Allington Way, Darlington, DL1 4QB, United Kingdom",62011; 90030
499,CHOCCY STUDIOS LTD,16424198,active,ltd,2025-05-01,,,"20 Wenlock Road, London, N1 7GU, England",62011
500,CHOYOO GAMES LTD,16709411,active,ltd,2025-09-10,,,"71-75 Shelton Street, Covent Garden, London, WC2H 9JQ, United Kingdom",58210; 62011; 62012; 62020
501,CHRIS JOHNSON LIMITED,08207444,active,ltd,2012-09-10,,,"4 Wesley Close, Hathern, Loughborough, Leicestershire, LE12 5JJ, United Kingdom",43999
502,CHRONICLE GAMES LTD,SC873767,active,ltd,2025-12-30,,,"47 Rhinds Crescent, Baillieston, Glasgow, G69 7JX, Scotland",58190; 58210; 62011
503,THE SPORTS GAMES COMPANY LTD.,NI728175,active,ltd,2025-04-04,,"[{'ceased_on': '2026-08-06', 'effective_from': '2025-04-04', 'name': 'CHUNKY GAMES LTD'}]","44 Rosetta Road, Belfast, BT6 0LT, Northern Ireland",59120; 62011
504,CHRONO GLYPH INTERACTIVE LIMITED,10109356,active,ltd,2016-04-07,,,"431 High Road, Chilwell, Nottingham, NG9 5EA, United Kingdom",62011
505,CHUCKLEFISH LIMITED,07664836,active,ltd,2011-06-10,,,"71 Queen Victoria Street, London, EC4V 4BE, United Kingdom",62011; 62090
506,CI GAMES UK LIMITED,12013447,active,ltd,2019-05-23,,,"71-75 Shelton Street, London, Greater London, WC2H 9JQ, United Kingdom",58210; 62011; 70229
507,CIRCLE 1 GAMES LIMITED,09464673,active,ltd,2015-03-02,,,"Office 15071 182-184 High Street North, East Ham, London, E6 2JA, England",62011
508,CIGNUS GAMES LTD,14239715,active,ltd,2022-07-18,,,"First Floor, Swan Buildings, 20 Swan Street, Manchester, M4 5JW, England",58210; 62012; 62020
509,CIRCA 97 GAMES LTD,NI734501,active,ltd,2025-10-16,,,"7 Millers Lane, Newtownards, BT23 7AR, Northern Ireland",58210; 62011
510,CIMMERIAN SOFTWARE LIMITED,16689973,active,ltd,2025-09-02,,,"100 Lloyd Drive, Wirral, CH49 1TB, United Kingdom",58210; 62011
511,CIRCLE ENTERTAINMENT LTD,11601660,active,ltd,2018-10-03,,,"The Grainger Suite Dobson House Regent Centre, Gosforth, Newcastle Upon Tyne, NE3 3PF, United Kingdom",62011
512,CITY QUESTS MEDIA LTD,07789479,active,ltd,2011-09-28,,,"71-75 Shelton Street, Covent Garden, London, WC2H 9JQ, United Kingdom",58210
513,CJG STUDIO LTD,SC560745,active,ltd,2017-03-17,,,"5 South Charlotte Street, Edinburgh, EH2 4AN, Scotland",58210; 58290
514,CLASSIC CARD GAMES LIMITED,09421379,active,ltd,2015-02-04,,"[{'ceased_on': '2024-02-15', 'effective_from': '2015-02-04', 'name': 'RIKKIGAMES LIMITED'}]","5 Walrus Close, Woodley, Reading, RG5 4UQ, England",62011
515,CLAYMATIC GAMES LTD,12312248,active,ltd,2019-11-13,,,"Unit C 918-920 Chesterfield Road, Sheffield, South Yorkshire, S8 0SH, England",62011
516,CLEVER BEANS LTD,07531851,active,ltd,2011-02-16,,,"First Floor, East Wing, Sandfield House, Kings Close, Water Lane, Wilmslow, Cheshire, SK9 5AR, United Kingdom",62011
517,CLIMAX STUDIOS LIMITED,02881781,active,ltd,1993-12-17,,"[{'ceased_on': '2008-03-10', 'effective_from': '2004-09-29', 'name': 'CLIMAX ACTION LIMITED'}, {'ceased_on': '2004-09-29', 'effective_from': '2003-06-24', 'name': 'CLIMAX STUDIOS (SOLENT) LIMITED '}, {'ceased_on': '2003-06-24', 'effective_from': '1996-08-15', 'name': 'CLIMAX DEVELOPMENT LTD'}, {'ceased_on': '1996-08-15', 'effective_from': '1994-02-23', 'name': 'CLIMAX ENTERPRISES LTD'}, {'ceased_on': '1994-02-23', 'effective_from': '1993-12-17', 'name': 'CLIMAX INTERACTIVE LIMITED'}]","4th Floor, 110 High Holborn, London, WC1V 6JS, England",62020
518,CLIX STUDIOS LTD,11642062,active,ltd,2018-10-25,,,"Doyyec, 3m Buckley Innovation Centre, Firth Street, Huddersfield, West Yorkshire, HD1 3BD, United Kingdom",62011
519,CLOCKWORK CHILLI LIMITED,08086780,dissolved,ltd,2012-05-29,2026-09-22,,"Care Of Italian Accountants Limited, Unit 2 Bedford Mews, London, N2 9DF, United Kingdom",62011; 74909
520,CLOTH CAT GAMES LIMITED,09000401,active,ltd,2014-04-16,,"[{'ceased_on': '2022-05-09', 'effective_from': '2014-04-16', 'name': 'THUD MEDIA LIMITED'}]","3/4 Park Place, Cardiff, CF10 3DP, Wales",62011
521,CLOUD IMPERIUM UK LTD.,08815227,active,ltd,2013-12-13,,"[{'ceased_on': '2018-12-21', 'effective_from': '2013-12-13', 'name': 'CLOUD IMPERIUM GAMES UK LIMITED'}]","Manchester Goods Yard, 6 Goods Yard Street, Manchester, M3 3BG, England",58210
522,CLOUD COLONY GAMES LTD,SC635307,active,ltd,2019-07-05,,,"18 Ladysmill Court, Dunfermline, KY12 7YD, Scotland",58210; 62011
523,CLOUD IMPERIUM GAMES LIMITED,08703814,active,ltd,2013-09-24,,"[{'ceased_on': '2019-03-07', 'effective_from': '2013-09-24', 'name': 'FOUNDRY 42 LIMITED'}]","Manchester Goods Yard, 6 Goods Yard Street, Manchester, M3 3BG, England",32409
524,CLOUD INTERACTIVE LTD,16876729,active,ltd,2025-11-26,,,"71-75 Shelton Street, Covent Garden, London, WC2H 9JQ, United Kingdom",62011
525,CLUB COTTON GAMES LTD.,10485545,active,ltd,2016-11-18,,,"68 Brackenbury Road, London, W6 0BD, England",58210
526,COATSINK SOFTWARE LTD,07567431,active,ltd,2011-03-17,,,"Northern Design Centre, Abbott's Hill, Gateshead, NE8 3DF, United Kingdom",62011
527,MERIDIAN STELLIUM LIMITED,16826965,active,ltd,2025-11-03,,"[{'ceased_on': '2026-08-17', 'effective_from': '2025-11-03', 'name': 'CLUSTER DIGITAL LTD'}]","167-169 Great Portland Street, London, W1W 5PF, England",58210; 62011
528,COBLO STUDIO LTD,14415149,active,ltd,2022-10-12,,"[{'ceased_on': '2026-03-25', 'effective_from': '2022-10-12', 'name': 'COBBLESTONE INTERACTIVE LTD'}]","20-22 Wenlock Road, London, N1 7GU, England",62011
529,COBALT PLAY INTERACTIVE LIMITED,10515619,active,ltd,2016-12-07,,,"403 Flat 403, Linter Building, 44 Whitworth Street, Manchester, M1 3AJ, England",58210
530,CLUBHOUSE STUDIOS LIMITED,07754090,active,ltd,2011-08-26,,,"5th Floor, Verse Building, Brunswick Place, London, N1 6DZ, England",73110
531,CODA PLATFORM LIMITED,11899378,liquidation,ltd,2019-03-22,,,"1 Radian Court, Knowlhill, Milton Keynes, Buckinghamshire, MK5 8PJ",62011; 62012
532,CODEBRIDGER LTD,17152834,active,ltd,2026-04-13,,,"2 Frederick Street, Kings Cross, London, WC1X 0ND, United Kingdom",46510; 58290; 62011; 71122
533,CODEBYFIRE LIMITED,10456016,active,ltd,2016-11-01,,,"Harbour Watch Flat 4 The Old Sail Lofts, Bethesda Place, St. Ives, TR26 1PA, England",62011
534,CODE COVEN LIMITED,11558680,active,ltd,2018-09-07,,,"Crown House, 27 Old Gloucester Street, London, WC1N 3AX, United Kingdom",58210; 62011; 62090; 85590
535,CODE KNIGHTS LIMITED,17195977,active,ltd,2026-05-02,,,"91 Miskin Road, Tonypandy, CF40 2QN, Wales",58210; 62011; 85590
536,CODEBOX LIMITED,12276723,active,ltd,2019-10-23,,,"45 Fitzroy Street, 4th Floor, Silverstream House, London, W1T 6EB, England",58210; 58290; 62020; 62090
537,CODEALLADS LTD,17028591,active,ltd,2026-02-12,,,"Suite 20876 5 Brayford Square, London, E1 0SG, United Kingdom",58290; 62011
538,CODE WIZARDS LIMITED,04559015,active,ltd,2002-10-10,,,"Merlin House Brunel Road, Theale, Reading, Berkshire, RG7 4AB, England",62011; 62012; 62020; 62090
539,COEUS CREATIVE LIMITED,08234962,active,ltd,2012-10-01,,,"24 Buckland End, Shard End, Birmingham, B34 6NE, England",62090; 63110
540,CODE REDMAN LTD,08043514,active,ltd,2012-04-24,,,"3rd Floor 86-90 Paul Street, London, EC2A 4NE, England",74909
541,CODESIT LIMITED,17115508,active,ltd,2026-03-25,,,"Suite 302 4 Station Square, Cambridge, CB1 2GE, United Kingdom",58290; 62011; 62020; 73110
542,CODEPULSE INTERACTIVE LIMITED,16789230,active,ltd,2025-10-16,,,"1st Floor Front, 36 Gerrard Street, London, W1D 5QA, England",58210; 62011; 62090
543,CODEMASTERS SOFTWARE COMPANY LIMITED(THE),02044132,active,ltd,1986-08-06,,"[{'ceased_on': '1986-09-18', 'effective_from': '1986-08-06', 'name': 'ELECTRIC GAMES COMPANY LIMITED'}]","Onslow House, Onslow Street, Guildford, Surrey, GU1 4TN, United Kingdom",62020
544,COLD TURKEY ENTERTAINMENT LTD,12044438,active,ltd,2019-06-11,,,"9 Montgomery Road, Newbury, RG14 6HT, United Kingdom",59111; 59200; 62011; 90010
545,COHORT STUDIOS LIMITED,SC297259,active,ltd,2006-02-16,,,"Suite 2, Ground Floor Orchard Brae House, 30 Queensferry Road, Edinburgh, EH4 2HS, United Kingdom",62090
546,COLD BEAM GAMES LIMITED,06929860,active,ltd,2009-06-10,,,"Orient House, Newton Street, Hyde, SK14 4RY, England",62090
547,COLD ZEPHYR GAMES LTD,17175012,active,ltd,2026-04-22,,,"48 Carston Close, London, SE12 8DZ, England",62011
548,COLDWIRED GAMES LTD,07479573,active,ltd,2010-12-29,,,"29 Gildredge Road, Eastbourne, East Sussex, BN21 4RU, United Kingdom",62011
549,COLEPOWERED GAMES LTD.,09737343,active,ltd,2015-08-18,,,"Spike Island Work Space Spike Island, 133 Cumberland Road, Bristol, BS1 6UX, United Kingdom",62011
550,COLNEY ISLAND STUDIOS LTD,16594951,active,ltd,2025-07-21,,,"25 The Crescent, St. Neots, PE19 1EH, United Kingdom",62011
551,COMBAT LEAGUE LIMITED,09731618,active,ltd,2015-08-13,,"[{'ceased_on': '2023-06-27', 'effective_from': '2021-11-18', 'name': 'STARLIGHT GAMES LIMITED'}, {'ceased_on': '2021-11-18', 'effective_from': '2020-07-23', 'name': 'FIREBALL GAMES LIMITED'}, {'ceased_on': '2020-07-23', 'effective_from': '2015-08-13', 'name': 'COMIC CON FM LTD'}]","59 Jordan Street, Liverpool, L1 0BW, England",58210; 62011
552,COMEPLAY GAMES LTD,16770430,active,ltd,2025-10-07,,,"296 Station Road, Bagworth, Coalville, LE67 1BN, England",62011
553,COMMANDO GAMES STUDIO LIMITED,17003803,active,ltd,2026-01-30,,,"Flat 45 Riversley Court, 205 Wensley Road, Reading, RG1 6ED, England",58210
554,CONCLAVE GAMES LTD,17342293,active,ltd,2026-07-15,,,"47 Iris Road, Felixstowe, IP11 9GG, England",58210
555,COMPANION GROUP LTD,14384045,active,ltd,2022-09-28,,,"18 Waratah Drive, Chislehurst, BR7 5FR, England",62011
556,COMMERCECENTRIC UK LIMITED,11251394,active,ltd,2018-03-13,,,"5 Approach Road, Raynes Park, London, SW20 8BA, England",70229
557,CONFORMITY GAMES LTD,17068829,active,ltd,2026-03-03,,,"71-75 Shelton Street, Covent Garden, London, WC2H 9JQ, United Kingdom",62011; 62020
558,CONNOR BROADLEY LTD,06254078,active,ltd,2007-05-21,,"[{'ceased_on': '2007-06-13', 'effective_from': '2007-05-21', 'name': 'CONNOR BROADLEY INDEPENDENT FINANCIAL ADVISERS LTD'}]","7 Curzon Street, London, W1J 5HG, United Kingdom",64999
559,CONTINENTAL GAMES LTD,12237409,active,ltd,2019-10-01,,,"Kollider, Castle House, Continental Games, Castle Street, Sheffield, S3 8LU, England",58210; 58290
560,COOCOOSQUEAKY LTD,10000894,active,ltd,2016-02-11,,,"Unit 248 1 Ensbury Park Road, Bournemouth, Dorset, BH9 2SQ, England",62011
561,COOPERATIVE INNOVATIONS GAMES LIMITED,12179805,active,ltd,2019-08-29,,,"Unit 6, Mercury Quays, Ashley Lane, Shipley, BD17 7DB, England",62011
562,COOPLY SOLUTIONS LTD,06393019,active,ltd,2007-10-08,,,"Enterprise Centre Tonypandy Enterprise Park, Llwynypia Road, Tonypandy, Mid Glamorgan, CF40 2ET",62090
563,COOPERATIVE INNOVATIONS LTD,10494498,active,ltd,2016-11-24,,,"Unit 6, Mercury Quays, Ashley Lane, Shipley, BD17 7DB, England",62011
564,COPACLUE LIMITED,17078806,active,ltd,2026-03-09,,,"5a Ramsey Road, Whittlesey, Peterborough, PE7 1DR, England",47910; 58210; 62011; 63120
565,COPLANAR STUDIOS LIMITED,10537620,active,ltd,2016-12-22,,,"15 Lyneside Road, Knypersley, Stoke-On-Trent, ST8 6SD, England",62011
566,COPPER OCTOPUS LTD,08995399,active,ltd,2014-04-14,,,"Brook House Chapel Lane, Little Bourton, Banbury, OX17 1RD, England",58210; 59112; 62011; 90030
567,CORE VR LIMITED,12346916,active,ltd,2019-12-03,,,"Victoria House, Saint Peter's Churchyard, Derby, Derbyshire, DE1 1NN, England",58210; 62011; 62020; 94990
568,CORETECH STUDIOS LTD,17172843,active,ltd,2026-04-21,,,"48 Fenton Road, Nottingham, NG5 1LY, United Kingdom",58290; 62011; 62012
569,CORPSELIGHT GAMES LTD,16922371,active,ltd,2025-12-19,,,"20 Chapel Lane, Barrowden, Oakham, LE15 8EB, England",58210
570,COUCHBOUND GAMES LTD,16159235,active,ltd,2025-01-02,,,"48 Ceremony Wynd, Middlesbrough, TS4 2WG, England",62011
571,CORSYNX LTD,16417745,active,ltd,2025-04-29,,,"16 Fosters Close, Southport, PR9 7QD, England",58290; 62011
572,COSMIC BOOP LTD,12150609,active,ltd,2019-08-12,,,"53 Beaver Avenue, Sheffield, S13 9QH, England",47910; 58210; 62011
573,COUSIN MEDIA GROUP LIMITED,12399132,active,ltd,2020-01-13,,,"5 Rokesly Avenue, London, N8 8NS, England",73110
574,COUTTS & COMPANY,00036695,active,private-unlimited,1892-06-24,,"[{'ceased_on': '1892-08-12', 'effective_from': '1892-06-24', 'name': 'MESSRS COUTTS & COMPANY LIMITED'}]","440 Strand, London, WC2R 0QS",64191
575,COVASA GAMES LIMITED,16454923,active,ltd,2025-05-17,,,"54 Sterndale Road, Birmingham, B42 2AS, England",58210
576,COWLY OWL LTD,06670890,active,ltd,2008-08-12,,"[{'ceased_on': '2012-04-02', 'effective_from': '2008-08-12', 'name': ""CHRIS O'SHEA LTD""}]","66 Paul Street, London, EC2A 4NA, England",62011
577,COZY ORANGUTAN GAMES LTD,16655031,active,ltd,2025-08-17,,,"Jacaranda, Chieveley, Newbury, RG20 8TS, England",58210
578,CRABBY GAMES LTD,16653195,active,ltd,2025-08-15,,,"West Studios, Sheffield Road, Chesterfield, S41 7LL, United Kingdom",58210
579,CRAFTY ENTERTAINMENT LTD,09561613,active,ltd,2015-04-26,,"[{'ceased_on': '2017-08-09', 'effective_from': '2015-04-26', 'name': 'CRAFTY SOFTWARE LIMITED'}]","West Hill House Allerton Hill, Chapel Allerton, Leeds, LS7 3QB, England",62011
580,CRAFTY FOX GAMES LTD,16483631,active,ltd,2025-05-29,,,"124 City  Road, London, EC1V 2NX, United Kingdom",58210; 62011
581,CRANE ENTERTAINMENT LTD,16553073,active,ltd,2025-07-01,,,"Crossways, Cheadle Road, Uttoxeter, ST14 7BU, England",58210; 62011
582,CRASHOUT GAMES LTD,16474340,active,ltd,2025-05-27,,,"71-75 Shelton Street, Covent Garden, London, WC2H 9JQ, United Kingdom",58210
583,CRASH STUDIOS CIC,17001686,active,private-limited-guarant-nsc,2026-01-30,,,"Crash Studios Cic C/O Wearecrash 128 City Road, 128 City Road,, London, EC1V 2NX, United Kingdom",58210; 59120; 72200; 85520
584,CREATOR PLAY LTD,14622131,active,ltd,2023-01-27,,"[{'ceased_on': '2026-04-17', 'effective_from': '2023-01-27', 'name': 'SHADOWPLAY GAMES LTD'}]","13 Woodman Parade, Woodman Street, London, E16 2LL, England",62011; 90030
585,CREEPERHOST LTD,08401051,active,ltd,2013-02-13,,,"3 The George Centre, Grantham, Lincolnshire, NG31 6LH, England",63110
586,CREATIVE AF GAMES LTD,16925726,active,ltd,2025-12-22,,,"Swan Building, 20 Swan Street, Manchester, M4 5JW, England",58210
587,CREEPWAVE LIMITED,17303925,active,ltd,2026-06-26,,,"167 - 169 Great Portland Street, 5th Floor, London, W1W 5PF, England",58210; 62011; 62090
588,CRICKLEWOOD STUDIOS LIMITED,09451766,active,ltd,2015-02-21,,,"11 Oak Grove, Cricklewood, NW2 3LS, United Kingdom",23410; 56103; 62011; 90030
589,CRIMSON ENTERTAINMENT LIMITED,17079475,active,ltd,2026-03-09,,,"49 Jamaica Street, Level One, Basecamp Liverpool, Liverpool, L1 0AH, England",58110; 58210; 59111; 62011
590,CRITERION SOFTWARE LIMITED,04330852,active,ltd,2001-11-29,,"[{'ceased_on': '2002-02-20', 'effective_from': '2001-11-29', 'name': 'NEWINCCO 122 LIMITED'}]","Onslow House, Onslow Street, Guildford, Surrey, GU1 4TN",58210
591,CRITICAL FAILURE GAMES LTD,13460427,active,ltd,2021-06-16,,,"16 Bohouse Sussex Street, Middlesbrough, TS2 1BF, England",62011
592,CROOKS PEAK LIMITED,13644697,active,ltd,2021-09-27,,,"11 The Green, Calne, SN11 8DG, England",62011
593,CROHNOS GAMES LTD,17169539,active,ltd,2026-04-20,,,"65 Sandhurst Avenue, Bispham, Blackpool, FY2 9EB, England",58210
594,CROAK & DAGGER GAMES LTD,17303922,active,ltd,2026-06-26,,,"27 Stevedale Road, Welling, DA16 1ND, England",58210
595,CRYOGEN INTERACTIVE LTD,17289954,active,ltd,2026-06-20,,,"71-75 Shelton Street, Covent Garden, London, WC2H 9JQ, United Kingdom",62011
596,CRYBABY STUDIOS LTD,NI690569,active,ltd,2022-08-23,,,"The Loading Dock, 50a Stranmillis Embankment, Belfast, BT9 5FL, Northern Ireland",62011
597,CRYPTION INTERACTIVE LTD,16403782,active,ltd,2025-04-23,,,"71-75 Shelton Street, Covent Garden, London, WC2H 9JQ, United Kingdom",62011
598,CRYSTALLINE GREEN LTD.,07749412,active,ltd,2011-08-23,,,"Heath End The Common, Chipperfield, Kings Langley, Hertfordshire, WD4 9BL",58210
599,CRYSTAL REALM LTD,16709736,active,ltd,2025-09-10,,,"4th Floor, Silverstream House, 45 Fitzroy Street, London, W1T 6EB, England",58210; 58290; 62011
600,CUBE KIDS LTD,09822471,active,ltd,2015-10-13,,"[{'ceased_on': '2015-10-20', 'effective_from': '2015-10-13', 'name': 'CUBE GAMES LTD'}]","09822471 - COMPANIES HOUSE DEFAULT ADDRESS, Cardiff, CF14 8LH",62011
601,CSC DIGITAL BRAND SERVICES (UK) LIMITED,03169594,active,ltd,1996-03-08,,"[{'ceased_on': '2020-08-07', 'effective_from': '1996-03-08', 'name': 'NETNAMES LIMITED'}]","C/O Corporation Service Company (Uk) Limited, 5 Churchill Place, 10th Floor, London, E14 5HU, England",62090
602,CUBEROOTS DIGITAL LTD,17276358,active,ltd,2026-06-17,,"[{'ceased_on': '2026-06-22', 'effective_from': '2026-06-17', 'name': 'CUBE ROOTS DIGITAL LTD'}]","37 Charlesfield Road, Horley, RH6 8BJ, United Kingdom",58210; 62011
603,CUBICON GAMES LIMITED,NI735715,active,ltd,2025-11-25,,,"18 Caw Hill Park, Londonderry, BT47 6LU, Northern Ireland",58210
604,CULTIVATED GAMES LTD,17267357,active,ltd,2026-06-08,,,"124 City Road, London, EC1V 2NX, United Kingdom",58210; 62011
605,CUPBOARD GAMES LIMITED,09553318,active,ltd,2015-04-21,,,"Duke Studios, 3 Sheaf Street, Leeds, West Yorkshire, LS10 1HD, England",62011
606,CUCUMBER MAKI GAMES LIMITED,17182787,active,ltd,2026-04-27,,,"International House, 66 Lavender Hill, London, SW11 5RQ, England",58210
607,CURIOUS FORMS DIGITAL LIMITED,16480796,active,ltd,2025-05-28,,,"99 Highfield Road, Woodford Green, IG8 8JB, United Kingdom",58210; 58290; 62011; 63990
608,CURRAN GAMES AGENCY LTD,12045847,active,ltd,2019-06-12,,"[{'ceased_on': '2020-12-19', 'effective_from': '2019-06-12', 'name': 'C B CURRAN LTD'}]","Preston Park House, South Road, Brighton, East Sussex, BN1 6SB, England",58210
609,CURVEBALL GAMES LIMITED,16492645,active,ltd,2025-06-03,,"[{'ceased_on': '2025-07-21', 'effective_from': '2025-06-03', 'name': 'CURVEBALL GAMING LIMITED'}]","Unit C Redbrick Court Ferryboat Close, Swansea Enterprise Park, Swansea, SA6 8QN, Wales",58210
610,CURVE DIGITAL PUBLISHING LIMITED,07669603,active,ltd,2011-06-14,,"[{'ceased_on': '2016-03-16', 'effective_from': '2011-06-14', 'name': 'ANGEL VGD LIMITED'}]","2nd Floor 44-46 Sekforde Street, London, EC1R 0HA, United Kingdom",62012
611,CURVE DIGITAL ENTERTAINMENT LIMITED,09883386,active,ltd,2015-11-23,,,"2nd Floor 44-46 Sekforde Street, London, EC1R 0HA, United Kingdom",58210
612,CUTE RAINDROP LIMITED,16768359,active,ltd,2025-10-07,,,"292082 Office Suite 29a, 3/F., 23 Wharf Street, London, SE8 3GG, United Kingdom",58210; 62011; 63120; 63990
613,CURVE GAMES LIMITED,11336001,active,ltd,2018-04-30,,"[{'ceased_on': '2021-10-08', 'effective_from': '2018-04-30', 'name': 'CURVE GAMES DEVELOPMENT TWO LIMITED'}]","2nd Floor 44-46 Sekforde Street, London, EC1R 0HA, United Kingdom",58210; 62011
614,CYBERDREAMS LIMITED,06392623,active,ltd,2007-10-08,,,"14 Merrydale Drive, Croxteth Park, Liverpool, Merseyside, L11 4UD",58210; 62011; 62012; 62090
615,CYBERFANG STUDIOS LTD,17262276,active,ltd,2026-06-04,,,"Preston Park House, South Road, Brighton, BN1 6SB, England",58210
616,CYBERPRIME LTD,SC581433,active,ltd,2017-11-14,,"[{'ceased_on': '2021-09-08', 'effective_from': '2017-11-14', 'name': 'DARK OATH GAMES LIMITED'}]","SC581433 - COMPANIES HOUSE DEFAULT ADDRESS, Edinburgh, EH7 9HR",58290; 62012; 71122; 72190
617,CYBERMOON LTD,16988182,active,ltd,2026-01-26,,,"Flat 16 Chestnut View, 131 Alexandra Road, Farnborough, GU14 6TJ, England",58210; 62011
618,D3T LTD,07704144,active,ltd,2011-07-13,,,"4th Floor, 110 High Holborn, London, WC1V 6JS, England",62012
619,D4D INTERACTIVE LIMITED,17266258,active,ltd,2026-06-08,,,"Suite Ra01 195-197 Wood Street, London, E17 3NU, United Kingdom",58290; 62011; 63120
620,CYREX STUDIOS LIMITED,14837942,dissolved,ltd,2023-05-01,2026-09-29,,"77 Lime Close, Stevenage, SG2 9QB, England",58210; 62011
621,DAB GAMES LTD,16748930,active,ltd,2025-09-29,,,"Deansfield House, 98 Lancaster Road, Newcastle Under Lyme, Staffordshire, ST5 1DS, England",32409; 58210
622,DAEMANN LTD,13756139,active,ltd,2021-11-20,,"[{'ceased_on': '2023-01-06', 'effective_from': '2021-11-20', 'name': 'DE MAN MAGNIUSSON LTD'}]","17 17, Glastonbury Drive, Huddersfield, West Yorkshire, HD3 4SA, United Kingdom",58210; 62011
623,DAD GAMES CONSTRUCT LTD,16075227,active,ltd,2024-11-12,,,"3 Knowles View, Swadlincote, DE11 8JR, England",58210
624,DAILY GAMES LTD,16707796,active,ltd,2025-09-10,,,"66 Paul Street, London, EC2A 4NA, England",58210
625,DAKKO DAKKO LTD.,07352534,active,ltd,2010-08-20,,,"'Manday' The Street The Street, Bradfield, Manningtree, Essex, CO11 2UU, England",62011
626,DAMAGE STATE LTD,SC635186,active,ltd,2019-07-04,,,"Ascot Drummond Uk Ltd, West Victoria Dock Road, Dundee, DD1 3JT, Scotland",58210
627,DAMP GNAT LIMITED,08057980,active,ltd,2012-05-04,,,"12a Marlborough Place, Brighton, East Sussex, BN1 1WN",62011
628,DAMBUSTER STUDIOS LTD.,09140280,active,ltd,2014-07-21,,"[{'ceased_on': '2023-09-22', 'effective_from': '2014-07-21', 'name': 'DEEP SILVER DAMBUSTER STUDIOS LTD.'}]","122 Canal Street, Nottingham, NG1 7HG",62011
629,DANGAN INTERACTIVE LTD,11962433,active,ltd,2019-04-25,,,"55 Brush Drive, Loughborough, LE11 1LT, United Kingdom",62011
630,DAMSEL STONE LTD.,10566107,active,ltd,2017-01-16,,,"44 Thistle Way, Witham St. Hughs, Lincoln, Lincolnshire, LN6 9XJ, England",58210; 59200; 62011
631,DARBOTRON LIMITED,09101567,active,ltd,2014-06-25,,,"12 Goldacre Close, Whitnash, Leamington Spa, Warwickshire, CV31 2TW",74100
632,DANGEROUS DERK INTERACTIVE LIMITED,08849613,active,ltd,2014-01-17,,,"14 Ketwell Lane, Hedon, Hull, HU12 8BW",62011
633,DARK AGE STUDIOS LTD,11244216,active,ltd,2018-03-09,,,"Flat 2 309 London Road, Dover, Kent, CT17 0SY",58210; 62011
634,DARKFLOW LLP,OC379048,active,llp,2012-10-05,,"[{'ceased_on': '2021-06-28', 'effective_from': '2012-10-05', 'name': 'GAIJIN ENTERTAINMENT LLP'}]","C/O Apollo International Ltd Studio 133, 40 Bowling Green Lane, London, EC1R 0NE, United Kingdom",
635,DARK FOREST LTD,12303795,active,ltd,2019-11-07,,,"28 Heysham Road, London, N15 6HL, England",62011; 62020
636,DARK PYRE INTERACTIVE LIMITED,11485788,active,ltd,2018-07-26,,,"17 The Avenue, Tunbridge Wells, TN2 3FJ, England",62011
637,DARK ZONE STUDIOS LTD,16296896,active,ltd,2025-03-06,,,"Unit 3b Berol House, 25 Ashley Road, London, N17 9LJ, United Kingdom",58210; 62011; 62012; 73110
638,DARKSTARS STUDIOS LTD,11179016,active,ltd,2018-01-31,,,"5 Alexander Close, Kidlington, OX5 2FG, United Kingdom",58210; 62011
639,DARMIQ LTD,16707641,active,ltd,2025-09-10,,,"71-75 Shelton Street, Covent Garden, London, WC2H 9JQ, United Kingdom",58210; 62011; 62090
640,DASHDICE LIMITED,16691946,active,ltd,2025-09-03,,,"102 Pershore Road, Evesham, WR11 2PJ, England",58210; 62011
641,D'AVEKKI STUDIOS LIMITED,04989192,active,ltd,2003-12-09,,,"Fleetwood West End, Gorefield, Wisbech, Cambridgeshire, PE13 4PH",47910; 59112; 62012
642,DAVE SAPIEN LTD,SC391537,active,ltd,2011-01-14,,,"6th Floor Gordon Chambers, 90 Mitchell Street, Glasgow, G1 3NQ",62012
643,DAVID REEVES CONSULTING LIMITED,06981177,active,ltd,2009-08-05,,,"Level 5a Maple House, 149 Tottenham Court Road, London, W1T 7NF, United Kingdom",70229
644,DASH GAMES LTD,14301258,active,ltd,2022-08-17,,,"Preston Park House, South Road, Brighton, East Sussex, BN1 6SB, United Kingdom",62011
645,DAWDO LIMITED,17215596,active,ltd,2026-05-12,,,"7 Copperfield Road, Coventry, West Midlands, England, CV2 4AQ, United Kingdom",58210; 59132; 62011; 93290
646,DAZED & CONFUSED STUDIOS CYF,17302651,active,ltd,2026-06-26,,,"Startup Stiwdio University Of South Wales, Trbl15, Treforest, Pontypridd, CF37 1DL, United Kingdom",58210; 62011
647,DDP CODING AND ART SERVICES LIMITED,13076561,active,ltd,2020-12-11,,"[{'ceased_on': '2024-07-22', 'effective_from': '2020-12-11', 'name': 'HOLE IN THE SLEEVE LIMITED'}]","21 May Bate Avenue, Kingston Upon Thames, KT2 5UR, England",58210
648,DBS BRISTOL LIMITED,08290185,active,ltd,2012-11-12,,"[{'ceased_on': '2013-02-25', 'effective_from': '2012-11-12', 'name': 'DBS PLYMOUTH LIMITED'}]","17 St Thomas Street, Bristol, BS1 6JS, United Kingdom",85590
649,DDRAIG HOUSE GAME STUDIO LTD,11791616,active,ltd,2019-01-28,,,"Bryndafydd, Pont Robert, Meifod, SY22 6JP, United Kingdom",58210
650,DEAD BOSS GAMES LTD,16868602,active,ltd,2025-11-21,,,"5 - 7 Eastbank Street, Southport, Merseyside, PR8 1DL, United Kingdom",58210; 62011
651,DEAD GENETIC LIMITED,15321855,active,ltd,2023-12-01,,,"Essex House, 21 Eastways, Witham, CM8 3YQ, England",62011
652,DEADPUNK STUDIOS LTD,12310196,active,ltd,2019-11-12,,,"46 Capelands, New Ash Green, Longfield, Kent, DA3 8LQ, United Kingdom",62011
653,DEAD GOOD MEDIA LTD,08234952,active,ltd,2012-10-01,,,"65 Knowl Piece Wilbury Way, Hitchin, Hertfordshire, SG4 0TY, England",18130; 73200; 82990
654,DEADPAN GAMES LTD,11270513,active,ltd,2018-03-22,,,"Preston Park House, South Road, Brighton, East Sussex, BN1 6SB, United Kingdom",58210
655,DEADWOOD GAMES LTD,14721511,active,ltd,2023-03-10,,,"Preston Park House, South Road, Brighton, East Sussex, BN1 6SB, England",62011
656,DEATHBED LTD,11160296,active,ltd,2018-01-19,,,"106 Greystone Road, Carlisle, Cumbria, CA1 2DD, United Kingdom",58210
657,DECEPTIVE GAMES LTD,09989217,active,ltd,2016-02-05,,,"13-14 Gelliwastad Road, Pontypridd, CF37 2BW, Wales",58210; 62011
658,DECIMAL PLACE STUDIOS LTD,16930608,active,ltd,2025-12-24,,,"5 Avonleigh Road, Bristol, BS3 3HP, England",62011
659,DEEP REALITY LIMITED,13889735,active,ltd,2022-02-02,,,"5 Yolsum Close, Haddenham, Aylesbury, HP17 8DG, England",58210; 59111; 62011
660,DECO DIGITAL LIMITED,08874288,active,ltd,2014-02-04,,,"5 Elmdon Lane, Marston Green, Birmingham, B37 7DL, England",90030
661,DECISIVE DIGITAL LTD,07565929,active,ltd,2011-03-16,,"[{'ceased_on': '2020-08-12', 'effective_from': '2018-11-26', 'name': 'FHG SERVICES LIMITED'}, {'ceased_on': '2018-11-26', 'effective_from': '2011-03-16', 'name': 'FIRE HAZARD LIMITED'}]","27b 27b Glenluce Rd, London, SE3 7SD, England",93290
662,DEEP SKY GAMES LIMITED,16667494,active,ltd,2025-08-22,,,"Union House, 111 New Union Street, Coventry, West Midlands, CV1 2NT, United Kingdom",58210; 62011; 70229
663,DEER FLIP GAMES LTD,12580155,active,ltd,2020-04-30,,,"11 St. Pauls Mews, York, YO24 4BR, England",62011
664,DE FAULT GAMES LTD,16419069,active,ltd,2025-04-30,,,"1 Sion Hill Court, Sion Hill, Kidderminster, DY10 2YY, United Kingdom",62011
665,DEFY REALITY ENTERTAINMENT UK LTD,16180656,active,ltd,2025-01-13,,,"9 Byford Court, Crockatt Road, Hadleigh, Suffolk, IP7 6RD, United Kingdom",58210
666,DELTA GAME STUDIOS LTD,17132443,active,ltd,2026-04-01,,,"2nd Floor College House, 17 King Edwards Road,, Ruislip,, London,, HA4 7AE, United Kingdom",58210; 62011
667,DELVE INTERACTIVE LIMITED,08997117,active,ltd,2014-04-15,,,"Grove Farm House Kenninghall Road, East Harling, Norwich, NR16 2LH, England",62011
668,DEHYDRATED GAMES LIMITED,SC859170,active,ltd,2025-08-15,,,"17a Ceres Crescent, Broughty Ferry, Dundee, DD5 3JN, Scotland",58210
669,DEMENTED ONYX STUDIOS LTD,SC847499,active,ltd,2025-05-06,,,"13d Blackness Street Blackness Street, Dundee, DD1 5LR, Scotland",62011
670,DEMONFISH LTD.,10891133,active,ltd,2017-07-31,,,"101 High Street West, Redcar, North Yorkshire, TS10 1SE, England",62011
671,DEMONSTUDIOS LTD,06727816,active,ltd,2008-10-20,,,"20 Wenlock Road, London, N1 7GU, England",62011
672,DEMSTEMS STUDIOS LIMITED,12583319,active,ltd,2020-05-04,,,"Unit 14 Sherbrook Business Centre Sherbrook Road, Daybrook, Nottingham, NG5 6AT, England",59112; 59200; 62020; 90010
673,DENARIUS GAMES LIMITED,10730437,active,ltd,2017-04-19,,,"40 The Grove Ealing, London, W5 5LH, United Kingdom",70229
674,DENKI LIMITED,SC202506,active,ltd,1999-12-20,,"[{'ceased_on': '2000-02-17', 'effective_from': '1999-12-20', 'name': 'LOOPRIVER LIMITED'}]","Bordeaux House, 31 Kinnoull Street, Perth, Perthshire, PH1 5EN",62012
675,DE NATA GAMES LTD,17186838,active,ltd,2026-04-28,,,"71-75 Shelton Street, Covent Garden, London, WC2H 9JQ, United Kingdom",58210
676,DERAIL GAMES LTD,17254550,active,ltd,2026-06-01,,,"C/Io Affect Group Simpsons Fm, Pentlow, Sudbury, CO10 7JT, England",58210
677,DEPARTURE GATE STUDIOS LTD,17159156,active,ltd,2026-04-15,,,"50 Holbush Way, Irthlingborough, Wellingborough, NN9 5EP, England",58210; 58290; 62011
678,DERANGED GAMES LTD,16339621,active,ltd,2025-03-25,,,"3 Navigation Close, Murdishaw, Runcorn, WA7 6DE, England",58210
679,DERWENT STUDIOS LIMITED,09670086,dissolved,ltd,2015-07-03,2026-08-25,,"495 Green Lanes, Palmers Green, London, N13 4BS, England",62011
680,DERP STUDIOS LTD,07945621,active,ltd,2012-02-10,,,"29 Greenacre Way, Bishops Cleeve, Cheltenham, Gloucestershire, GL52 8SQ",32401; 58210
681,DESERT NOMAD STUDIOS LIMITED,11140442,active,ltd,2018-01-09,,,"2 Glen Garth, Off Glen Lee Lane, Keighley, West Yorkshire, BD21 5QW, United Kingdom",58210
682,DETROY STUDIOS LTD,SC846920,active,ltd,2025-04-30,,,"Clyde Offices 48 West George Street, 2nd Floor, Glasgow, G2 1BP, United Kingdom",62011
683,DEVELOP DAILY LIMITED,16335558,active,ltd,2025-03-23,,,"1 Jubilee Villas, Hassall, Sandbach, CW11 4XR, England",58290; 62011
684,DEVELOPER LTD,12049324,active,ltd,2019-06-13,,,"6 Eversley Mount, Eversley Mount, Halifax, HX2 7PZ, England",62011; 62012
685,DHARKER STUDIOS LIMITED,10411003,active,ltd,2016-10-05,,,"51 Parkside, Spennymoor, DL16 6SA, England",62011
686,DEXTERICGAMES LTD,NI681907,active,ltd,2021-08-26,,,"Unit 554 54 Bloomfield Avenue, Belfast, BT5 5AD, United Kingdom",58210; 62011
687,DIALECT LIMITED,09511847,active,ltd,2015-03-26,,,"11 Seven Dials, Sawclose, Bath, BA1 1EN, England",62011; 73110
688,DIANA AWARD,05739137,active,private-limited-guarant-nsc-limited-exemption,2006-03-10,,,"1 St. Katharines Way, London, E1W 1UN, England",85590
689,DIFFERENT CLOTH LTD,07068754,active,ltd,2009-11-06,,,"4 Thorpe Way, Horsham, West Sussex, RH12 1FT, United Kingdom",62090
690,DIFFERENT TUNA LTD,07295589,active,ltd,2010-06-25,,,"4 4 Thorpe Way, Horsham, West Sussex, RH12 1FT, United Kingdom",62011
691,DIGIHIRO LTD,12754045,active,ltd,2020-07-19,,,"29 Andrew Road, Eynesbury, St. Neots, PE19 2QE, England",47630; 47710; 58210; 62011
692,DIGIGAME LIMITED,16866145,active,ltd,2025-11-20,,,"128 City Road, London, EC1V 2NX, United Kingdom",58210; 62011; 62020; 73110
693,DIGISIGHT MEDIA LTD,16527130,active,ltd,2025-06-18,,,"Abrahamson Foster Ltd The Atkins Building, Lower Bond Street, Hinckley, LE10 1QU, England",58210; 62011
694,DIGIMIGHT LTD,14355716,active,ltd,2022-09-14,,,"128 City Road, London, EC1V 2NX, England",46190; 58210; 58290; 62011
695,DIGITAL CYBERCHERRIES LIMITED,09848206,active,ltd,2015-10-29,,,"Flat 2, 9 High Lane, Manchester, M21 9DJ, England",62012
696,DIGITAL PINE STUDIOS LIMITED,10926929,active,ltd,2017-08-22,,,"The Bayley 21 New Bailey Street, Apartment 51, Salford, Manchester, M3 5AX, England",62011
697,DIGIPORT STUDIOS LTD,13170716,active,ltd,2021-02-01,,,"86-90 Paul Street, London, England, EC2A 4NE, United Kingdom",58290; 62011; 90030
698,DIGITAL JOINERY GAMES LTD,SC892121,active,ltd,2026-06-05,,,"55/7 Hopetoun Street, Edinburgh, EH7 4NG, Scotland",58210; 62011
699,DINNAE KEN GAMES LTD,SC891594,active,ltd,2026-06-02,,,"16 South Park Court, Elgin, IV30 1NJ, Scotland",58210
700,DINO INNOVATION LIMITED,16563055,active,ltd,2025-07-07,,,"37 Croydon Road, Beckenham, BR3 4AB, United Kingdom",47910; 58210; 62011; 62090
701,DIGITERMS LTD,16305102,dissolved,ltd,2025-03-10,2026-09-29,,"16305102 - COMPANIES HOUSE DEFAULT ADDRESS, Cardiff, CF14 8LH",58290; 62011
702,DINK LTD,14322695,active,ltd,2022-08-30,,,"Victoria Building Victoria Road, Dink, Middlesbrough, TS1 3BA, England",62011
703,DIMWOOD STUDIOS LTD,NI741833,active,ltd,2026-06-29,,,"38 Primrose Street, Londonderry, BT47 2AW, Northern Ireland",32409; 58210; 62011
704,DINOMIC GAMES LTD,17145093,active,ltd,2026-04-08,,,"1 Stanford Gardens, Blackburn, BB2 3TG, England",62011
705,DISOBEY.GG LIMITED,12223682,active,ltd,2019-09-24,,,"167 - 169 5th Floor, Great Portland Street, London, W1W 5PF, United Kingdom",73110
706,DISCOVERING VR LIMITED,10672058,active,ltd,2017-03-15,,,"Penrose House, Hightown Road, Banbury, Oxfordshire, OX16 9BE, United Kingdom",59112; 62012; 62020; 71122
707,DISRUPTIVE GAMES LTD,16517397,active,ltd,2025-06-13,,,"16517397 - COMPANIES HOUSE DEFAULT ADDRESS, Cardiff, CF14 8LH",62011
708,DISTANT STAR LTD,14629938,active,ltd,2023-02-01,,,"25 Ferndale Road, Hove, BN3 6EU, England",58210; 62011
709,DISTANT LANTERN STUDIOS LTD,10045501,active,ltd,2016-03-07,,,"7 Bell Yard, London, WC2A 2JR, England",62011
710,DISTINCTIVE DEVELOPMENTS LIMITED,02963125,active,ltd,1994-08-30,,,"Fountain Precinct 4th Floor Leopold Wing, Balm Green, Sheffield, S1 2JA, United Kingdom",62011
711,DIVIDE THE PLUNDER LIMITED,13544947,active,ltd,2021-08-03,,,"1 Coldbath Square, Office One, London, EC1R 5HL, England",62011
712,DJ ANI VIBES E-ENTERTAINMENT LTD,17336462,active,ltd,2026-07-13,,,"93 Chestnut Drive, Darlington, DL1 4RR, United Kingdom",62011
713,DJELI FILMS LTD.,14085718,active,ltd,2022-05-04,,"[{'ceased_on': '2023-04-13', 'effective_from': '2022-05-04', 'name': 'GEMS GAMES LIMITED'}]","65 London Wall, London, EC2M 5TU, England",59131; 62011
714,DK GAMES LIMITED,04690160,active,ltd,2003-03-07,,"[{'ceased_on': '2003-04-03', 'effective_from': '2003-03-07', 'name': 'INNERBOARD LIMITED'}]","28 Royal Road, Teddington, Middlesex, TW11 0SB",93290
715,DLALA STUDIOS LTD,08115760,active,ltd,2012-06-22,,,"First Floor North, 40 Oxford Road, High Wycombe, Buckinghamshire, HP11 2EE, United Kingdom",82990
716,DOG DAY GAMES LTD.,09549114,active,ltd,2015-04-18,,,"37 Hundred Acre Way, Red Lodge, Bury St. Edmunds, Suffolk, IP28 8FQ, England",62011; 62012
717,DOOMED FROM THE START LTD,SC888312,active,ltd,2026-05-01,,,"3 Hill Street, Edinburgh, EH2 3JP, Scotland",58210; 62011
718,DOOLOVE LTD,16432737,active,ltd,2025-05-06,,,"71-75 Shelton Street, Covent Garden, London, WC2H 9JQ, United Kingdom",58290; 62011; 63120; 90030
719,DOPE GAMES LTD,11585454,active,ltd,2018-09-24,,,"433 Court Oak Road, Birmingham, West Midlands, B32 2DX",58210
720,DOOR Z STUDIO LTD,11022007,active,ltd,2017-10-19,,,"216a Randolph Avenue, London, W9 1PF, United Kingdom",47910
721,DOUBLE ELEVEN LIMITED,07111656,active,ltd,2009-12-23,,,"Boho X, Gosford Street, Middlesbrough, TS2 1BB, England",62011
722,DOUBLECAT PRODUCTIONS LTD,17180685,active,ltd,2026-04-25,,,"3 Banwell Road, Bristol, BS3 2DW, England",58190; 58210; 59113; 62011
723,DOUBLE J GAMES LIMITED,11260559,active,ltd,2018-03-16,,,"Murrayoung, The Mansion, Wrest Park, Silsoe, Bedfordshire, MK45 4HR, United Kingdom",62011
724,DOTWO GAMES LTD,16274848,active,ltd,2025-02-25,,,"303 Warminster Road, Sheffield, S8 8PS, England",58210
725,DOUBLE NUGGET LTD,16553186,active,ltd,2025-07-01,,,"14 Alexandra Road, Whitstable, CT5 4LR, England",59113; 59120; 62011
726,DOVETAIL GAMES (SCOTLAND) LIMITED,SC451539,active,ltd,2013-06-04,,"[{'ceased_on': '2021-10-26', 'effective_from': '2013-06-04', 'name': 'DOVETAIL GAMES LIMITED'}]","Suite 2, Ground Floor Orchard Brae House, 30 Queensferry Road, Edinburgh, EH4 2HS, Scotland",62011
727,DOUBLE YELLOW ENTERTAINMENT LIMITED,14827624,active,ltd,2023-04-25,,,"82 Wandsworth Bridge Road, London, SW6 2TF, England",59113
728,DOWNPOUR STUDIOS LTD,17343843,active,ltd,2026-07-16,,,"1 High Street, Great Linford, Milton Keynes, MK14 5AX, England",58210
729,DOUGLAS COWLEY LIMITED,04857229,active,ltd,2003-08-06,,,"2 Saint Johns Close, Carlisle, Cumbria, CA2 4JH",43341
730,DPS GAMES LIMITED,11500907,active,ltd,2018-08-06,,"[{'ceased_on': '2022-03-03', 'effective_from': '2018-08-06', 'name': 'WARGAMING U.K. LIMITED'}]","Building 2 (3rd Floor) Guildford Business Park, Guildford, Surrey, GU2 8XG, England",62011
731,DRAGONCOG INTERACTIVE LTD.,14559493,active,ltd,2022-12-28,,,"Town Hall, Ffrwd Crescent, Mountain Ash, Rct, CF45 4AB, Wales",58210
732,DRAGON SCALE STUDIOS LTD.,14936524,active,ltd,2023-06-14,,,"Startup Stiwdio 86-88 Adam Street, University Of South Wales  F.A.O Startup Stiwdio, Cardiff, CF24 2FN, Wales",62011; 70229; 85590
733,DRAKHVARN GAMES LTD,16769422,active,ltd,2025-10-07,,,"71-75 Shelton Street, Covent Garden, London, WC2H 9JQ, United Kingdom",58210; 62011; 62012; 62020
734,DRAGONFIAR LIMITED,10385162,active,ltd,2016-09-20,,,"Tech Hub 3rd Floor, Urban Village, 221 High St, Swansea, SA1 1NW, Wales",96090
735,DRAKNEK LIMITED,08875560,active,ltd,2014-02-04,,,"167-169 Great Portland Street, London, W1W 5PF, England",58210
736,DRAW & CODE LTD.,07345725,active,ltd,2010-08-13,,"[{'ceased_on': '2012-04-26', 'effective_from': '2010-08-13', 'name': 'CHRISTOPHER BARKER LTD'}]","24 Hardman Street, Liverpool, L1 9AX, England",62011
737,DRAMA LABS ENTERTAINMENT LTD,12946878,active,ltd,2020-10-13,,,"128 City Road, London, EC1V 2NX, United Kingdom",62011
738,DREADLOCKS LTD,07634294,active,ltd,2011-05-16,,,"Office Q, 35a Astbury Road, London, SE15 2NL, England",58210; 59200; 62011
739,DRAW & CODE GAMES STUDIO LIMITED,13592042,active,ltd,2021-08-30,,,"24 Hardman Street, Liverpool, L1 9AX, England",62011
740,DR DAVIENT LTD,10213628,active,ltd,2016-06-03,,,"51 Plymouth Avenue, Brighton, BN2 4JA, England",62012
741,DREADNOUGHT STUDIOS LTD,08433796,active,ltd,2013-03-07,,,"31 Stockton Close, Hadleigh, Ipswich, IP7 5SH",62011
742,DREAMALITY INTERACTIVE LIMITED,SC866888,active,ltd,2025-10-20,,,"4 Clerk Street, Brechin, DD9 6AE, Scotland",58210; 62011
743,DREALM MEDIA LTD,13585879,active,ltd,2021-08-25,,,"3 Meadow Close, Retford, DN22 7SY, England",58210; 62011
744,DREAM OUTPOST LIMITED,17308411,active,ltd,2026-06-30,,,"95 Caledonian Road, London, N1 9BT, England",58210; 62011
745,DREAM ONI LTD,12150638,active,ltd,2019-08-12,,,"53 Beaver Avenue, Sheffield, S13 9QH, England",47710; 47910; 58210; 62011
746,DREAMOB STUDIOS LTD,16857009,active,ltd,2025-11-14,,,"20 Wenlock Road, London, N1 7GU, England",58210; 59111; 59113
747,DREAM REALITY INTERACTIVE LIMITED,10530804,active,ltd,2016-12-17,,"[{'ceased_on': '2017-03-01', 'effective_from': '2016-12-17', 'name': 'DRDR GAMES LIMITED'}]","C/O Affect Group Simpsons Fm, Pentlow, Sudbury, Suffolk, CO10 7JT, United Kingdom",62011
748,DRIVER STUDIOS LTD,16289988,active,ltd,2025-03-04,,,"1 Penn Farm Studios, Harston Road, Haslingfield, Cambridge, CB23 1JZ, United Kingdom",58210; 90030
749,D R STUDIOS LIMITED,06131830,active,ltd,2007-02-28,,"[{'ceased_on': '2007-04-13', 'effective_from': '2007-02-28', 'name': 'GLS SHELFCO LIMITED'}]","Jubilee House 32 Duncan Close, Moulton Park, Northampton, NN3 6WL, United Kingdom",62012
750,DRY TOAST PRODUCTIONS LTD,16443942,active,ltd,2025-05-12,,,"66 Milton Avenue, Margate, CT9 1TT, England",58210; 62011
751,DRENTSOFT GAMES LTD,13624660,active,ltd,2021-09-15,,,"C/O Azets Burnham Yard, London End, Beaconsfield, Bucks, HP9 2JH, United Kingdom",32409; 58210; 62011; 62012
752,DRUNK MONK GAMES LTD,17362777,active,ltd,2026-07-27,,,"1 Beltring Road, Tunbridge Wells, TN4 9UA, England",58210; 62011
753,DSA CORPORATION LTD,12374239,active,ltd,2019-12-20,,,"Flat 3 Vale House 39-41 Vale Road, Portslade, Brighton, BN41 1GD, England",47910; 62011; 62012; 73110
754,DSCNT LTD,16061343,active,ltd,2024-11-05,,"[{'ceased_on': '2026-02-09', 'effective_from': '2024-11-05', 'name': 'SCUBA NETWORK LTD'}]","C/O Aligned Accountancy Group Ltd Bromley Old Town Hall, 30 Tweedy Road, Bromley, Kent, BR1 3FE, England",62011; 63990
755,DUALCARBON LTD,11978353,active,ltd,2019-05-03,,,"Studio 9, 50-54 St. Pauls Square, Birmingham, B3 1QS, England",62011
756,DUAL STUDIOS GAMES LIMITED,16753483,active,ltd,2025-09-30,,,"20 Whitmore Drive, Colchester, CO4 6BR, England",58210
757,DUAL PERCEPTION GAMES LTD,11593248,active,ltd,2018-09-28,,"[{'ceased_on': '2026-06-17', 'effective_from': '2018-09-28', 'name': 'DEFECTIVE PENGUIN GAMES LTD'}]","2nd Floor College House, 17 King Edwards Road, Ruislip, London, HA4 7AE, United Kingdom",62011
758,DUBIOUS DESIGN LTD,15468775,active,ltd,2024-02-05,,"[{'ceased_on': '2024-05-08', 'effective_from': '2024-02-05', 'name': 'DUBIOUS GAMES LTD'}]","C/O Buzzacott Llp, 130 Wood Street, London, EC2V 6DL, United Kingdom",62011
759,DUBIT LIMITED,03922956,active,ltd,2000-02-10,,"[{'ceased_on': '2000-06-01', 'effective_from': '2000-02-10', 'name': 'EVER 1268 LIMITED'}]","Clockwise Office 2:04 Yorkshire House, Greek Street, Leeds, LS1 5SH, England",58210; 62011; 73200
760,DULWICH CASTLE LIMITED,16396744,active,ltd,2025-04-20,,,"22 Melvin Way, Histon, Cambridge, CB24 9HY, England",58210; 62011
761,DUSKWARE GAMES LIMITED,12349852,active,ltd,2019-12-05,,,"71-75 Shelton Street, London, Greater London, WC2H 9JQ, United Kingdom",58210; 62011
762,EAGLE EYE STUDIOS - 360FLICKS.COM LIMITED,07011818,active,ltd,2009-09-08,,,"1 Bell Lane, Lewes, East Sussex, BN7 1JU",62011
763,DVN STUDIOS LTD,16993348,active,ltd,2026-01-27,,,"41 Montgomery Avenue, Wellesley, Aldershot, GU11 4DG, England",62011; 90030
764,DYNAMIC GAMES HUB LTD,16211335,dissolved,ltd,2025-01-27,2026-08-04,,"16211335 - COMPANIES HOUSE DEFAULT ADDRESS, Cardiff, CF14 8LH",58190; 58210; 62011; 63120
765,EARTH CUBS LTD,11900069,active,ltd,2019-03-22,,,"Broom Cottage, Chillies Lane, Crowborough, TN6 3TB, England",58210; 59112; 62011; 85200
766,EATON SMITH LLP,OC326172,active,llp,2007-02-21,,,"14 High Street, Huddersfield, West Yorkshire, HD1 2HA",
767,ECHIDNA LTD,07696619,active,ltd,2011-07-07,,,"7 Onslow Road, Onslow Road, Hove, BN3 6TA, England",31090; 73110
768,ECHO GAMES CIC,11880981,active,ltd,2019-03-13,,,"Flat 11 Cranmore Court, Temple Street, Keynsham, BS31 1FT, England",58210; 58290; 85520; 85600
769,ECHOMYSTIC ENTERTAINMENT LTD,16663951,active,ltd,2025-08-21,,"[{'ceased_on': '2025-08-26', 'effective_from': '2025-08-21', 'name': 'ECHOSHIFT ENTERTAINMENT LTD'}]","61 Bridge Street, Kington, HR5 3DJ, United Kingdom",58210; 62011
770,EC-INTERACTIVE LIMITED,05074491,liquidation,ltd,2004-03-16,,,"Lawrence House 5, St. Andrews Hill, Norwich, Norfolk, NR2 1AD",62011
771,ECI GAMES LTD,14845616,active,ltd,2023-05-04,,,"167-169 Great Portland Street, 5th Floor, London, W1W 5PF, England",58210
772,ECLIPSE INTERACTIVE LTD,16381062,active,ltd,2025-04-11,,,"128 City Road, London, EC1V 2NX, United Kingdom",58210; 62011
773,ECLIPSE GAMES LIMITED,16447747,active,ltd,2025-05-13,,,"38 38 Clarkson Street, Ipswich, IP1 2JH, United Kingdom",58210
774,ECOMMPAY LIMITED,08580802,active,ltd,2013-06-24,,,"5th Floor, Churchill House, 142-146 Old Street, London, EC1V 9BW, England",64999
775,EC STUDIOS LTD,SC643906,active,ltd,2019-10-08,,,"60 Henderson Drive, Kintore, Inverurie, AB51 0FB, United Kingdom",58210; 58290
776,EDGESOFT LIMITED,16287651,dissolved,ltd,2025-03-03,2026-09-01,,"71-75 Shelton Street, London, WC2H 9JQ, England",58210; 58290; 62011; 63110
777,EDA WORKS LTD,10931410,active,ltd,2017-08-24,,"[{'ceased_on': '2025-08-11', 'effective_from': '2017-08-24', 'name': 'FLYING INTERACTIVE LTD'}]","16a Prescot Road, Exeter, EX4 1RB, England",62020; 70229; 74300; 85590
778,EDIEDO LTD,09615277,active,ltd,2015-06-01,,,"46 Burstow Road, Wimbledon, London, SW20 8SX, United Kingdom",62011; 62020
779,EFUSION LTD,08758792,active,ltd,2013-11-01,,,"Watersmeet Greatford Gardens, Greatford, Stamford, Lincolnshire, PE9 4PX, England",62020
780,EEBZ LIMITED,11871138,active,ltd,2019-03-09,,,"C/O Wilson Partners Limited Tor Building, Saint-Cloud Way, Maidenhead, Berkshire, SL6 8BN, England",62012
781,EGG GANG GAMES LTD,12900736,active,ltd,2020-09-23,,,"8 Rochdale Road, Milnrow, Rochdale, Lancashire, OL16 3LN, United Kingdom",62011
782,EIDOLON STUDIOS LTD,07627857,active,ltd,2011-05-10,,,"20 Bell Close, Meldreth, Royston, Hertfordshire, SG8 6LE",62011
783,EIGHTYEIGHT GAMES LTD,07497343,active,ltd,2011-01-19,,,"Preston Park House, South Road, Brighton, East Sussex, BN1 6SB, United Kingdom",58210
784,ELDRITCH STUDIOS LIMITED,14625550,active,ltd,2023-01-30,,,"7 Ruskin Way, Brough, East Yorkshire, HU15 1GW, United Kingdom",99999
785,ELECTRIC DREAMERS LTD,14152742,active,ltd,2022-06-06,,,"2 The Orchard, Sutton-In-Ashfield, NG17 5GQ, England",58210; 59112; 62011
786,ELECTRICO STUDIOS LIMITED,16918131,active,ltd,2025-12-17,,,"33 Lawrence Avenue, Stevenage, SG1 3JX, England",58210
787,ELECTRIC SHEEP STUDIOS LIMITED,15638002,active,ltd,2024-04-11,,,"Flat 203, 1 Camberwell Passage Flat 203, 1 Camberwell Passage, London, London, SE5 0AU, United Kingdom",58210
788,ELECTRIC SQUARE LIMITED,09831554,active,ltd,2015-10-19,,"[{'ceased_on': '2018-04-12', 'effective_from': '2015-10-19', 'name': 'STUDIO GOBO DEVELOPMENT LTD'}]","4th Floor, 110 High Holborn, London, WC1V 6JS, England",62011
789,ELECTRIC TURTLE LIMITED,08774789,active,ltd,2013-11-14,,,"Ground Floor, 123 Pall Mall, London, SW1Y 5EA, United Kingdom",62011
790,ELECTRONIC ARTS LIMITED,02057591,active,ltd,1986-09-23,,"[{'ceased_on': '1987-08-03', 'effective_from': '1987-01-15', 'name': 'EOA LIMITED'}, {'ceased_on': '1987-01-15', 'effective_from': '1986-09-23', 'name': 'HAZLIST LIMITED'}]","Onslow House, Onslow Street, Guildford, Surrey, GU1 4TN",58290
791,ELEMENT SAMPLE LTD,17336682,active,ltd,2026-07-13,,,"82a James Carter Road, Mildenhall, Bury St. Edmunds, IP28 7DE, England",58210; 62011
792,ELECTRO GAMES LIMITED,16338269,active,ltd,2025-03-24,,,"4 Knightley Way, Gnosall, Stafford, ST20 0HX, England",58210
793,ELECTRONIC GAMES UK LTD,17347225,active,ltd,2026-07-18,,,"4 Southbourne Gardens, London, SE12 8UQ, England",58210
794,ELEPHANT GAMES LIMITED,04131224,active,ltd,2000-12-27,,,"Pond House Huntsmans Lane, Foxearth, Sudbury, CO10 7JX, England",32409
795,ELEVNXI LTD,16341381,active,ltd,2025-03-25,,,"128 City Road, London, EC1V 2NX, United Kingdom",62011; 63120; 63990; 93199
796,ELITE SYSTEMS LIMITED,01840901,active,ltd,1984-08-14,,,"49 Sandfield Meadow, Lichfield, WS13 6NH, United Kingdom",58210
797,ELEMENT ZERO STUDIOS LIMITED,10506514,active,ltd,2016-12-01,,,"3rd Floor The Coade, 98 Vauxhall Walk, London, SE11 5EL, United Kingdom",58210
798,ELLA ROMANOS LIMITED,08903702,active,ltd,2014-02-20,,,"Queensgate House, 48 Queen Street, Exeter, EX4 3SR, United Kingdom",62011; 62020
799,ELMDON STUDIOS LTD,11291963,active,ltd,2018-04-04,,,"7 Elmdon Park Road, Solihull, West Midlands, B92 9HE, England",62012
800,ELYSIUM INTERACTIVE LTD,17176862,active,ltd,2026-04-23,,,"6th Floor 37 Lombard Street, London, EC3V 9BQ, England",58210
801,EMBERCREST INTERACTIVE LTD,17334342,active,ltd,2026-07-12,,,"1 Bodkin Close, Sturry, Canterbury, CT2 0FR, England",58210; 62011
802,EMBER CROWS LTD,16250023,active,ltd,2025-02-13,,,"124 City Road, London, EC1V 2NX, England",58210; 62011
803,EMBERSTONE INTERACTIVE LIMITED,10782837,active,ltd,2017-05-22,,,"7 Marwood Drive, London, NW7 1GL, England",58210
804,EMBER WORKS LTD,16980504,active,ltd,2026-01-22,,,"Initial Business Centre, Unit 7, Wilson Business Park, England, M40 8wn, M40 8WN, United Kingdom",58210; 58290; 62011
805,EMOLSO LTD,16993905,active,ltd,2026-01-28,,,"4 Grasmere Avenue, Luton, LU3 2DU, England",58210; 62011
806,EMPIRE GAMES LTD,13200520,active,ltd,2021-02-15,,,"86-90 Paul Street, London, EC2A 4NE, England",58210; 62011
807,EMPIRE STRIKES BACK STUDIO LTD,16531400,active,ltd,2025-06-20,,,"86-90 Paul Street, London, EC2A 4NE, England",58210; 62011
808,ENA CREATIVE LTD,14289312,active,ltd,2022-08-10,,,"49 Downsview Crescent, Uckfield, East Sussex, TN22 1SA, England",58210; 62011; 85590; 86900
809,ENCLAVER LABS LTD,10496218,active,ltd,2016-11-24,,,"23 Barrons Chase, Richmond, TW10 5DA, England",62011; 62012; 62020; 62090
810,ENDEMOL SHINE GROUP LIMITED,06032269,active,ltd,2006-12-19,,"[{'ceased_on': '2015-10-22', 'effective_from': '2006-12-19', 'name': 'ENDEMOL INTERNATIONAL LIMITED'}]","Shepherds Building Central, Charecroft Way, London, W14 0EE, United Kingdom",59113; 59133
811,ENDLESS CRUCIBLE LTD,17235437,active,ltd,2026-05-21,,,"39 Wayside, Newcastle Upon Tyne, NE15 6DH, England",58210; 62011
812,ENDPOINT ESPORTS LTD,10341616,active,ltd,2016-08-23,,,"65, Ash House Napier Street, Sheffield, South Yorkshire, S11 8HA, England",93199
813,ENKISOFTWARE LIMITED,04093298,active,ltd,2000-10-19,,,"30 Highdown Road, Lewes, East Sussex, BN7 1QE",62011; 62020
814,ENEME ENTERTAINMENT LTD,09320159,active,ltd,2014-11-20,,,"17a Camellia Lane, Surbiton, KT5 8LY, England",62011
815,ENIGMATIC STUDIOS LIMITED,09224810,active,ltd,2014-09-18,,,"30 Lovedon Lane, Winchester, Hampshire, SO23 7NU",58210
816,ENRO LIMITED,09265254,active,ltd,2014-10-15,,,"Level 3 16 Eastcheap, London, EC3M 1BD, England",66220
817,EPHAPTIC LIMITED,16636591,active,ltd,2025-08-07,,,"52 Glen Albyn Road, London, SW19 6HD, England",58290; 62011
818,ENTERTAINMENT APPS LTD,08823057,active,ltd,2013-12-20,,"[{'ceased_on': '2014-01-02', 'effective_from': '2013-12-20', 'name': 'ENTERTAINMENT APPS LIMITED'}]","11-12 Old Bond Street, Mayfair, London, W1S 4PN, England",58210
819,EPIC GAMES ANIMATION UK LTD,06823136,active,ltd,2009-02-18,,"[{'ceased_on': '2020-03-13', 'effective_from': '2009-02-18', 'name': 'CUBIC MOTION LTD'}]","C/O Shepherd And Wedderburn Llp, 1-6 Lombard Street, London, EC3V 9AA, England",62011
820,EPIC GAMES ROYALE LIMITED,13351994,active,ltd,2021-04-22,,,"C/O Shepherd And Wedderburn Llp, 1-6 Lombard Street, London, EC3V 9AA, England",62011
821,EPIC GAMES SA UK LIMITED,08375013,active,ltd,2013-01-25,,"[{'ceased_on': '2024-01-27', 'effective_from': '2013-05-21', 'name': 'SUPERAWESOME LIMITED'}, {'ceased_on': '2013-05-21', 'effective_from': '2013-01-25', 'name': 'BOX OF AWESOME LIMITED'}]","C/O Shepherd And Wedderburn Llp, 1-6 Lombard Street, London, EC3V 9AA, England",64209
822,EPICROYALE LTD,11162212,active,ltd,2018-01-22,,,"15 Marlborough Road, Sutton, SM1 2PF, United Kingdom",58210; 62011
823,EPIC GAMES UK LTD,02865912,active,ltd,1993-10-26,,"[{'ceased_on': '2014-10-10', 'effective_from': '1993-10-26', 'name': 'EPIC MEGAGAMES UK LTD'}]","C/O Shepherd And Wedderburn Llp, 1-6 Lombard Street, London, EC3V 9AA, England",58210; 62012
824,ERA FILM STUDIOS LTD,06685486,active,ltd,2008-09-01,,"[{'ceased_on': '2017-03-08', 'effective_from': '2016-05-17', 'name': 'ERA CORPORATION LTD'}, {'ceased_on': '2016-05-17', 'effective_from': '2014-03-26', 'name': 'ERA FILM STUDIOS LTD'}, {'ceased_on': '2014-03-26', 'effective_from': '2008-09-01', 'name': 'ECLECTIC REVELATION LTD'}]","Era Film Studios, Spaces Castle Park Programme, The Pithay, Bristol, England, Bristol, England, BS1 2NB",59111; 59120; 62011; 85520
825,ERODED SLOOM STUDIO LTD,17137690,active,ltd,2026-04-06,,,"Clavering House, Clavering Place, Newcastle Upon Tyne, NE1 3NG, United Kingdom",58210; 59111; 59120; 62011
826,ERREDPATH LTD,17127634,active,ltd,2026-03-31,,,"71-75 Shelton Street, Covent Garden, London, WC2H 9JQ, United Kingdom",58190; 58210; 62011
827,ESCAPE VELOCITY LIMITED,07009802,active,ltd,2009-09-04,,"[{'ceased_on': '2010-10-22', 'effective_from': '2009-09-04', 'name': 'FEEL GREAT PUBLISHING LIMITED'}]","4 Ardington Courtyard Roke Lane, Witley, Godalming, GU8 5NF, United Kingdom",62011
828,ESCAPIST GAMES LIMITED,06814245,active,ltd,2009-02-10,,,"4 Ardington Courtyard Roke Lane, Witley, Godalming, GU8 5NF, United Kingdom",62012
829,ESCAPE TECHNOLOGY LIMITED,05624880,active,ltd,2005-11-16,,"[{'ceased_on': '2012-12-20', 'effective_from': '2005-11-16', 'name': 'WASABI SYSTEMS LIMITED'}]","Unit 5, Curo Park, Frogmore, St. Albans, Hertfordshire, AL2 2DD, England",46510
830,ESG CORPORATE COMMUNITY INTEREST COMPANY,13566221,active,private-limited-guarant-nsc,2021-08-13,,"[{'ceased_on': '2021-11-05', 'effective_from': '2021-08-13', 'name': 'ESG CORPORATE LTD'}]","124 City Road, London, EC1V 2NX, England",82990; 85510
831,ESPORTZ LTD,06988687,active,ltd,2009-08-12,,"[{'ceased_on': '2020-11-06', 'effective_from': '2010-07-15', 'name': 'WORLD GAMING EXECUTIVES LTD'}, {'ceased_on': '2010-07-15', 'effective_from': '2009-08-12', 'name': 'SQUILLIONAIRE LTD'}]","4 The Linney, Cowpe Road, Rossendale, Lancashire, BB4 7EX",58290
832,ESL FACEIT GROUP LIMITED,07751649,active,ltd,2011-08-24,,"[{'ceased_on': '2024-02-27', 'effective_from': '2011-08-24', 'name': 'FACE IT LIMITED'}]","Millbank Tower Faceit 25th Floor, 21-24 Millbank, London, SW1P 4QP, England",59112; 62011
833,ETERNAL TOLL STUDIOS LTD,16682700,active,ltd,2025-08-29,,,"6 Ambleside Close, London, E9 6EY, England",58210
834,ETERNUS GAMES LTD,10038473,active,ltd,2016-03-02,,,"Broad Hill Farm, Broad Hill, Defford, Worcestershire, WR8 9AE, England",62011
835,ETHERPLAY ENTERTAINMENT LIMITED,SC566606,active,ltd,2017-05-23,,,"5 South Charlotte Street, Edinburgh, EH2 4AN, Scotland",62011
836,EVERAE LIMITED,07757026,active,ltd,2011-08-31,,,"Henstaff Court Business Centre, Groesfaen, Cardiff, CF72 8NG, Wales",58210; 62020; 70229
837,EVERBLOOM STUDIOS LTD,10465741,active,ltd,2016-11-07,,,"The Copper Room Royce Peeling Green Deva City Office Park, Trinity Way, Salford, M3 7BG, England",62011; 85600; 90030
838,EVERGUILD LTD,09334050,active,ltd,2014-12-01,,"[{'ceased_on': '2015-07-14', 'effective_from': '2014-12-01', 'name': 'FUN FUNGUS LTD'}]","20-22 Wenlock Road, London, N1 7GU",62011
839,EVERMOORE STUDIOS LTD,16062937,active,ltd,2024-11-05,,,"51 Staple Hall Road, Bletchley, Milton Keynes, MK1 1BQ, England",58210
840,EVERJOY STUDIOS LTD,16700220,active,ltd,2025-09-08,,,"Lytchett House 13 Freeland Park Wareham Road, Lytchett Matravers, Poole, BH16 6FA, United Kingdom",62011
841,EVERWAKE GAMES LTD,10814470,active,ltd,2017-06-12,,,"103 Park Avenue, Northfleet, Gravesend, DA11 8DN, United Kingdom",58210; 62011
842,EVERYWHERE GAME LIMITED,SC548818,active,ltd,2016-10-28,,,"2 Ocean Drive, Leith, Edinburgh, EH6 6JB, Scotland",62011
843,EVIL OWL STUDIOS LTD.,11933040,active,ltd,2019-04-08,,,"Games Talent Wales Enterprise Centre Wrexham Glyndŵr University, Mold Road, Wrexham, Clwyd, LL11 2AW, United Kingdom",58210
844,EVIL TWIN ARTWORKS LIMITED,07346603,active,ltd,2010-08-16,,,"136 Ridge Nether Moor, Liden, Swindon, Wiltshire, SN3 6NF",62011
845,EVIL TEDDY PRODUCTIONS LIMITED,09359484,active,ltd,2014-12-17,,"[{'ceased_on': '2023-01-25', 'effective_from': '2014-12-17', 'name': 'WIRED PRODUCTIONS PUBLISHING LIMITED'}]","Unit 4 Watford Interchange, Colonial Way, Watford, Hertfordshire, WD24 4WP",62011
846,EVIL VIDEO GAMES LIMITED,10365519,active,ltd,2016-09-08,,,"4 Briar Drive, Buckley, Flintshire, CH7 2AN, United Kingdom",62011
847,EVOLVE LIMITED,SC208037,active,ltd,2000-06-12,,"[{'ceased_on': '2000-08-30', 'effective_from': '2000-06-12', 'name': 'CYBERBID LIMITED'}]","6 Bon Accord Square, Aberdeen, AB11 6XU, Scotland",62020; 63110
848,EXCALIBUR PUBLISHING LIMITED,04933487,active,ltd,2003-10-15,,,"Bloxham Mill Barford Road, Bloxham, Banbury, OX15 4FF, England",58210
849,EXAUDIO LIMITED,10781075,active,ltd,2017-05-20,,"[{'ceased_on': '2020-11-17', 'effective_from': '2020-02-21', 'name': 'SONICSIGHT LIMITED'}, {'ceased_on': '2020-02-21', 'effective_from': '2017-05-20', 'name': 'CATALYST INTERACTIVE LIMITED'}]","20 Gloucester Place, London, W1U 8HA, United Kingdom",58210; 62011
850,EXCEPTION LIMITED,SC239401,active,ltd,2002-11-11,,,"8 Coates Crescent, Edinburgh, EH3 7AL, Scotland",62012
851,EXECUTION UNIT LIMITED,06292487,active,ltd,2007-06-26,,,"14 Princes Drive, Harrow, Middlesex, HA1 1XH, United Kingdom",62090
852,EXERTIS GEM LIMITED,08737604,active,ltd,2013-10-17,,,"1 Park Row, Leeds, LS1 5AB, England",74990
853,EXIENT LIMITED,07638597,active,ltd,2011-05-18,,"[{'ceased_on': '2011-10-11', 'effective_from': '2011-05-18', 'name': 'FREQUENTFORWARD LIMITED'}]","Sas House Friarswood, Chipperfield Road, Kings Langley, Hertfordshire, WD4 9JB, England",58210; 62011
854,EXIENT PRODUCTIONS LTD,08453438,active,ltd,2013-03-20,,"[{'ceased_on': '2024-05-25', 'effective_from': '2015-10-13', 'name': 'DONUT PUBLISHING LTD'}, {'ceased_on': '2015-10-13', 'effective_from': '2013-03-20', 'name': 'SUBTLE FOX SOFTWARE LIMITED'}]","Sas House Friarswood, Chipperfield Road, Kings Langley, Hertfordshire, WD4 9JB, England",58210; 62011
855,EXIT STUDIOS LIMITED,16622202,active,ltd,2025-08-01,,,"173 Kings Head Hill, London, E4 7PP, England",58210
856,EXOBYTE LTD,11328170,active,ltd,2018-04-25,,,"Union Suite The Union Building, 51-59 Rose Lane, Norwich, NR1 1BY, England",58210
857,EXODUS GAME DEVELOPMENT LTD,17079785,active,ltd,2026-03-09,,,"35a St. Philips Street, Cheltenham, GL50 2BP, United Kingdom",58210; 62011
858,EXODUS INTERACTIVE LTD,16951429,active,ltd,2026-01-08,,"[{'ceased_on': '2026-02-03', 'effective_from': '2026-01-08', 'name': 'VIDEO GAMES PUBLISHING LIMITED'}]","134 Buckingham Palace Road, London, SW1W 9SA, England",58210
859,EXP GAMES LTD,16672372,active,ltd,2025-08-26,,,"31 Hilton Road, Disley, Stockport, SK12 2JU, England",58210
860,EXPLORE AND CREATE LIMITED,07046637,active,ltd,2009-10-16,,,"167-169 Great Portland Street, 5th Floor, London, W1W 5PF, England",62011; 62012
861,EXPRESSION GAMES LTD,07834853,active,ltd,2011-11-03,,,"11b Sheffield Design Studios, 40 Ball Street, Sheffield, South Yorkshire, S3 8DB, England",62011
862,EXTRA LIFE LTD,07996411,active,ltd,2012-03-19,,,"42 Home Road, London, SW11 3EZ, England",62011
863,EXTRA MILE STUDIOS LIMITED,SC263923,active,ltd,2004-02-24,,"[{'ceased_on': '2005-11-03', 'effective_from': '2004-02-24', 'name': 'OSIRIS MEDIA LIMITED'}]","142 West Nile Street, Glasgow, G1 2RQ",59112
864,FABLE GAMES LIMITED,16617897,active,ltd,2025-07-31,,,"Suite 302 4 Station Square, Cambridge, CB1 2GE, United Kingdom",58210; 58290; 62011; 62090
865,FABLEBYTE LTD,16589533,active,ltd,2025-07-17,,,"Suite 20445 61 Bridge Street, Kington, HR5 3DJ, United Kingdom",58210; 58290; 62011; 62020
866,EXTRAPLANAR INTERACTIVE LTD,17237162,active,ltd,2026-05-22,,,"Apartment 17 Acorn House, 208 Altrincham Road, Manchester, M22 4UJ, England",62011
867,FABRIC GAMES LTD,17234949,active,ltd,2026-05-21,,,"419 Ennis Suite, Unit 4, 419 Wick Lane, London, E3 2PW, United Kingdom",58210; 62011
868,FABRIK GAMES LIMITED,08183480,active,ltd,2012-08-17,,"[{'ceased_on': '2014-11-26', 'effective_from': '2012-11-16', 'name': 'FACTORY GAMES LIMITED'}, {'ceased_on': '2012-11-16', 'effective_from': '2012-08-17', 'name': 'GEEUN LIMITED'}]","10 Great Marlborough Street, London, W1F 7LP",62012
869,FACEPUNCH STUDIOS LTD,06848626,active,ltd,2009-03-17,,,"8th Floor 103 Colmore Row, Birmingham, B3 3AG, England",62090
870,FACTORI STUDIO LTD,13699176,active,ltd,2021-10-22,,,"Flat 13 Mantle Court, 209-211 Mantle Road, London, SE4 2EW, United Kingdom",71129
871,FAILBETTER GAMES LIMITED,07121579,active,ltd,2010-01-11,,,"124 City Road, London, EC1V 2NX, England",62011
872,FAIL FAST GAMES LTD,13558687,active,ltd,2021-08-10,,,"128 City Road City Road, London, EC1V 2NX, England",62011
873,FAIRER GAMES LTD,14115805,active,ltd,2022-05-18,,,"Suite A, 82 James Carter Road, Mildenhall, Bury St. Edmunds, Suffolk, IP28 7DE, England",47910; 58210; 62011; 70229
874,FALLEN FLAG STUDIO LTD,11650570,active,ltd,2018-10-30,,,"Kings Chambers, Office 10, Queen Street, Derby, DE1 3DS, United Kingdom",58210
875,FAITRESS ENTERTAINMENT AND EVENTS LTD,16063721,active,ltd,2024-11-06,,,"4 Princes Street, London, W1B 2LE, England",56210; 62011; 90010; 90020
876,FALLEN TREE GAMES LTD,07805177,active,ltd,2011-10-11,,"[{'ceased_on': '2012-05-15', 'effective_from': '2011-10-11', 'name': 'FTG MOBILE LTD'}]","Preston Park House, South Road, Brighton, East Sussex, BN1 6SB, United Kingdom",62011
877,FANCENSUS.COM LIMITED,06698398,active,ltd,2008-09-16,,,"55 Station Road, Beaconsfield, HP9 1QL, England",62011
878,FALSE ATLAS STUDIOS LIMITED,16636184,active,ltd,2025-08-07,,,"Belmont Suite Paragon Business Park, Chorley New Road, Horwich, Bolton, Lancashire, BL6 6HG, United Kingdom",32409; 58210; 62011; 74100
879,FANCLUB APP LTD,12692553,active,ltd,2020-06-23,,,"Red Thimbles, Laurel Bank, Tunbridge Wells, TN4 0DG, England",62011
880,FANCY GOODS STUDIOS LTD,NI667209,active,ltd,2020-01-23,,,"Second Floor Suite - Legal & Financial House, 137 York Road, Belfast, BT15 3GZ, United Kingdom",62011
881,FANTOM FLARE LTD,12754011,active,ltd,2020-07-19,,,"167/169 Great Portland Street Great Portland Street, 5th Floor, London, W1W 5PF, England",58210; 62011
882,FARSET LABS,NI611278,active,private-limited-guarant-nsc-limited-exemption,2012-02-20,,,"Unit 2a-2b Linfield Road, Belfast, BT12 5GH, Northern Ireland",85590
883,FAR FEW GIANTS LIMITED,10757477,active,ltd,2017-05-08,,,"11 Osprey Close, Mudeford, Christchurch, BH23 4RX, England",62011
884,F.A.R.T GOBLIN TECH LTD,16672783,active,ltd,2025-08-26,,,"62 Long Row, Belper, DE56 1DR, England",47650; 58210; 62011; 62090
885,FAST EFFECTS STUDIOS LIMITED,08735225,active,ltd,2013-10-16,,,"29 Imperial Avenue Winnington, Northwich, Cheshire, CW8 4GB, England",62011; 78109
886,FAT BUG STUDIOS LTD,17310564,active,ltd,2026-06-30,,,"4 Holly Close, Highmoor Cross, Henley-On-Thames, RG9 5DY, England",58210; 62011
887,FAST LORIS STUDIOS LTD,07692110,active,ltd,2011-07-04,,"[{'ceased_on': '2024-01-29', 'effective_from': '2011-07-04', 'name': 'GASLIGHT GAMES LTD'}]","Park Lane Centre, Park Lane, Bradford, West Yorkshire, BD5 0LN",62011
888,FAT FAMILIAR LTD,12255364,active,ltd,2019-10-10,,,"17 Barker Way, Thorpe End, Norwich, NR13 5EZ, United Kingdom",62011
889,FAT FISH DIGITAL LIMITED,08611202,active,ltd,2013-07-16,,"[{'ceased_on': '2021-04-27', 'effective_from': '2013-07-16', 'name': 'FAT FISH GAMES LIMITED'}]","Unit A, Angel Business Centre, 1 Luton Road, Toddington, Dunstable, Bedfordshire, LU5 6DE, England",62030
890,FAT KRAKEN STUDIOS LIMITED,10469479,active,ltd,2016-11-08,,,"31 Harrogate Road, Leeds, LS7 3PD, England",62011
891,FAT PEBBLE LIMITED,07300917,active,ltd,2010-07-01,,"[{'ceased_on': '2010-12-29', 'effective_from': '2010-07-01', 'name': 'FUNBULB LIMITED'}]","41 Brambletyne Avenue, Saltdean, Brighton, BN2 8EL, England",62090
892,FAT PAPS GAMES LTD,13118335,active,ltd,2021-01-06,,,"C/O Dsg Chartered Accountants Unit 5 Evolution House, Lakeside Business Village, Ewloe, Flintshire, CH5 3XP, United Kingdom",62011
893,FAVRYTZ STUDIOS LTD,17067129,active,ltd,2026-03-03,,,"18, 18, Blossom Court Blossom Court, Kettering, NN16 9SH, United Kingdom",58210
894,FEAST OF FOOLS LTD,17028309,active,ltd,2026-02-12,,,"4 Southwood Gardens, Cookham, Maidenhead, SL6 9EB, England",58210; 62011
895,FAYJU LIMITED,06850480,active,ltd,2009-03-18,,,"17 Belmont, Lansdown Rd, Bath, BA1 5DZ",62012
896,FEIST HEDGETHORNE LIMITED,04662643,active,ltd,2003-02-11,,,"Preston Park House, South Road, Brighton, East Sussex, BN1 6SB",69201
897,FEISTY CRAB STUDIOS LIMITED,10592160,active,ltd,2017-01-31,,,"Tresco Shutterton Lane, Dawlish Warren, Dawlish, EX7 0PD, England",62011
898,FELDSPAR GAMES LTD,13936117,active,ltd,2022-02-23,,,"11 Second Floor Flat, 11 Buckingham Place, Clifton, Bristol, BS8 1LJ, England",62011
899,FENNECFU GAMES LIMITED,11298759,active,ltd,2018-04-09,,,"81 Chiltern Street Chiltern Street, London, W1U 6NP, United Kingdom",62011
900,FENRIS CREATIONS UK LTD,05446672,active,ltd,2005-05-09,,"[{'ceased_on': '2026-05-06', 'effective_from': '2005-05-09', 'name': 'CCP GAMES UK LTD'}]","Herschel House, 58 Herschel Street, Slough, SL1 1PG, England",58210
901,FERAL INTERACTIVE LIMITED,03828254,active,ltd,1999-08-19,,,"64 Kimber Road, Southfields, London, SW18 4PP",58210
902,FERMENTED ODDITY STUDIOS LIMITED,16085121,active,ltd,2024-11-18,,,"6 Park Avenue, Stafford, ST17 9RB, England",58210
903,FERN DESIGN STUDIOS LTD,09651240,active,ltd,2015-06-22,,,"46 Fern Avenue, Newcastle Upon Tyne, NE2 2QX, United Kingdom",58210
904,FIRE WITHOUT SMOKE LTD,08548097,active,ltd,2013-05-29,,,"4th Floor, 110 High Holborn, London, WC1V 6JS, England",32409
905,FISCAL POWER GAMES (UK) LTD,10506707,active,ltd,2016-12-01,,,"86-90 Paul Street, London, EC2A 4NE, England",58210
906,FIRST TOUCH GAMES LIMITED,07638595,active,ltd,2011-05-18,,"[{'ceased_on': '2011-10-11', 'effective_from': '2011-05-18', 'name': 'EMERGINGTIME LIMITED'}]","264 Banbury Road, Oxford, OX2 7DY",58210
907,FIRST FIRES GAMES LTD,17234876,active,ltd,2026-05-21,,,"International House, 22-28 Wood Street, Doncaster, DN1 3LW, United Kingdom",62011
908,FISHERNAUT GAMES LTD,16846102,active,ltd,2025-11-11,,,"3rd Floor, Old Stock Exchange, St. Nicholas Street, Bristol, BS1 1TG, England",58210; 62011
909,FISH HEAD GAMES SPV1 LTD,16725319,active,ltd,2025-09-17,,,"16 Heron Grange, Burton, DE14 3RG, United Kingdom",58210
910,FISH TIN GAMES LTD,SC712022,active,ltd,2021-10-12,,,"Unit 7, Water's Edge, Camperdown Street, Dundee, DD1 3HY, Scotland",62011
911,FIVESPRITES LTD,12706347,active,ltd,2020-06-30,,,"19 Upper Weybourne Lane, Farnham, GU9 9DG, England",62011; 62012
912,FIVE12 GAMES LTD,10063856,active,ltd,2016-03-15,,,"179 Queensway, Bletchley, Milton Keynes, MK2 2DZ, England",62011
913,FIZZY VORTEX LIMITED,11594078,active,ltd,2018-09-28,,,"167-169 Great Portland Street, 5th Floor, London, W1W 5PF, England",58210; 59112; 62012
914,FLAM DEV LTD,16791982,active,ltd,2025-10-17,,,"71-75 Shelton Street, London, WC2H 9JQ, United Kingdom",58210; 62011; 62030; 62090
915,FLAMING FOWL STUDIOS LTD,10067178,active,ltd,2016-03-16,,,"Castle House, Castle Street, Guildford, Surrey, GU1 3UW, England",62011
916,FLAMMABLE PENGUINS LIMITED,10116521,active,ltd,2016-04-11,,,"Unit 3.33 The Busworks North Road, London, N7 9DP, England",58110
917,FLARE GUN STUDIOS LTD,16157181,active,ltd,2024-12-31,,,"Ford Farm Ford Lane, Elmbridge, Droitwich, WR9 0BQ, England",58210
918,FLASHEDDIEROCKS LTD,05584495,active,ltd,2005-10-06,,,"34 Edingley Avenue, Nottingham, NG5 3DP",62011; 62012; 85590
919,FLEETYARD STUDIOS LTD,14192567,active,ltd,2022-06-23,,,"35 Conygar View, Dunster, Minehead, TA24 6PW, England",58210
920,FLASHBANG STUDIO LIMITED,10580283,active,ltd,2017-01-24,,,"The Hermitage, 15a Shenfield Road, Brentwood, Essex, CM15 8AG, England",59120; 59200; 62011; 74100
921,FLICKER LIGHT GAMES LTD,16677349,active,ltd,2025-08-28,,,"Icon Office, 182-184 High Street North, Office 14578, London, E6 2JA, England",58210; 62011
922,FLICK GAMES LTD,12012885,active,ltd,2019-05-22,,,"45 Queen Street, Deal, CT14 6EY, United Kingdom",58210
923,FLIX INTERACTIVE LIMITED,07874991,active,ltd,2011-12-08,,,"Unit 6a Sugarbrook Court, Aston Road, Bromsgrove, Worcestershire, B60 3EX, England",62011
924,FLOW CONSTRUCT STUDIOS LTD,16368060,active,ltd,2025-04-06,,"[{'ceased_on': '2025-07-14', 'effective_from': '2025-04-06', 'name': 'FLOW FORGE STUDIOS LIMITED'}]","2 Barley Sheaf Court Main Road, Holland Fen, Lincoln, LN4 4QH, England",58290; 62011; 62012
925,FLOX STUDIOS LTD,08065316,active,ltd,2012-05-11,,"[{'ceased_on': '2015-06-09', 'effective_from': '2012-05-11', 'name': 'SNOW ARC STUDIO LTD'}]","20-22 Wenlock Road, London, N1 7GU, England",62011
926,FLOWMO GAMES LTD.,08626356,active,ltd,2013-07-26,,,"6 Burnham Close, Brighton, BN2 6SH, England",62011
927,FLUENTIAM LIMITED,16261438,active,ltd,2025-02-19,,,"Flat 9 Mourne House, 11 Maresfield Gardens, London, NW3 5SL, England",58290; 62011
928,FLUFFY DUCK GAMES LTD,17300204,active,ltd,2026-06-24,,,"14 Mason Way, Birmingham, B15 2EY, England",58210
929,FLUFFY FOX STUDIOS LIMITED,13817158,active,ltd,2021-12-24,,,"22 Bishop Gardens, Hoddesdon, EN11 8GJ, United Kingdom",58210; 58290; 62011; 62012
930,FLUXFIRE GAMES LIMITED,16305335,active,ltd,2025-03-10,,,"1-4 London Road, Spalding, Lincolnshire, PE11 2TA, England",58210
931,FLY GAMES MANAGEMENT LTD,17270613,active,ltd,2026-06-09,,,"Brewery House High Street, Twyford, Winchester, Hampshire, SO21 1RG, United Kingdom",58210; 62011
932,FLUX GAMES LTD,NI691719,active,ltd,2022-10-09,,,"69 Northland, Carrickfergus, BT38 8JZ, Northern Ireland",62011
933,FLYNT GAMES LTD,16711830,active,ltd,2025-09-11,,,"124 City  Road, London, EC1V 2NX, United Kingdom",58210
934,FLYTCODE LTD,16463345,active,ltd,2025-05-20,,,"45 4th Floor, Silverstream House, Fitzroy Street, Fitzrovia, London, W1T 6EB, United Kingdom",58290; 62011
935,FNATIC LTD,07805670,active,ltd,2011-10-11,,,"1 Kingsland Passage, London, E8 2BB, United Kingdom",93290
936,FOAM SWORD LTD,09288345,active,ltd,2014-10-30,,,"C/O Affect Group Simpsons Fm, Pentlow, Sudbury, Suffolk, CO10 7JT, United Kingdom",62011
937,FOEHAMMER STUDIOS LTD,16979735,active,ltd,2026-01-21,,,"82a James Carter Road, Mildenhall, Bury St. Edmunds, IP28 7DE, England",58210
938,FOCUS MULTIMEDIA LIMITED,02408658,active,ltd,1989-07-27,,"[{'ceased_on': '1995-10-05', 'effective_from': '1989-09-08', 'name': 'REEVES SIGMA COMPUTER TRAINING LIMITED'}, {'ceased_on': '1989-09-08', 'effective_from': '1989-07-27', 'name': 'DILTONS LIMITED'}]","The Studios Lea Hall, Enterprise Park, Wheelhouse Road Rugeley, Staffordshire, WS15 1LH",47410; 47910; 58210; 58290
939,FOCUS VR LIMITED,10716304,active,ltd,2017-04-08,,,"126 Newlands Drive, Leeds, LS27 8SL, United Kingdom",58210; 62011
940,FOGGY BOX LTD,10879187,active,ltd,2017-07-24,,,"10 Orchard Street, Bristol, BS1 5EH, England",58210; 62012
941,FOOT ANSTEY LLP,OC360255,active,llp,2010-12-14,,,"Salt Quay House 4 North East Quay, Sutton Harbour, Plymouth, Devon, PL4 0BN",
942,FOOTSAPP LTD,12117641,active,ltd,2019-07-23,,,"63-66 Hatton Garden, London, EC1N 8LE, England",58210; 58290; 62011; 63120
943,FORCE OF HABIT LTD,08198901,active,ltd,2012-09-03,,,"44 Abel Yard, Rope Walk, Bristol, Bristol, BS1 6ZL, United Kingdom",62011
944,FORTH PARK GAMES LIMITED,SC866211,active,ltd,2025-10-14,,,"9a Newtown, Cupar, KY15 4DD, Scotland",58210
945,FORMIC GAMES LTD,17235528,active,ltd,2026-05-21,,,"92 Dukes Avenue, New Malden, KT3 4HN, United Kingdom",62011
946,FORTITUDE GAMES LIMITED,10973601,active,ltd,2017-09-20,,,"C/O Shepherd And Wedderburn Llp, 1-6 Lombard Street, London, EC3V 9AA, England",62011
947,FOSSIL GAMES LTD,11604161,active,ltd,2018-10-04,,,"Unit 2, 2 Thayers Farm Road, Beckenham, Kent, BR3 4LZ, England",58210
948,FORTIS GAMES LIMITED,13576536,active,ltd,2021-08-20,,"[{'ceased_on': '2021-11-11', 'effective_from': '2021-08-20', 'name': 'ABC STUDIO SYSTEMS UK LIMITED'}]","1 More London Place, London, SE1 2AF, United Kingdom",62011
949,FOUNDERS LAW LIMITED,11866392,active,ltd,2019-03-07,,"[{'ceased_on': '2022-10-04', 'effective_from': '2019-03-07', 'name': 'CHRONOS LAW LIMITED'}]","1 Temple Avenue, Hamilton House, London, EC4Y 0HA, England",69102
950,FOUNTAIN DIGITAL LABS LIMITED,08230374,active,ltd,2012-09-26,,"[{'ceased_on': '2012-11-06', 'effective_from': '2012-09-26', 'name': 'FOUNTAIN 77 LIMITED'}]","2 London Wall Place, London, EC2Y 5AU",58110; 59120; 62011; 86900
951,FOSTER GAMES LTD,17011314,active,ltd,2026-02-04,,,"Flat A, 183 Selhurst Road, London, SE25 6LB, United Kingdom",58210
952,FOUR CIRCLE INTERACTIVE LTD,08555220,active,ltd,2013-06-04,,,"4 Francis Street, Reading, RG1 2QB, England",62012
953,FOUNTAIN INTERACTIVE LTD,11049425,active,ltd,2017-11-06,,"[{'ceased_on': '2025-06-03', 'effective_from': '2023-11-20', 'name': 'FOUNTAIN GAMES LTD'}, {'ceased_on': '2023-11-20', 'effective_from': '2019-08-14', 'name': 'COLD BREW GAMES LTD'}, {'ceased_on': '2019-08-14', 'effective_from': '2017-11-06', 'name': 'LASER GUIDED CHICKEN LTD'}]","316 Wimbledon Central 21-33 Worple Road, London, SW19 4BJ, United Kingdom",62011
954,FOURTH FLOOR CREATIVE LIMITED,11060430,active,ltd,2017-11-13,,,"Fourth Floor King William House, 13 Queen Square, Bristol, BS1 4NT, United Kingdom",73110; 73120
955,FRANCISKODAK DESIGN LAB LTD,08216640,active,ltd,2012-09-17,,"[{'ceased_on': '2019-09-19', 'effective_from': '2012-09-17', 'name': 'FRANCIS&SON UNIVERSAL EXPORT-IMPORT LIMITED'}]","36 A Floyd Road, London, SE7 8AN, England",58290; 62011; 74100
956,FRANTIC THUMBS GAMES LTD,16530767,active,ltd,2025-06-20,,,"16530767 - COMPANIES HOUSE DEFAULT ADDRESS, Cardiff, CF14 8LH",58210
957,FOX FLARE GAMES LTD,16623083,active,ltd,2025-08-01,,,"255 Stretford Road, Urmston, Manchester, M41 9WE, England",58210
958,FOURTH STATE LTD,09602623,active,ltd,2015-05-21,,"[{'ceased_on': '2016-09-01', 'effective_from': '2016-06-13', 'name': 'SKETCHBOOK GAMES LTD'}, {'ceased_on': '2016-06-13', 'effective_from': '2015-05-21', 'name': 'FOURTH STATE LTD'}]","The Green House, Block C, Unit 2, Parkside Office Village, Nesfield Road, Knowledge Gateway, Colchester, Essex, CO4 3ZL, England",62011
959,FOX TOR GAMES LTD,12024772,active,ltd,2019-05-30,,,"3rd Floor Suite, 207 Regent Street, London, W1B 3HH, England",62011
960,FRAWD LTD,16699985,active,ltd,2025-09-08,,,"The Forge, Laxfield, Woodbridge, IP13 8EJ, England",58210; 62011
961,FRACTAL NARRATIVES LIMITED,16656801,active,ltd,2025-08-18,,,"71-75 Shelton Street, London, WC2H 9JQ, England",58210; 62011
962,FREEJAM LIMITED,02687345,active,ltd,1992-02-13,,"[{'ceased_on': '2015-04-17', 'effective_from': '2010-05-11', 'name': 'HYPERION VENTURES LIMITED'}, {'ceased_on': '2010-05-11', 'effective_from': '1992-02-13', 'name': 'CLIMAX GROUP LIMITED'}]","B1 Vantage Park Old Gloucester Road, Hambrook, Bristol, BS16 1GW, England",62090
963,FREEDOM GAMES LTD,11991512,dissolved,ltd,2019-05-13,2026-09-22,,"10 Rye Close, Bexley, DA5 1PX, United Kingdom",58210
964,FREE GAMES LTD,08423839,active,ltd,2013-02-28,,"[{'ceased_on': '2025-11-27', 'effective_from': '2020-03-04', 'name': 'FREE GAMES ONLINE LTD'}, {'ceased_on': '2020-03-04', 'effective_from': '2013-02-28', 'name': 'GAZ THOMAS MEDIA LTD'}]","4a Station Road, Llanfairfechan, Conwy, LL33 0AL, Wales",58210; 62011; 63990
965,FREDBEAR GAMES LIMITED,09710744,active,ltd,2015-07-30,,,"Unit A552 4 - 6 Greatorex Street, London, E1 5NF, England",62090
966,FREEKSTORM LTD,02919324,active,ltd,1994-04-15,,"[{'ceased_on': '2014-12-08', 'effective_from': '2005-06-21', 'name': 'FTGATE TECHNOLOGY LIMITED'}, {'ceased_on': '2005-06-21', 'effective_from': '1996-05-09', 'name': 'FLOOSIETEK LIMITED'}, {'ceased_on': '1996-05-09', 'effective_from': '1994-04-15', 'name': 'RICHARD J. BANG ELECTRONIC DESIGN LIMITED'}]","Rivendell Church Close, Wiggenhall St. Mary Magdalen, King's Lynn, Norfolk, PE34 3EP, England",62012; 62020
967,FREESTYLEGAMES LIMITED,04604940,active,ltd,2002-11-29,,,"The Ampersand Building, 178 Wardour Street, London, W1F 8FY, United Kingdom",58210; 93290
968,FROGGY STUDIOS LIMITED,17272330,active,ltd,2026-06-10,,,"3 St. Ives Road, Hemingford Grey, Huntingdon, PE28 9DU, England",58210; 62011
969,FRENZIC GAMES LTD,17251097,active,ltd,2026-05-31,,,"185 Cuffley Hill, Goffs Oak, Waltham Cross, EN7 5HA, England",58210; 62011; 62012; 62020
970,FRESH SEED LTD,11944637,active,ltd,2019-04-13,,,"Suite 13b & 13c, Davy Court Castle Mound Way, Rugby, CV23 0UZ, England",78300
971,FRONT BENCH GAMES LTD,17291578,active,ltd,2026-06-21,,,"87 Warren Close, Cambridge, CB2 1LE, England",58210
972,FRONTIER DEVELOPMENTS PLC,02892559,active,plc,1994-01-28,,"[{'ceased_on': '2012-12-21', 'effective_from': '1994-01-28', 'name': 'FRONTIER DEVELOPMENTS LIMITED'}]","26 Science Park Milton Road, Cambridge, CB4 0FP, England",58210
973,FROST9 STUDIOS LTD,10258908,active,ltd,2016-06-30,,,"82a 82 James Carter Road, Mildenhall, Bury St. Edmunds, IP28 7DE, England",58210; 62011
974,FROSTBIRD LTD,17244624,active,ltd,2026-05-27,,,"2b Frobisher Road, London, N8 0QS, England",58210; 62011
975,FROSTY GAMES STUDIOS LTD,11661101,active,ltd,2018-11-06,,,"13 Hugh Lupus Street, Bolton, BL1 8RU, England",62011
976,FROSTY DOG GAMES LTD,16562395,active,ltd,2025-07-06,,,"33 Whitemore Road, Guildford, GU1 1QT, England",58210; 62011; 62090
977,FROZENBLOO STUDIOS LTD,NI741543,active,ltd,2026-06-18,,,"1 Liswatty Road, Coleraine, BT52 2LN, Northern Ireland",58210; 58290; 62011; 62012
978,FROZEN PIXELS INTERACTIVE LTD,16370408,active,ltd,2025-04-07,,,"195 Wood Street, Suite Ra01, London, E17 3NU, England",58210; 62011
979,FRUITY GAMES LTD,13580631,active,ltd,2021-08-23,,,"184 Shepherds Bush Road, London, W6 7NL, England",58210; 62011; 62012
980,FROZENSAND GAMES LIMITED,10343942,active,ltd,2016-08-24,,,"Anchor Cottage, The Front, Holywell, Cambridgeshire, PE27 4TG, England",58210
981,FT STUDIOS LIMITED,12182181,active,ltd,2019-08-30,,,"25 Mendip Avenue, North Hykeham, Lincoln, LN6 9SZ, England",58210; 70229
982,FULL CHEQ GAMES LTD,14463627,active,ltd,2022-11-04,,,"22 Harbour Road, Pagham, West Sussex, PO21 4TG, United Kingdom",32409; 47650; 62011
983,FULL FAT GAMES LIMITED,05690378,active,ltd,2006-01-27,,,"Sovereign House, 12 Warwick Street, Coventry, CV5 6ET",58210; 58290
984,FUN ATOMIC LIMITED,09621040,active,ltd,2015-06-03,,,"88 Woolaston Avenue, Cardiff, CF23 6HA, Wales",62011
985,FULL FAT PRODUCTIONS LIMITED,03282545,active,ltd,1996-11-22,,"[{'ceased_on': '1996-11-28', 'effective_from': '1996-11-22', 'name': 'FULLFAT PRODUCTIONS LIMITED'}]","Westgate House, Brook Street, Warwick, Warwickshire, CV34 4BL",62011
986,FUNBOX MEDIA LIMITED,07183974,active,ltd,2010-03-10,,,"Unit 17 Markham Vale Environment Centre, Markham Lane, Markham Vale, Chesterfield, Derbyshire, S44 5HY, England",58210
987,FUNBUZZLE LTD,11462857,active,ltd,2018-07-13,,,"128 City Road, London, EC1V 2NX, United Kingdom",58210; 62011
988,FUNDAY STUDIOS LIMITED,10806286,active,ltd,2017-06-07,,,"Flat 4 28 Brunswick Place, Hove, BN3 1NA, United Kingdom",58110; 62011
989,FUN ENTERTAINMENT STUDIO LTD,17288083,active,ltd,2026-06-19,,,"128 City Road, London, EC1V 2NX, United Kingdom",58210; 58290
990,FUNSOLVE LIMITED,09828157,active,ltd,2015-10-16,,,"Suite 13b & 13c, Davy Court Castle Mound Way, Rugby, CV23 0UZ, England",62011
991,FURIOUS BEE LIMITED,09257938,active,ltd,2014-10-10,,,"129 Forres Road, Sheffield, South Yorkshire, S10 1WF",62011; 62020
992,FURRY TAIL DRAGON LIMITED,09704564,active,ltd,2015-07-27,,,"19 Coleridge Road, London, N12 8DH, England",59120; 62011
993,FURTHER ADO GAMES LIMITED,17198668,active,ltd,2026-05-05,,,"9 Melton Road, Wymondham, NR18 0DA, England",58210
994,FUSEBOX GAMES LTD,10233309,active,ltd,2016-06-15,,,"4 More London, Riverside, London, SE1 2AU, England",62011
995,FUTURETRO STUDIOS LIMITED,08968897,active,ltd,2014-03-31,,,"135 Notting Hill Gate, London, W11 3LB, England",62011
996,FUSE GAMES LIMITED,14192329,active,ltd,2022-06-23,,,"2nd Floor, 55 Ludgate Hill, London, EC4M 7JW, United Kingdom",62011
997,FUTURE ENTERTAINMENT WORKS CO LTD,12618249,active,ltd,2020-05-22,,,"124 Finchley Road, London, NW3 5JS, United Kingdom",62011; 80200
998,FUTUREWORKS STUDIOS LTD,07233647,active,ltd,2010-04-23,,,"3rd Floor 86-90 Paul Street, London, EC2A 4NE, England",62011
999,FUTURLAB LIMITED,04961083,active,ltd,2003-11-12,,,"Preston Park House, South Road, Brighton, East Sussex, BN1 6SB",62011
1000,FWICKED GAMES LTD,16720544,active,ltd,2025-09-16,,,"37 A St. Barnabas Road, Middlesbrough, TS5 6AT, England",62011
1001,FUZZY FROG LIMITED,07594709,active,ltd,2011-04-06,,,"26 Park Road, Melton Mowbray, Leicestershire, LE13 1TT",62011
1002,G110 STUDIOS LTD,16404162,active,ltd,2025-04-23,,,"3rd Floor, 86-90 Paul Street, London, England, EC2A 4NE, United Kingdom",58210
1003,G3NB14 KOBO LTD,16486487,active,ltd,2025-05-30,,,"71-75 Shelton Street, Covent Garden, London, WC2H 9JQ, United Kingdom",58190; 58210; 62011; 62090
1004,G3 STUDIOS LTD,17101912,active,ltd,2026-03-18,,,"2 Thorpe Road, Carlton, Stockton-On-Tees, TS21 1DT, England",62011
1005,GA GLOBAL LIMITED,09962480,active,ltd,2016-01-21,,,"1-3b Park Street, Lytham St. Annes, Lancashire, FY8 5LU, England",47910
1006,GALACTIC DROIDS LTD,09843615,active,ltd,2015-10-27,,,"20 Plaxton Bridge  Road, Woodmansey, Beverley, HU17 0RT, United Kingdom",62011
1007,GALINIA GAMES STUDIO LTD,16191428,active,ltd,2025-01-17,,,"Flat 17 Embassy Lodge, Regents Park Road, London, N3 3LB, England",58210; 62011; 62012
1008,GALLIC ENTERTAINMENT LTD,16166120,active,ltd,2025-01-06,,,"167-169 Great Portland Street, 5th Floor, London, W1W 5PF, United Kingdom",32401; 58210
1009,GAMAWORKS LTD,16853592,active,ltd,2025-11-13,,,"E1 Kings Chambers, 49 Queens Road, Coventry, CV1 3DG, England",58210; 62011; 62020; 62090
1010,GAME ACADEMY LTD,12070401,active,ltd,2019-06-26,,,"64 Southwark Bridge Road, London, SE1 0AS, England",74909
1011,GAME BOOST DIGITAL LTD,17172645,active,ltd,2026-04-21,,,"7 Copperfield Road, Coventry, West Midlands, England, CV2 4AQ, United Kingdom",58210; 62011; 62020; 73110
1012,GAMEBENCH LIMITED,08187280,active,ltd,2012-08-22,,,"Bristol And Bath Science Park Dirac Crescent, Emersons Green, Bristol, BS16 7FR",62011
1013,GAME&BOX LIMITED,12276567,active,ltd,2019-10-23,,,"Suite 302, 4 Station Square, Cambridge, Cambridgeshire, CB1 2GE",58210
1014,GAMEBRA.IN LONDON LIMITED,16484246,active,ltd,2025-05-30,,,"338a Regents Park Road, Office 3 And 4, London, N3 2LN, United Kingdom",58210; 62011
1015,GAME CREATION UK LIMITED,16762689,active,ltd,2025-10-03,,,"167-169 Great Portland Street, London, W1W 5PF, England",58210
1016,GAME DR LIMITED,SC520672,active,ltd,2015-11-19,,,"30 Windsor Park Terrace, Musselburgh, East Lothian, EH21 7QW, United Kingdom",62011
1017,GAMEDIGITS LTD,07349306,active,ltd,2010-08-18,,,"37 Lon Carreg Bica Lon Carreg Bica, Birchgrove, Swansea, SA7 9QH, Wales",62012
1018,GAME FACTORY LTD,12758397,active,ltd,2020-07-21,,,"71-75 Shelton Street, Covent Garden, London, WC2H 9JQ, United Kingdom",58210; 58290; 62011; 62020
1019,GAMEHOUSE LIMITED,03128211,active,ltd,1995-11-20,,,"95a Mitcham Lane, London, SW16 6LY, United Kingdom",56302
1020,GAMELOAD LTD.,12060122,active,ltd,2019-06-19,,"[{'ceased_on': '2020-02-04', 'effective_from': '2019-06-19', 'name': 'GAME DAYS GROUP LTD.'}]","12060122 - COMPANIES HOUSE DEFAULT ADDRESS, Cardiff, CF14 8LH",58210; 62011; 73110; 82302
1021,GAMEON NETWORKING LIMITED,03638042,active,ltd,1998-09-24,,,"14 Seymour Avenue, Burton-On-Trent, Staffordshire, DE14 2AQ, England",58190; 93290
1022,GAME MATTERS LIMITED,16555950,active,ltd,2025-07-02,,,"51 Marloes Road, London, W8 6LA, England",58210; 62011; 82990
1023,GAME ON SOFTWARE LTD,08764527,active,ltd,2013-11-06,,,"3rd Floor 86-90 Paul Street, London, EC2A 4NE, England",62011
1024,GAME PILOT LTD,11533388,active,ltd,2018-08-23,,,"Three Ways Scot's Lane, Stowting, Ashford, TN25 6AX, England",58210; 58290; 63110
1025,GAME PRESSURE STUDIO LTD,13342154,active,ltd,2021-04-19,,,"41 Ramsey Avenue, Blackpool, FY3 7AG, England",32401; 58210; 62011; 62012
1026,GAME REPUBLIC LIMITED,07543330,active,ltd,2011-02-25,,"[{'ceased_on': '2011-04-12', 'effective_from': '2011-02-25', 'name': 'UNIQUESTATUS LIMITED'}]","15 Victoria Park, Shipley, West Yorkshire, BD18 4RL",62011
1027,GAME RIFT LTD,13984962,active,ltd,2022-03-17,,,"Alum House 5 Alum Chine Road, Westbourne, Bournemouth, Dorset, BH4 8DT, United Kingdom",62011
1028,GAMER NETWORK LIMITED,03882481,active,ltd,1999-11-24,,"[{'ceased_on': '2013-01-17', 'effective_from': '1999-11-24', 'name': 'EUROGAMER NETWORK LIMITED'}]","The Rowe 60 Whitechapel High Street, Eleventh Floor, London, E1 7PE, England",62090
1029,GAMES AID,04030235,active,private-limited-guarant-nsc-limited-exemption,2000-07-10,,"[{'ceased_on': '2008-08-22', 'effective_from': '2000-07-10', 'name': 'ENTERTAINMENT SOFTWARE CHARITY'}]","111-113 High Street, Evesham, Worcestershire, WR11 4XP, England",94990
1030,GAMES BY JAMES LTD,17077252,active,ltd,2026-03-09,,,"Queensgate House, 48 Queen Street, Exeter, EX4 3SR, England",47650; 58210
1031,GAMES FOR MAY LIMITED,11026538,active,ltd,2017-10-23,,,"Nettlebed Keysoe Row East, Keysoe, Bedford, MK44 2JB, England",58210; 62011
1032,GAMESDROP LTD,07076877,active,ltd,2009-11-14,,,"Unit 8, Seaton Park, 65 Deep Lane, Sheffield, S5 0DU, England",62011
1033,GAME SHARKS ADVENTURES LTD,16488387,active,ltd,2025-06-02,,,"128 City Road, London, EC1V 2NX, United Kingdom",58210; 62011; 62090
1034,GAMESHARK STUDIOS LIMITED,10772626,active,ltd,2017-05-16,,,"2 Railway Terrace, South Hylton, Sunderland, SR4 0PA, England",62011
1035,GAMES IT LTD,10619247,active,ltd,2017-02-14,,,"Cheyenne House, West Street, Farnham, Surrey, GU9 7EQ, England",62011
1036,GAME SMITHING LIMITED,14042819,active,ltd,2022-04-12,,,"Preston Park House, South Road, Brighton, East Sussex, BN1 6SB, United Kingdom",62011
1037,GAMES OF THE GALAXY LTD,16691133,active,ltd,2025-09-03,,,"128 City Road, London, EC1V 2NX, United Kingdom",58190; 62011
1038,GAME SOURCE ENTERTAINMENT UK LIMITED,15293025,active,ltd,2023-11-19,,,"Room 5, 2/F. 39-41 High Street, New Malden, Surrey, KT3 4BY, United Kingdom",58210
1039,GAME SOURCERER LIMITED,16856325,active,ltd,2025-11-14,,,"48 Barrie Grove, Hellaby, Rotherham, S66 8HH, England",58210; 63120
1040,GAME SPACE LTD,09628854,active,ltd,2015-06-08,,,"Preston Park House, South Road, Brighton, East Sussex, BN1 6SB, United Kingdom",56302; 58210; 82990; 93290
1041,GAMES! STUDIO LTD,16707254,active,ltd,2025-09-10,,,"20 Birch Lane, West End, Woking, GU24 9QD, England",62011
1042,GAMES THEORY LTD,16706951,active,ltd,2025-09-10,,,"19 Bradshaw Street, Heywood, OL10 1PJ, England",58210
1043,GAME STRIX STUDIO LTD,16189891,active,ltd,2025-01-16,,,"46 Ashworth Street, Stoke-On-Trent, ST4 4NY, England",58210
1044,GAME VAULT GROUP LTD,17206052,active,ltd,2026-05-08,,,"32 Ingestre Road, Birmingham, B28 9EG, England",58210
1045,GAMEWAGON LTD,08257389,active,ltd,2012-10-17,,,"Suite 3 1 - 3 Warren Court, Park Road, Crowborough, East Sussex, TN6 2QX, England",93290
1046,GAME VILLES LTD,17129117,active,ltd,2026-03-31,,"[{'ceased_on': '2026-04-10', 'effective_from': '2026-03-31', 'name': 'RETRO GAMES APP LTD'}]","3rd Floor, 86-90 Paul Street, London, EC2A 4NE, England",32409; 58210
1047,GAMEWARE EUROPE LIMITED,04153583,active,ltd,2001-02-05,,,"36 Commercial End, Swaffham Bulbeck, Cambridge, CB25 0NE, England",96090
1048,GAMKAT LIMITED,09047435,active,ltd,2014-05-20,,,"103 Dewberry Road, Tidbury Green, Solihull, B90 1UH, England",62011
1049,GAMIQA GAMES LIMITED,16574961,active,ltd,2025-07-10,,,"61 Bridge Street, Kington, HR5 3DJ, United Kingdom",62011
1050,GAMING FACTORY LIMITED,10370133,active,ltd,2016-09-12,,,"Bm3s.02 The Barley Mow Centre, 10 Barley Mow Passage, London, W4 4PH, England",62011
1051,GAMOID LTD,17185354,active,ltd,2026-04-28,,,"4a Burton Villas, Hove, BN3 6FN, England",58210; 62011
1052,GARMAN GAMES LIMITED,11390792,active,ltd,2018-05-31,,,"Mill House Mill Court, Great Shelford, Cambridge, CB22 5LD, United Kingdom",62011
1053,GARDEN HOUSE GAMES LTD,16623335,active,ltd,2025-08-01,,,"Silverstream House 45 Fitzroy Street, 4th Floor, London, W1T 6EB, United Kingdom",58210; 62011
1054,GARGANTUAN GAMES LIMITED,09216300,active,ltd,2014-09-12,,,"108 Charlton Lane, Cheltenham, GL53 9EA, England",62011
1055,GARTHWEST LIMITED,00827523,active,ltd,1964-11-17,,,"Rotterdam Road, Sutton Fields Industrial Estate, Hull, East Yorkshire, HU7 0XA",17219
1056,GARY CHAMBERS LTD,04464975,active,ltd,2002-06-19,,,"4 Station Road, Chester Le Street, County Durham, DH3 3DU",96020
1057,GARROD'S GAMES LIMITED,10964438,active,ltd,2017-09-14,,,"26 Central Way, Carshalton Beeches, Surrey, SM5 3NF, England",32409; 58210
1058,GATORBLOOM STUDIOS LTD,17279384,active,ltd,2026-06-17,,,"43 The Mount, Forest Town, Mansfield, NG19 0LA, England",58210
1059,GAUSSIAN GAMES LIMITED,13365774,active,ltd,2021-04-29,,,"7 Carlton Terrace, Jesmond, Newcastle Upon Tyne, Tyne And Wear, NE2 4PD, England",62011
1060,GAUSTIC GAMES LTD,16543572,active,ltd,2025-06-26,,,"21 Marleigh Lane, Cambridge, CB5 8ED, England",62011
1061,GAZOOKY STUDIOS (IMMERSIVE STORYLAB) LTD,11038106,active,ltd,2017-10-30,,"[{'ceased_on': '2020-11-16', 'effective_from': '2017-10-30', 'name': 'IMMERSIVE STORYLAB LTD'}]","435 Chester Road, Old Trafford, Manchester, M16 9HA, England",62011; 63990
1062,GAZZINI GAMES LTD,16886587,active,ltd,2025-12-02,,,"15 Waterside Drive, Sunnyside, Rotherham, S66 3ZW, England",58210
1063,GEEK BEACH LIMITED,07064158,active,ltd,2009-11-02,,"[{'ceased_on': '2009-12-03', 'effective_from': '2009-11-02', 'name': 'FILEFORM LIMITED'}]","Hardwick House, Prospect Place, Swindon, Wiltshire, SN1 3LJ",82990
1064,G.E.M (GRANTS ENTERTAINMENT MANAGEMENT) LTD,17275950,active,ltd,2026-06-17,,,"6 Fountains Reach, Preston, PR5 4UF, United Kingdom",62011
1065,GENERAL & MEDICAL FINANCE LIMITED,02421641,active,ltd,1989-09-11,,"[{'ceased_on': '2012-01-16', 'effective_from': '1989-09-11', 'name': 'GENERAL & MEDICAL FINANCE PLC'}]","General & Medical House, Napier Place, Peterborough, PE2 6XN",82990
1066,GENESIS STUDIOS CORPORATION LTD,16754186,active,ltd,2025-09-30,,,"Preston Park House, South Road, Brighton, East Sussex, BN1 6SB, England",58210
1067,GENTLEMEN OF SCIENCE LIMITED,09136034,active,ltd,2014-07-17,,,"Leigh House, 28-32 St. Pauls Street, Leeds, West Yorkshire, LS1 2JT",62011
1068,GENFUN GAMES LTD,09683247,active,ltd,2015-07-13,,,"148 Broad Lane, London, TW12 3BW, England",62011; 62012
1069,GEORGE BATCHELOR LIMITED,10192092,active,ltd,2016-05-20,,,"Unit 416 Peckham Levels, 95a Rye Lane, London, SE15 4ST, England",58210
1070,GESINIMO GAMES LTD,12296414,active,ltd,2019-11-04,,,"12 Whitmore Road, Birmingham, B10 0NP, England",58210
1071,GET IN LTD,15692157,active,ltd,2024-04-29,,,"Aizlewood Business Centre Aizlewood's Mill, Nursery Street, Sheffield, South Yorkshire, S3 8GG, England",73110; 93199
1072,GH ASSET ACQUISITIONS LIMITED,17056741,active,ltd,2026-02-26,,,"71-75 Shelton Street, Covent Garden, London, WC2H 9JQ, United Kingdom",58110; 58210; 62011
1073,GFINITY PLC,08232509,active,plc,2012-09-28,,"[{'ceased_on': '2014-12-05', 'effective_from': '2013-03-21', 'name': 'GFINITY LIMITED'}, {'ceased_on': '2013-03-21', 'effective_from': '2012-09-28', 'name': 'ESPORTSLIVE LIMITED'}]","128 City Road, London, EC1V 2NX, England",62090
1074,GHOSTLIGHT LIMITED,05149762,active,ltd,2004-06-09,,,"3 Warners Mill, Silks Way, Braintree, Essex, CM7 3GB",58210
1075,GHOST CAMP LTD,SC849146,active,ltd,2025-05-20,,,"197b Princes Street, Dundee, DD4 6DQ, Scotland",32409; 58210; 62011
1076,GHOST TOWN GAMES LTD.,09475459,active,ltd,2015-03-06,,,"71 Queen Victoria Street, London, EC4V 4BE, United Kingdom",62011
1077,GIANT GECKO LIMITED,11743002,active,ltd,2018-12-28,,"[{'ceased_on': '2025-07-31', 'effective_from': '2018-12-28', 'name': 'FORMATION GAMES LIMITED'}]","Three Gables, Corner Hall, Hemel Hempstead, HP3 9HN, England",62011
1078,GIANT PIXEL LIMITED,14043302,active,ltd,2022-04-12,,,"71 Queen Victoria Street, London, EC4V 4BE, United Kingdom",59111; 59112; 62011
1079,GIGABYTE SOLUTIONS LIMITED,03078540,active,ltd,1995-07-11,,,"10 Queens Road, Burnley, Lancashire, BB10 1XX",99999
1080,GILDED GAMES LTD,16627875,active,ltd,2025-08-04,,,"Falcon Cottage Ashford Road, Badlesmere Lees, Faversham, ME13 0NZ, England",58210
1081,GIMMEBREAK LTD,09884464,active,ltd,2015-11-23,,,"20-22 Wenlock Road, London, N1 7GU, England",58210
1082,GINORMOUS SOLUTIONS LIMITED,09428763,active,ltd,2015-02-09,,,"13 Harbury Road, Henleaze, Bristol, BS9 4PN, England",62011
1083,GISMART LIMITED,10152488,active,ltd,2016-04-28,,,"151 Wardour Street, London, W1F 8WE, England",62011; 62090
1084,GLINTSPIRE GAMES LTD,16684964,active,ltd,2025-09-01,,,"128 City Road, London, EC1V 2NX, United Kingdom",58210
1085,GLITCHERS LTD,08683349,active,ltd,2013-09-10,,"[{'ceased_on': '2016-03-15', 'effective_from': '2013-09-10', 'name': 'GLITCHE.RS LTD'}]","C/O Johnston Carmichael Birchin Court, 20 Birchin Lane, London, EC3V 9DU, England",58210
1086,GLITCH GAMES LTD,07926093,active,ltd,2012-01-27,,,"Jamesons House, 6 Compton Way, Witney, Oxfordshire, OX28 3AB",58210
1087,GLOBAL EMPIRE SOFT LIMITED,07075653,active,ltd,2009-11-13,,,"Suite 120 19-21 Crawford Street, London, England, W1H 1PJ",62020
1088,GLOBALGREENLAND TRANSACT LTD,16258197,active,ltd,2025-02-17,,,"Flat 2101 Bagshaw Building 1 Wards Place, London, E14 9DU, England",58290; 62011
1089,GLOBAL MEDIA & ENTERTAINMENT LIMITED,06251684,active,ltd,2007-05-18,,"[{'ceased_on': '2017-02-08', 'effective_from': '2012-07-31', 'name': 'THIS IS GLOBAL LIMITED'}, {'ceased_on': '2012-07-31', 'effective_from': '2007-06-22', 'name': 'GLOBAL RADIO UK LIMITED'}, {'ceased_on': '2007-06-22', 'effective_from': '2007-05-18', 'name': 'EYRECOURT INVESTMENTS UK LIMITED'}]","30 Leicester Square, London, WC2H 7LA",70100
1090,GLOBALSTEP LTD,11604559,active,ltd,2018-10-04,,,"The Hub, Fowler Avenue,, Farnborough Business Park, Farnborough, Hampshire, GU14 7JF, United Kingdom",71200
1091,GLORY HOUSE GAMES LIMITED,07265192,active,ltd,2010-05-26,,,"163 Herne Hill, London, SE24 9LR, England",62011; 93290
1092,GLOWING EYE GAMES LIMITED,07077804,active,ltd,2009-11-16,,,"49 Malmesbury Road, Chippenham, Wiltshire, SN15 1PT",62012
1093,GLOWMADE LTD,09655330,active,ltd,2015-06-24,,"[{'ceased_on': '2017-05-04', 'effective_from': '2015-06-24', 'name': 'TRINK LTD'}]","2nd Floor, Crossweys, 28-30 High Street, Guildford, GU1 3EL, England",62011
1094,GMAX GAMES LTD,17337338,active,ltd,2026-07-13,,,"82, Suite A James Carter Road, Mildenhall, IP28 7DE, United Kingdom",58210; 62011
1095,GMG LABEL LIMITED,09152175,active,ltd,2014-07-29,,,"124 Finchley Road, London, NW3 5JS, England",58210
1096,GNARLED HAND INTERACTIVE LTD,16420474,active,ltd,2025-04-30,,,"112 Warwick Avenue, Whitefield, Manchester, M45 6TX, England",58210
1097,GO 4 IT ENTERTAINMENT LIMITED,14632186,active,ltd,2023-02-01,,,"Suite 1, First Floor,, 1 Duchess Street, London, W1W 6AN, United Kingdom",59113; 62011
1098,GOAT FROG GAMES LTD,16928141,active,ltd,2025-12-23,,,"Capital House 272 Manchester Road, Droylsden, Manchester, M43 6PW, England",58210; 62011
1099,GOBLIN TRIBE GAMES LTD,16529063,active,ltd,2025-06-19,,,"Midway House Herrick Way, Staverton, Cheltenham, GL51 6TQ, England",58210
1100,GO DREAM LTD,16353075,active,ltd,2025-03-31,,,"71-75 Shelton Street, Covent Garden, London, WC2H 9JQ, United Kingdom",58290; 62011; 62020; 63120
1101,GODMODE INTERNATIONAL LIMITED,14215972,active,ltd,2022-07-05,,,"3 Ashland Place, London, W1U 4AH, England",46450; 47750; 58210; 62011
1102,GOKRAFT GAMES LTD,16976863,active,ltd,2026-01-21,,,"124 City Road, London, EC1V 2NX, England",58210; 62011
1103,GOLDBOROUGH STUDIO LIMITED,07961790,active,ltd,2012-02-23,,,"Ty Broga, Lawrenny, Kilgetty, SA68 0PN, Wales",62011
1104,GOLDEN SHARK TECHNOLOGY NETWORK LIMITED,16387493,active,ltd,2025-04-15,,,"Suite 302 4 Station Square, Cambridge, CB1 2GE, United Kingdom",58210; 58290; 62011
1105,GOLDHAWK INTERACTIVE LIMITED,07671967,active,ltd,2011-06-16,,,"4 Morris Drive, Billingshurst, West Sussex, RH14 9SF, England",62011
1106,GOODENOUGH CREATIVE LIMITED,09683616,dissolved,ltd,2015-07-13,2026-09-22,,"5 Highfield Drive, Bromley, BR2 0RX, England",58210; 62011
1107,GOLEM GAMES LTD,17195821,active,ltd,2026-05-01,,,"2b Branksome Road, London, SW2 5JA, England",58210
1108,GOOD ENOUGH GAMES LTD,NI733172,active,ltd,2025-09-10,,,"39 Langley Road, Ballynahinch, BT24 8BZ, Northern Ireland",62011
1109,GOOD GATE MEDIA LTD,11507666,active,ltd,2018-08-09,,,"Tramshed Tech, Pendyris Street, Cardiff, CF11 6BH, United Kingdom",58210; 59113; 59120; 73120
1110,GOOD PLACE IDEAS LIMITED,08928069,active,ltd,2014-03-07,,"[{'ceased_on': '2020-07-16', 'effective_from': '2018-09-08', 'name': '25/8 GROUP LIMITED'}, {'ceased_on': '2018-09-08', 'effective_from': '2014-03-07', 'name': 'TWENTY5EIGHT CONSULTANCY LTD'}]","Crown House Bridgewater Close, Network 65, Burnley, Lancashire, BB11 5TE, United Kingdom",70229
1111,GOOD SPORT GAMES LIMITED,09942847,active,ltd,2016-01-08,,,"30 St Nicholas Street Virti And Nuclear Candy Games, 2nd Floor, Bristol, Avon, BS1 1TG, England",62011
1112,GOROVOY LTD,16559296,active,ltd,2025-07-03,,,"71-75 Shelton Street, Covent Garden, London, WC2H 9JQ, United Kingdom",58210; 62011
1113,GOOD THINKING GAMES LTD,12194251,active,ltd,2019-09-06,,,"Flat 2 43 Sloane Gardens, London, SW1W 8ED, United Kingdom",62011
1114,GORY DETAIL LIMITED,08203361,active,ltd,2012-09-05,,,"Rawdon House, Rawdon Terrace, Ashby-De-La-Zouch, Leicestershire, LE65 2GN",62012
1115,GO TESTIFY LIMITED,NI636713,active,ltd,2016-02-26,,,"Unit 17 Ormeau Business Park, 8 Cromac Avenue, Belfast, Antrim, BT7 2JA",62011
1116,GRADALIS LIMITED,17188068,active,ltd,2026-04-29,,,"Suite 302 4 Station Square, Cambridge, CB1 2GE, United Kingdom",58210; 62011
1117,GRAMBO LTD,12434385,active,ltd,2020-01-30,,,"C/O West & Berry Ltd Nile House, Nile Street, Brighton, BN1 1HW, England",58210; 59111; 62011; 70229
1118,GRAND CAKE GAMES LTD,16751963,active,ltd,2025-09-30,,"[{'ceased_on': '2025-09-30', 'effective_from': '2025-09-30', 'name': 'GRAD CAKE GAMES LTD'}]","Studio 8 229 Shoreditch High Street, London, Greater London, E1 6PJ, England",62011
1119,GRAND-ATTIC LIMITED,14356114,active,ltd,2022-09-14,,"[{'ceased_on': '2022-11-24', 'effective_from': '2022-09-14', 'name': 'GRAND-ATTIC PUBLISHING LIMITED'}]","9th Floor 107 Cheapside, London, EC2V 6DN, United Kingdom",32401; 32409; 58210
1120,GRAM GAMES LIMITED,10276324,active,ltd,2016-07-13,,,"7 Savoy Court, London, WC2R 0EX, United Kingdom",58210
1121,GRASS GROWN GAMES LTD,16520928,active,ltd,2025-06-16,,"[{'ceased_on': '2026-01-23', 'effective_from': '2025-06-16', 'name': 'RANCHER STUDIO LTD'}]","2 Chevington Drive, Stockport, SK4 3RG, England",58210
1122,GRAVE MISTAKE GAMES LTD,13712397,active,ltd,2021-10-29,,,"7 Weaver Close, Sandbach, CW11 1EZ, England",62011
1123,GRAND CHANNEL GB ENTERTAINMENT LIMITED,12212975,active,ltd,2019-09-18,,,"C/O Worldwide Corporate Advisors, 30-34 New Bridge Street, London, EC4V 6BJ, England",62011
1124,GRAVITY SKETCH LIMITED,09228527,active,ltd,2014-09-22,,,"5 New Street Square, London, EC4A 3TW, England",62011
1125,GRAY GAMES LTD,11267914,active,ltd,2018-03-21,,,"21 Dorchester Way, North Hykeham, Lincoln, LN6 9HH, United Kingdom",58210; 59120; 62011; 62012
1126,GREAT APE GAMES LTD.,08145835,active,ltd,2012-07-17,,"[{'ceased_on': '2018-01-10', 'effective_from': '2012-07-17', 'name': 'SHADE GAMES LIMITED'}]","25a York Villas, Brighton, East Sussex, BN1 3TS, United Kingdom",58210; 62011
1127,GRAYS GAMES LTD,11479982,active,ltd,2018-07-24,,,"Bartle House, Oxford Court, Manchester, M2 3WQ, England",58210
1128,GREAT FIRE OF LONDON TRAIL GAME APP LIMITED,11977691,active,ltd,2019-05-03,,,"Unit 29 Highcroft Industrial Estate, Enterprise Road, Waterlooville, PO8 0BT, England",62011
1129,GREAT SCOTT GAMES LTD,07359188,active,ltd,2010-08-27,,,"35 Station Road, Lingfield, RH7 6DZ, England",62011
1130,GREEN DOOR GAMES LTD,17189094,active,ltd,2026-04-29,,,"Flat 2, 7 St Michael's Place, Brighton & Hove, BN1 3FT, United Kingdom",58210; 62011
1131,GREEN DOOR MEDIA LIMITED,12411906,active,ltd,2020-01-20,,,"71-75 Shelton Street, London, WC2H 9JQ, England",62011
1132,GREEN MAN GAMING LIMITED,05271628,active,ltd,2004-10-27,,"[{'ceased_on': '2009-07-11', 'effective_from': '2004-10-27', 'name': 'FINSCOPE PROFESSIONAL SERVICES LIMITED'}]","124 Finchley Road, London, NW3 5JS, England",93290
1133,GREENLIGHT GAMES LTD,08911157,active,ltd,2014-02-25,,,"4 Manor View Springcroft, Hartley, Longfield, Kent, DA3 8BA, England",58210
1134,GREGARIOUS GAMES LIMITED,11775547,active,ltd,2019-01-18,,,"Target House, St John Lee, Hexham, Northumberland, NE46 4LD, United Kingdom",32401; 32409; 47650; 58210
1135,GREY AREA GAMES LTD,16635721,active,ltd,2025-08-07,,,"89 Queens Gardens, Eaton Socon, St. Neots, PE19 8PA, England",58210
1136,GREY TIE DEER STUDIOS LTD,SC690113,active,ltd,2021-02-23,,,"12 Kennedy Terrace, Stornoway, HS1 2LG, Scotland",59111; 62011; 71121; 74100
1137,GRILLING GAMES LTD,17289505,active,ltd,2026-06-20,,,"35 King Charles Road, Radlett, WD7 9HZ, United Kingdom",62011
1138,GRINDING CROW GAMES LTD,16379444,active,ltd,2025-04-10,,,"70 Vale Farm Road, Woking, GU21 6DP, England",58210; 62011
1139,GRITMANIACS LTD,10461473,active,ltd,2016-11-03,,,"Flat 48 Lynden Mews, Dale Road, Reading, RG2 0AT, England",62011; 62012
1140,GROSCHEVAUX LTD,12312254,active,ltd,2019-11-13,,,"6 Stevenson Crescent, London, SE16 3ES, England",62011
1141,GRITSTONE GAMES LTD,13128017,active,ltd,2021-01-12,,,"58 Whirlow Lane, Sheffield, S11 9QF, England",58210; 62011
1142,GROSVENOR GAMES LIMITED,06769604,active,ltd,2008-12-09,,"[{'ceased_on': '2020-03-05', 'effective_from': '2008-12-09', 'name': 'CUBA ENTERTAINMENT LIMITED'}]","13 Grosvenor Gardens, Kingston Upon Thames, Surrey, KT2 5BE",62011
1143,GROUND SHATTER LTD.,09055065,active,ltd,2014-05-23,,,"31 College Green, 2nd Floor, Bristol, BS1 5TB, England",62011
1144,GROZNER GAMES LIMITED,17078436,active,ltd,2026-03-09,,,"University Of South Wales Startup Stiwdio, 86-88 Adam Street, Cardiff, South Glamorgan, Wales, CF24 2FN, Wales",58210
1145,GROVE GAME STUDIOS LTD,16276465,active,ltd,2025-02-25,,,"Maven Cottage Harry Stoke Road, Stoke Gifford, Bristol, BS34 8QH, England",58210
1146,GRUMPY FERRET LIMITED,07463082,active,ltd,2010-12-07,,,"Wisteria Grange Barn,, Pikes End, Pinner, Middlesex, HA5 2EX",62011; 62020
1147,GRUMPY RHINO GAMES LIMITED,09650330,active,ltd,2015-06-22,,,"Unit 405, Exmouth House 3/11 Pine Street, Farringdon, London, EC1R 0JH, England",62011
1148,GSPRODUCTIONS LTD,08519488,dissolved,ltd,2013-05-08,2026-08-25,,"Faster Lente, Walton Road, Wisbech, PE14 7AG, England",59111; 59112; 62011
1149,GUARDIANS ENTERTAINMENT LIMITED,11972757,active,ltd,2019-05-01,,,"28 Testwood Court Golden Manor, London, W7 3HB, England",62011
1150,GUMPTION GAMES LTD,17059241,active,ltd,2026-02-27,,,"3rd Floor, 86-90 Paul Street, London, England, EC2A 4NE, United Kingdom",62011
1151,GUNFISH GAMES LTD,12221341,active,ltd,2019-09-23,,,"13 Napier House Elva Way, Bexhill On Sea, East Sussex, TN39 5BF, United Kingdom",62011
1152,GURU GAMES LIMITED,17303559,active,ltd,2026-06-26,,,"1st Floor 133 Loughborough Road, Leicester, LE4 5LQ, United Kingdom",58210
1153,H23 LIMITED,12038473,active,ltd,2019-06-07,,,"Sentinel House Ancells Business Park, Harvest Crescent, Fleet, GU51 2UZ, England",58210; 62011
1154,HACKER & CO. LTD,09581858,active,ltd,2015-05-08,,,"43 Gilderdale Close, Birchwood, Warrington, WA3 6TH, England",62011; 62020
1155,HALCYON DYNAMICS LIMITED,08678402,active,ltd,2013-09-05,,,"102 Bromstone Road, Broadstairs, CT10 2HX, England",62011
1156,HADES GAMES LIMITED,11578321,active,ltd,2018-09-19,,,"102 Bromstone Road, Broadstairs, CT10 2HX, United Kingdom",58210
1157,HALCYON PALACE LTD,11078399,active,ltd,2017-11-23,,,"Enterprise Hub, 3m Buckley Innovation Centre, Firth Street, Huddersfield, HD1 3BD, England",58210; 62011
1158,HALF MOON STUDIOS LTD,14412492,active,ltd,2022-10-11,,,"7 Bell Yard, London, WC2A 2JR, England",62011
1159,HALLOWGATE STUDIOS LTD,SC890985,active,ltd,2026-05-27,,,"Newbigging, Townhead, Jedburgh, Scottish Borders, TD8 6NA, United Kingdom",58190; 62011; 90030
1160,HALOODA GAMES LTD,16147967,active,ltd,2024-12-21,,,"3 Good Intent, Edlesborough, Dunstable, LU6 2RD, England",62011
1161,HAMLINS LLP,OC314426,active,llp,2005-07-26,,,"1 Kingsway, London, WC2B 6AN, England",
1162,HAMMERHEAD INTERACTIVE LIMITED,08963806,active,ltd,2014-03-27,,,"Unit 35 Wimbledon Business Centre, Riverside Road, London, SW17 0BA, United Kingdom",62012
1163,HANAKO LIMITED,09456346,active,ltd,2015-02-24,,,"Kingfisher House, Hurstwood Grange, Hurstwood Lane, Haywards Heath, West Sussex, RH17 7QX, United Kingdom",62011
1164,HANDCIRCUS LIMITED,06610112,active,ltd,2008-06-03,,,"7 Waterloo Road, Whitstable, Kent, CT5 1BP, England",93290
1165,HANDPRINT GAMES LTD.,SC537300,dissolved,ltd,2016-06-07,2026-09-01,"[{'ceased_on': '2018-06-06', 'effective_from': '2016-06-07', 'name': 'SPOT AND CHANGE LTD.'}]","The Bishops House, Porterfield Road, Kilmacolm, Inverclyde, PA13 4PD, Scotland",62011
1166,HANGRY ANIMALS LTD,14487160,active,ltd,2022-11-16,,,"34 Heol Brynteg, Ystrad Mynach, Hengoed, CF82 7EY, Wales",58210; 62011
1167,HANGAR 13 UK LIMITED,11196144,active,ltd,2018-02-08,,,"7 Savoy Court, London, WC2R 0EX, United Kingdom",82990
1168,HAPPYBYTE GAMES LTD,17181359,active,ltd,2026-04-27,,,"Unit 7 Monsall Road, Manchester, M40 8WN, England",58210; 62011
1169,HAPPY CACTUS GAMES LIMITED,12104036,active,ltd,2019-07-15,,,"71-75 Shelton Street, Covent Garden, London, WC2H 9JQ, England",58210
1170,HAPPY GIRAFFE GAMES LIMITED,16114390,active,ltd,2024-12-03,,,"B1 Vantage Park Old Gloucester Road, Hambrook, Bristol, BS16 1GW, United Kingdom",62011
1171,HAPPYLANDER LTD,07491464,active,ltd,2011-01-13,,"[{'ceased_on': '2011-01-18', 'effective_from': '2011-01-13', 'name': 'HAPPY LANDER LTD'}]","Lockwood View 41 Quickley Lane, Chorleywood, Rickmansworth, Hertfordshire, WD3 5AE, England",62020
1172,HAPPY SHEEP STUDIOS LTD,17010904,active,ltd,2026-02-03,,,"Office 7 35-37 Ludgate Hill, London, EC4M 7JN, England",58210
1173,HAPPY OTTER GAMES LTD,09411698,active,ltd,2015-01-28,,,"3 Waterside Close, Andoversford, Cheltenham, Gloucestershire, GL54 4LG, England",58190; 58210; 90030; 93290
1174,HARBOTTLE & LEWIS LLP,OC304954,active,llp,2003-06-26,,,"7 Savoy Court, London, WC2R 0EX, United Kingdom",
1175,HARBOURSTONE STUDIOS LTD,16636763,active,ltd,2025-08-07,,,"71-75 Shelton Street, Covent Garden, London, WC2H 9JQ, United Kingdom",62011
1176,HARDWIRED STUDIOS LTD,11554391,active,ltd,2018-09-05,,,"30 Batsford Crescent, Swindon, Wiltshire, SN25 4EH, England",62011
1177,HARTEC TECHNOLOGIES LIMITED,10485747,active,ltd,2016-11-18,,"[{'ceased_on': '2023-02-03', 'effective_from': '2021-05-20', 'name': 'COASTLINE SOFTWARE LIMITED'}, {'ceased_on': '2021-05-20', 'effective_from': '2016-11-18', 'name': 'SICARIUS LIMITED'}]","C/O Greystone Swan, Royal Quays Business Centre, Newcastle Upon Tyne, NE29 6DE, United Kingdom",62011; 62012; 62020
1178,HASBEEN GAMES LTD,16502793,active,ltd,2025-06-07,,,"39 Vinecote Road, Longford, Coventry, CV6 6DZ, England",62011
1179,HARU STUDIOS LTD,11507324,active,ltd,2018-08-08,,,"100 New Park Road, London, SW2 4LN, United Kingdom",47910; 58210; 96090
1180,HAUSEBANE LIMITED,16792103,active,ltd,2025-10-17,,,"Preston Park House, South Road, Brighton, BN1 6SB, England",58210; 62011
1181,HAVE AND SHARE LTD,12691080,active,ltd,2020-06-23,,,"21 Padelford Lane, Stanmore, HA7 4WU, England",58210; 62011
1182,HAZBERG STUDIOS LTD,14642263,active,ltd,2023-02-06,,,"Preston Park House, South Road, Brighton, East Sussex, BN1 6SB, England",62011
1183,HAZYPIX STUDIOS LTD,16603014,active,ltd,2025-07-23,,,"52 Lessingham, Orton Brimbles, Peterborough, PE2 5TP, England",58110; 58210; 59200; 90030
1184,HEAD EMPTY STUDIOS LTD,14423048,active,ltd,2022-10-17,,,"3m Buckley Innovation Centre, Firth Street, Huddersfield, HD1 3BD, United Kingdom",58210; 62011
1185,HEAD SHOT MOFO LIMITED,12430444,active,ltd,2020-01-28,,"[{'ceased_on': '2020-02-14', 'effective_from': '2020-01-28', 'name': 'HEAD + SHOT LIMITED'}]","Suite 21, 6-10 Claremont Road, Surbiton, KT6 4QU, United Kingdom",58210; 62011
1186,HEADWARE GAMES LTD,14515481,active,ltd,2022-11-30,,,"7c Hanham Hall, Whittucks Road, Hanham, Bristol, BS5 3FR, England",62011
1187,HEAD TILT GAMES LTD,12354759,active,ltd,2019-12-09,,,"33 Boston Road South, Holbeach, Spalding, PE12 7LR, England",58210
1188,HEARTH MOON GAMES LTD,16258567,active,ltd,2025-02-18,,,"71-75 Shelton Street, Covent Garden, London, WC2H 9JQ, United Kingdom",62011
1189,HEARTHWICK GAMES LTD,17283209,active,ltd,2026-06-18,,,"82a James Carter Road, Mildenhall, IP28 7DE, United Kingdom",58210; 62011
1190,HEAVY SPECTRUM LIMITED,07875186,active,ltd,2011-12-08,,,"1 Park Road, Hampton Wick, Kingston Upon Thames, Surrey, KT1 4AS",62012
1191,HEFTY GAMES LTD,SC712940,active,ltd,2021-10-22,,,"10 Northburn Avenue, Aberdeen, AB15 6AH, Scotland",62011
1192,HEID GAMES LTD,13958478,active,ltd,2022-03-06,,,"121 Dane Road, Margate, CT9 2AF, England",62011
1193,HELLO DEVELOPMENTS LIMITED,10560747,active,ltd,2017-01-12,,,"Dolphin House, 3 North Street, Guildford, Surrey, GU1 4AA, England",62011
1194,HELLO GAMES LTD,06663645,active,ltd,2008-08-04,,,"Dolphin House, 3 North Street, Guildford, Surrey, GU1 4AA, England",62011
1195,HELLO GAMES PUBLISHING LIMITED,16142914,active,ltd,2024-12-18,,,"Dolphin House, 3 North Street, Guildford, Surrey, GU1 4AA, United Kingdom",62011
1196,HELL TAP ENTERTAINMENT LIMITED,09168366,active,ltd,2014-08-08,,,"The Retreat, 406 Roding Lane South, Woodford Green, Essex, IG8 8EY",82990
1197,HELMSONG LTD,16311117,active,ltd,2025-03-12,,,"71-75 Shelton Street, Covent Garden, London, WC2H 9JQ, United Kingdom",58210; 62011
1198,HEMI LTD,06251318,active,ltd,2007-05-17,,"[{'ceased_on': '2017-10-31', 'effective_from': '2007-05-17', 'name': 'FRAXIS LTD'}]","142 Uxbridge Road, London, W7 3SL",62011
1199,HERETICAL STUDIOS LTD,14054913,active,ltd,2022-04-19,,,"82a James Carter Road, Mildenhall, Bury St. Edmunds, Suffolk, IP28 7DE, England",62011
1200,HERITAGE INTERACTIVE LTD,07121549,active,ltd,2010-01-11,,,"The Paddocks Friars Well Estate, Wartnaby, Melton Mowbray, Leicestershire, LE14 3HQ, England",46510; 59120; 62011; 62020
1201,HERON GAMES LIMITED,17012828,active,ltd,2026-02-04,,,"5 Beaufort Court, Admirals Way, London, E14 9XL, United Kingdom",58210
1202,HEROCRAFT LTD,08494604,active,ltd,2013-04-18,,,"311 Shoreham Street, Sheffield, S2 4FA, England",70100
1203,HE ROSE STUDIOS LTD,16965923,active,ltd,2026-01-15,,,"20 Wenlock Road, London, N1 7GU, England",59112; 62011
1204,HESKETH STUDIOS LTD,09232261,active,ltd,2014-09-23,,,"Pandle House, 70 Grange Road East, Wirral, CH41 5FE, England",62011
1205,HERTZIAN LTD,09753777,active,ltd,2015-08-28,,,"Health And Wellbeing Innovation Centre, Treliske, Truro, Cornwall, TR1 3FF, England",62012; 63110; 63990; 82990
1206,HEWHAM LTD,17135922,active,ltd,2026-04-02,,"[{'ceased_on': '2026-04-30', 'effective_from': '2026-04-02', 'name': 'AURA FARM LTD'}]","81 Carnforth Avenue, Wakefield, WF1 2GE, England",58210; 62011
1207,HEXTAVE GAMES LTD,16954396,dissolved,ltd,2026-01-10,2026-09-22,"[{'ceased_on': '2026-02-12', 'effective_from': '2026-01-10', 'name': 'HEX LTD'}]","29 Addison Road, Sarisbury Green, Southampton, SO31 7ER, England",58210
1208,HEXTERION LTD,SC579289,active,ltd,2017-10-18,,,"48 Hexterion Ltd, Clyde Offices, 2nd Floor, 48 West George Street, Glasgow, G2 1BP, Scotland",62011
1209,HEXWAR GAMES LIMITED,SC493539,active,ltd,2014-12-16,,,"Caledonian House, 164 High Street, Elgin, Moray, IV30 1BD, Scotland",82990
1210,HEYDANTHOMAS LTD,14608322,active,ltd,2023-01-21,,,"Preston Park House, South Road, Brighton, East Sussex, BN1 6SB, United Kingdom",62011
1211,HIBIKI ENTERTAINMENT LIMITED,11462598,active,ltd,2018-07-13,,,"Unit 29 Highcroft Industrial Estate, Enterprise Road, Waterlooville, PO8 0BT, England",58210
1212,HIDDEN STUDIOS LTD,17262740,active,ltd,2026-06-04,,,"Unit #2712 275 New North Road, London, N1 7AA, England",62011
1213,HIDDEN SPARK STUDIOS LIMITED,16960107,active,ltd,2026-01-13,,,"20 Wenlock Road, London, N1 7GU, England",62011
1214,HIGHBURY GAMES LTD,14640858,active,ltd,2023-02-06,,,"10 Norden Close, Birchwood, Warrington, WA3 7NJ, England",58210; 62011; 62020; 72190
1215,HIGH SCREAM GAMES LTD,07934295,active,ltd,2012-02-02,,,"Unit 20 Fall Bank Estate, Dodworth, Barnsley, South Yorkshire, S75 3LS",62011
1216,HIGH TEA FROG LTD,10938482,active,ltd,2017-08-30,,,"Proto Abbott's Hill, Baltic Business Quarter, Gateshead, NE8 3DF, United Kingdom",62011
1217,HIGHWAYMAN GAMES LTD,11420821,active,ltd,2018-06-18,,,"1 The Old Coach House Wells Road, Westfield, Radstock, BA3 3RL, England",58210
1218,HIRO CAPITAL I LLP,OC425586,active,llp,2019-01-14,,,"Cannon Place, 78 Cannon Stree, London, EC4N 6AF, United Kingdom",
1219,HIVE GAMES LIMITED,08451891,active,ltd,2013-03-19,,"[{'ceased_on': '2017-11-16', 'effective_from': '2014-12-02', 'name': 'YEM SYSTEMS LIMITED'}, {'ceased_on': '2014-12-02', 'effective_from': '2013-03-19', 'name': 'THE HIVE NETWORK LIMITED'}]","Tower Court Oakdale Road, Clifton Moor, York, YO30 4XL, England",62090
1220,HOEL STUDIOS LTD,17245638,active,ltd,2026-05-27,,,"30 Frontfield Crescent, Plymouth, PL6 6RY, United Kingdom",62011
1221,HOGUK LTD,12852575,active,ltd,2020-09-02,,,"Craven Court 25 B, Stanhope Gate, Camberley, Surrey, GU15 3DW, United Kingdom",58210; 62011; 93290
1222,HOLE IN THE SLEEVE GAME STUDIOS LIMITED,13157084,active,ltd,2021-01-25,,"[{'ceased_on': '2024-02-05', 'effective_from': '2021-01-25', 'name': 'STORROR PARKOUR PRO LIMITED'}]","450a London Road, Cheam, Sutton, SM3 8JB, England",58210; 62011
1223,HOLLOW CROWN GAMES LTD,17301818,active,ltd,2026-06-25,,,"4 Saxon Way, Bourne, PE10 9QX, United Kingdom",58210
1224,HOLLOW PONDS GAMES DEVELOPMENT LIMITED,10818950,active,ltd,2017-06-14,,,"Preston Park House, South Road, Brighton, East Sussex, BN1 6SB, United Kingdom",58210; 62011
1225,HOLLOW PONDS GAMES LIMITED,09686235,active,ltd,2015-07-14,,"[{'ceased_on': '2015-07-22', 'effective_from': '2015-07-14', 'name': 'HOLLOW POND GAMES LIMITED'}]","Preston Park House, South Road, Brighton, East Sussex, BN1 6SB, United Kingdom",62011
1226,HOLOGRAM SOFTWARE LIMITED,09387980,active,ltd,2015-01-14,,,"5 Cheapside North Circular Road, London, N13 5ED, England",62012
1227,HOLY STUDIOS LIMITED,17230667,active,ltd,2026-05-19,,,"175 Westbury Avenue, London, UB1 2XB, England",58210
1228,HONEY BADGER STUDIOS LTD,07616717,active,ltd,2011-04-27,,,"5 The Laurels, Poulton-Le-Fylde, Lancashire, FY6 7HX",62011
1229,HOOK GAMES LIMITED,16229997,active,ltd,2025-02-05,,,"72 Chase Side, Suite 2, Polipost Business Centre, London, N14 5PH, United Kingdom",58290; 62011
1230,HONEYSLUG LIMITED,06616206,active,ltd,2008-06-11,,,"167 Turners Hill, Cheshunt, Waltham Cross, Hertfordshire, EN8 9BH, England",62011
1231,HOONDAHL STUDIOS LTD,16496725,active,ltd,2025-06-04,,,"13 Freeland Park, Wareham Road, Lytchett House, Poole, Dorset, BH16 6FA, United Kingdom",59200; 62011; 90030
1232,HOOKED ENTERTAINMENT LIMITED,13414750,active,ltd,2021-05-24,,,"Link House, 35 Walmersley Road, Bury, BL9 5AE, England",62011; 93199
1233,HOOPOE GAMES LTD,14066770,active,ltd,2022-04-25,,,"Unit 29 Highcroft Industrial Estate Enterprise Road, Horndean, Waterlooville, Hampshire, PO8 0BT",62011
1234,HOT MESS GAMES LTD,09871894,active,ltd,2015-11-13,,,"12 Porter Gardens, Bishop Auckland, DL14 9FH, England",62011
1235,HOT COFFEE GAMES LTD,12577083,dissolved,ltd,2020-04-29,2026-08-11,,"3 Kings Road, London, N18 2PL, England",58290; 62011; 62012
1236,HOTOVO UK LTD,10487062,active,ltd,2016-11-18,,"[{'ceased_on': '2018-02-06', 'effective_from': '2016-11-18', 'name': 'KOMPLETNÉ MOBILE APPLICATION DEVELOPMENT LTD'}]","71-75 Shelton Street, Covent Garden, London, WC2H 9JQ, England",62011; 62012
1237,HOT SOURCE GAMES LTD,07099164,active,ltd,2009-12-09,,"[{'ceased_on': '2012-01-19', 'effective_from': '2009-12-09', 'name': 'DAPI SOFTWARE LTD'}]","3 Chestnut Vale, Mollington, Banbury, OX17 1AW",62011
1238,HOUSE OF WIRE LTD,09844126,active,ltd,2015-10-27,,,"Flat 13 Mantle Court, 209-211 Mantle Road, London, SE4 2EW, England",62090
1239,HOY CONSULTING LIMITED,05989691,active,ltd,2006-11-06,,,"12 Woodgate Meadow, Plumpton Green, Lewes, East Sussex, BN7 3BD",62011; 62020
1240,HOYSTER GAMES LTD,16505021,active,ltd,2025-06-09,,,"12 Heycrofts View, Ramsbottom, Bury, BL0 0HG, England",58210
1241,HUGECALF STUDIOS LTD,10475435,active,ltd,2016-11-11,,,"14 Enterpen, Hutton Rudby, Yarm, TS15 0EJ, England",62011
1242,HUMAIN LIMITED,NI638801,active,ltd,2016-06-01,,,"18-24 Corn Market, Belfast, BT1 4DD, Northern Ireland",62012
1243,HUNDRED STAR GAMES LIMITED,14678459,active,ltd,2023-02-21,,,"Office 11, Floor 2, Fabric Factory,, Here East, Olympic Park, London, E20 3BS, England",58210; 62011; 62090
1244,HUNGRY BILLY LTD,13579110,active,ltd,2021-08-23,,,"Launchpad Building, Penryn Campus, Falmouth, Cornwall, TR10 9FE, United Kingdom",58210; 62011; 62012
1245,HUNTED COW STUDIOS LTD.,SC262870,active,ltd,2004-02-03,,,"35 South Street, Elgin, Moray, IV30 1JZ",58290; 62090
1246,HU SPORTS LTD,16154602,active,ltd,2024-12-30,,,"Papendrecht, Quarry Bank, Matlock, Derbyshire, DE4 3LF, United Kingdom",58210; 58290; 62011; 93120
1247,HUTCH GAMES LTD,07692393,active,ltd,2011-07-04,,,"44-46 Scrutton Street, London, EC2A 4HH",90030
1248,HYPER ELIXIR LTD,13715114,active,ltd,2021-11-01,,,"16 Tichborne Street Tichborne Street, Brighton, BN1 1UR, England",58210; 62011
1249,HYBRID TOUCH GAMES LIMITED,08580570,active,ltd,2013-06-24,,,"15 Spinnaker Quay, Mount Batten, Plymouth, Devon, PL9 9SA",62011
1250,HYPERFOCUS GAMES LTD,SC766583,active,ltd,2023-04-19,,,"Lime Tree House, North Castle Street, Alloa, FK10 1EX, Scotland",62011
1251,HYPERLITE STUDIOS LTD,11672717,active,ltd,2018-11-12,,,"The Old Post Cottage Top Green, Denston, Newmarket, CB8 8PW, England",58210
1252,HYPERJOY GAMES LTD,17273229,active,ltd,2026-06-10,,,"17273229 - COMPANIES HOUSE DEFAULT ADDRESS, Cardiff, CF14 8LH",58210; 62011
1253,HYPERLEAF GAMES LTD,16744581,active,ltd,2025-09-26,,,"124 City  Road, London, EC1V 2NX, United Kingdom",58210
1254,HYPER LUMINAL GAMES LTD,SC479048,active,ltd,2014-06-03,,,"Suite 7, The Vision Building, 20 Greenmarket, Dundee, DD1 4QB, Scotland",62011
1255,HYPERREALM STUDIOS LTD,16072796,active,ltd,2024-11-11,,,"Office 7220 321-323 High Road,, Chadwell Heath, London, RM6 6AX, United Kingdom",59112; 62011; 85590; 93199
1256,HYPERSLOTH LTD,08557173,active,ltd,2013-06-05,,,"9 Brooks Drive, Waverley, Rotherham, S60 8BH, United Kingdom",62011
1257,HYPER THETICAL GAMES LTD,09197101,active,ltd,2014-08-31,,,"18 East Roedin East Roedin, Coed Eva, Cwmbran, NP44 7DX, Wales",62011
1258,HYSSOP GAMES LTD,17336033,active,ltd,2026-07-13,,,"167-169 Great Portland Street, 5th Floor, London, W1W 5PF, England",58210; 58290; 62011; 62012
1259,I2 GAMES LTD,17207139,active,ltd,2026-05-08,,,"50 Kimlers Way, St. Martin, Looe, PL13 1PS, England",58210; 58290
1260,ICE BEAM LTD.,SC500602,active,ltd,2015-03-16,,,"17 Newall Drive, Dundee, City Of Dundee, DD3 0FA, Scotland",62011
1261,IAN HAMILTON DESIGN & CONSULTANCY LIMITED,07955345,active,ltd,2012-02-20,,,"5 The Square, Bagshot, Surrey, GU19 5AX",74909
1262,ICENI STUDIOS LTD,17183108,active,ltd,2026-04-27,,,"71-75 Shelton Street, Covent Garden, London, WC2H 9JQ, United Kingdom",58210; 62011; 62012; 62090
1263,ICEBREAKER LIMITED,08949151,active,ltd,2014-03-20,,,"Kemp House, 160 City Road, London, EC1V 2NX, United Kingdom",62011
1264,FREEANIMAL UK LIMITED,06910689,active,ltd,2009-05-20,,"[{'ceased_on': '2026-09-08', 'effective_from': '2009-05-20', 'name': 'ICHI LTD'}]","4th Floor, 110 High Holborn, London, WC1V 6JS, England",82990
1265,ICHIZOKU DREAM GAMES LTD,16348444,active,ltd,2025-03-27,,,"Ichizoku Dream Games Ltd 86-90 Paul Street, London, EC2A 4NE, United Kingdom",62011
1266,ICONICAL CREATIVE LIMITED,08145015,active,ltd,2012-07-16,,,"1st Floor Flat, 16c St. Mary's Road, London, SE15 2DW, England",62090
1267,ICONIC INTERACTIVE LTD.,14755979,active,ltd,2023-03-24,,"[{'ceased_on': '2025-01-29', 'effective_from': '2023-03-24', 'name': 'LEAPFROG STUDIOS LIMITED'}]","Simpsons Farm, C/O Affect Group, Pentlow, Sudbury, CO10 7JT, England",62011; 71122; 74909
1268,IDEAL GAMES LTD,17345419,active,ltd,2026-07-17,,,"71-75 Shelton Street, Covent Garden, London, WC2H 9JQ, United Kingdom",58210; 62011
1269,IDEA CABIN LTD,08441641,active,ltd,2013-03-12,,,"1 Roseacre Queens Road, Beeston, Nottingham, NG9 2BB, England",62011; 62012; 62090
1270,IDOZ GAMES LTD,13513448,active,ltd,2021-07-15,,,"12b Hanham Hall Whittucks Road, Hanham, Bristol, BS15 3FR, England",62011
1271,IDLE VALLEY GAMES LTD,16458970,active,ltd,2025-05-19,,,"128 City Road, London, EC1V 2NX, United Kingdom",58210; 62011
1272,IGP GAMES LIMITED,07570695,active,ltd,2011-03-21,,,"Third Floor, 207 Regent Street, London, W1B 3HH",58210; 62011
1273,ILLEGAL RACING LIMITED,11320922,active,ltd,2018-04-20,,,"22 Charnwood Close, New Malden, KT3 3PS, England",26400; 46160; 58210; 62011
1274,IMAGITECH LIMITED,03117065,active,ltd,1995-10-23,,,"Ethos, King's Rd, Swansea, SA1 8AS",62011; 62012; 62090
1275,ILLYRIAD GAMES LIMITED,06969057,active,ltd,2009-07-22,,,"Taxassist Accountants, 563 Chiswick High Road, London, W4 3AY",62090
1276,IMPORIUM STUDIOS LIMITED,16087184,active,ltd,2024-11-18,,,"Hyver Hall, Barnet Gate, Barnet, EN5 3JA, England",62011
1277,IMMERSIV GAMES LTD,16259341,active,ltd,2025-02-18,,,"67 67 The Ridgeway, London, W3 8LP, England",62011
1278,IMMOTION STUDIOS LIMITED,03958635,active,ltd,2000-03-28,,"[{'ceased_on': '2018-06-07', 'effective_from': '2002-03-30', 'name': 'STUDIO LIDDELL LIMITED'}, {'ceased_on': '2002-03-30', 'effective_from': '2000-03-28', 'name': 'STUDIO LIDDELL ANIMATION LIMITED'}]","2nd Floor 55, Ludgate Hill, London, EC4M 7JW, United Kingdom",62011
1279,IMPRNT STUDIOS LTD,14697718,active,ltd,2023-03-01,,,"71-75 Shelton Street, Covent Garden, London, WC2H 9JQ, United Kingdom",62011
1280,INCLUDED GAMES LTD,12744067,active,ltd,2020-07-15,,,"Plus Accounting Preston Park House, South Road, Brighton, BN1 6SB, United Kingdom",62011
1281,INCENTIVE GAMES LIMITED,SC624947,active,ltd,2019-03-19,,,"Citypoint, 65 Haymarket Terrace, Edinburgh, EH12 5HD, Scotland",62011
1282,INDEPENDENT BROADCASTING NETWORK LIMITED,11498389,active,ltd,2018-08-03,,"[{'ceased_on': '2025-10-23', 'effective_from': '2023-04-17', 'name': 'HEARD DIGITAL LTD'}, {'ceased_on': '2023-04-17', 'effective_from': '2021-08-09', 'name': 'AUK DIGITAL LTD'}, {'ceased_on': '2021-08-09', 'effective_from': '2021-04-12', 'name': 'A M MEDIA LTD'}, {'ceased_on': '2021-04-12', 'effective_from': '2020-07-15', 'name': 'MELBOURNE HOUSE GAMES LTD'}, {'ceased_on': '2020-07-15', 'effective_from': '2019-07-25', 'name': 'PIXEL GAMES LIMITED'}, {'ceased_on': '2019-07-25', 'effective_from': '2018-08-03', 'name': 'SOURCE TOWN LTD'}]","166 The Mall, Luton, LU1 2TL, England",82990
1283,INCLUSIVE PEOPLE LIMITED,15757196,active,ltd,2024-06-03,,,"71-75 Shelton Street, Covent Garden, London, WC2H 9JQ, United Kingdom",70229
1284,INDEPENDENT BY DESIGN LTD,09692801,active,ltd,2015-07-20,,,"C/O Johnston Carmichael Birchin Court, 20 Birchin Ln, London, EC3V 9DU, England",62020
1285,INDIEBOX STUDIOS LTD,13761001,active,ltd,2021-11-23,,,"Saffery Llp, 10 Wellington Place, Leeds, LS1 4AP, England",58210; 62011
1286,INDIE CHAMPIONS LTD,SC563751,active,ltd,2017-04-20,,"[{'ceased_on': '2019-09-12', 'effective_from': '2017-04-20', 'name': 'ALL 4 GAMES LIMITED'}]","20 Merchiston Avenue, Edinburgh, EH10 4NY, Scotland",58210; 62011
1287,INDIECORE STUDIOS LTD,17308723,active,ltd,2026-06-30,,,"279 Upper Third Street, Milton Keynes, MK9 1DR, England",58210
1288,INDIE HOLDINGS LIMITED,10509820,active,ltd,2016-12-05,,,"Preston Park House, South Road, Brighton, East Sussex, BN1 6SB, United Kingdom",47190; 58210; 70229
1289,INDIE MINDTRICK LTD,16815551,active,ltd,2025-10-28,,,"13 Ellingfort Road, London, E8 3PA, England",58210; 62011
1290,INDUSTRIAL OCTOPUS LTD,14154519,active,ltd,2022-06-07,,,"167-169 Great Portland Street, London, W1W 5PF, England",58210; 62011; 62020
1291,INDIGO PEARL LIMITED,04131547,active,ltd,2000-12-21,,,"4th Floor, 110 High Holborn, London, WC1V 6JS, England",62090
1292,INERTIASOFT LIMITED,05016371,active,ltd,2004-01-15,,,"3 Prospect Point, Cambridgeshire Business Park, Ely, Cambridgeshire, CB7 4EX",62012
1293,INEXPLICABLE GAMES LIMITED,10751658,active,ltd,2017-05-03,,,"Garrison House Ordnance Close, Moreton-On-Lugg, Hereford, Herefordshire, HR4 8DA, United Kingdom",62011
1294,INFERNAL EYE STUDIOS LTD,17050057,active,ltd,2026-02-24,,,"24 Green Moor Link, London, N21 2NP, England",58210
1295,INFERNO STUDIOS LIMITED,15339010,active,ltd,2023-12-09,,,"71-75 Shelton Street, Covent Garden, London, WC2H 9JQ, United Kingdom",62011; 90030
1296,INFINITE LIGHT GAMES LTD,16654162,active,ltd,2025-08-15,,,"124-128 City Road, London, EC1V 2NX, England",58210; 74100
1297,INFINITE INTERACTIVE LIMITED,05411088,active,ltd,2005-04-01,,,"37 Long Lane, London, N3 2PS, United Kingdom",74909
1298,INFINITE MONKEYS INTERACTIVE LTD,17272561,active,ltd,2026-06-10,,,"128 City Road, London, EC1V 2NX, United Kingdom",58210; 62011
1299,INFINITE STATE GAMES LTD,08613104,active,ltd,2013-07-17,,,"39 Kings Road, Tonbridge, Kent, TN9 2HB, United Kingdom",58210
1300,I N F I N I T Y 27 LTD.,10768924,active,ltd,2017-05-12,,,"Proto, Abbott's Hill, Gateshead, NE8 3DF, England",62011; 85590
1301,INGENIOUS CRAFTS LIMITED,13659977,active,ltd,2021-10-04,,,"71-75 Shelton Street, Covent Garden, London, WC2H 9JQ, United Kingdom",47910; 58210; 62011; 62020
1302,INKLE LTD,07838438,active,ltd,2011-11-08,,,"Cambridge House Camboro Business Park, Girton, Cambridge, Cambridgeshire, CB3 0QH, England",62012
1303,INKLINGWOOD LTD,13548355,active,ltd,2021-08-04,,,"22 Sledmore Drive, Spennymoor, DL16 7GP, England",58210; 62011
1304,INNER SANCTUM GAMES LIMITED,09774081,active,ltd,2015-09-11,,,"Unit A, 82 James Carter Road, Midenhall, Suffolk, IP28 7DE, United Kingdom",62011; 70210
1305,INNIVO LIMITED,06147242,active,ltd,2007-03-08,,,"Stuart House, The Back, Chepstow, NP16 5HH",74100
1306,INSERT COIN LIMITED,07248469,active,ltd,2010-05-10,,,"Unit 11 55, Progress Road, Leigh-On-Sea, Essex, SS9 5PR",47710
1307,INSPIRE GAME STUDIOS LTD,14020173,active,ltd,2022-04-01,,,"Preston Park House, South Road, Brighton, East Sussex, BN1 6SB, United Kingdom",62011
1308,INSPIRIT360 LTD,13159155,active,ltd,2021-01-26,,,"Suite A James Carter Road, Mildenhall, Bury St. Edmunds, IP28 7DE, England",58210; 62011
1309,INTELLECTOKIDS LTD,11796917,active,ltd,2019-01-30,,,"167 City Road, London, Greater London, EC1V 1AW, England",58210; 58290; 62011; 62090
1310,INTERACTIVE GAME DEVELOPMENT LIMITED,02646104,active,ltd,1991-09-17,,"[{'ceased_on': '2015-01-20', 'effective_from': '1995-08-30', 'name': 'RAREWARE LIMITED'}, {'ceased_on': '1995-08-30', 'effective_from': '1995-04-05', 'name': 'STAMPER LIMITED'}, {'ceased_on': '1995-04-05', 'effective_from': '1995-04-03', 'name': 'RARE TOYS & GAMES LIMITED'}, {'ceased_on': '1995-04-03', 'effective_from': '1991-09-17', 'name': 'RARE TOYS & GAMES LIMITED'}]","1 Blossom Yard, Fourth Floor, London, E1 6RS, United Kingdom",32409; 70100
1311,INTERACTIVE MEDIA LTD,14097806,active,ltd,2022-05-10,,,"38 Tintern Avenue, Westcliff-On-Sea, SS0 9QJ, England",62011
1312,INTERNET ADVERTISING BUREAU,03650406,active,private-limited-guarant-nsc-limited-exemption,1998-10-14,,,"11 Keeley Street, London, WC2B 4BA, England",94990
1313,INTERSTELLAR GAMES LTD,16867431,active,ltd,2025-11-21,,,"1, 1 Belton Road, London, E11 3JD, United Kingdom",58210
1314,INTERTELLER LTD,12797817,active,ltd,2020-08-06,,,"128 City Road, London, EC1V 2NX, United Kingdom",58210; 59112; 62011
1315,INTO GAMES C.I.C.,11536348,active,private-limited-guarant-nsc,2018-08-24,,"[{'ceased_on': '2019-08-15', 'effective_from': '2018-11-13', 'name': 'INTO GAMES LTD'}, {'ceased_on': '2018-11-13', 'effective_from': '2018-08-24', 'name': 'PLAYINGFIELD GAMES LTD'}]","Preston Park House, South Road, Brighton, East Sussex, BN1 6SB, United Kingdom",85520
1316,INTORQA GROUP LIMITED,11365902,active,ltd,2018-05-16,,,"124 City Road, London, EC1V 2NX, United Kingdom",62012
1317,INTROVERSION SOFTWARE LIMITED,04354601,active,ltd,2002-01-17,,,"Winchester House, 36 Winchester, Road, Walton On Thames, Surrey, KT12 2RH",62011
1318,INTREPIDEER LTD,10757689,active,ltd,2017-05-08,,,"20-22 Wenlock Road, London, N1 7GU, England",58210; 59112; 59200; 62011
1319,INVIOX STUDIOS LTD,16406803,active,ltd,2025-04-24,,,"128 City Road, London, EC1V 2NX, United Kingdom",58210; 58290; 62011
1320,INVINCIBLES STUDIO LTD,05271374,active,ltd,2004-10-27,,"[{'ceased_on': '2022-03-23', 'effective_from': '2004-10-27', 'name': 'SOCCER MANAGER LTD'}]","Shorrock House 1 Faraday Court, Fulwood, Preston, Lancashire, PR2 9NB, United Kingdom",62090
1321,IOCA ENTERTAINMENT LIMITED,09343458,active,ltd,2014-12-05,,"[{'ceased_on': '2015-03-26', 'effective_from': '2014-12-05', 'name': 'APPYCO LIMITED'}]","38 Craven Street, London, WC2N 5NG, England",58210
1322,INVISIBLE PLAYER LIMITED,10002572,active,ltd,2016-02-12,,,"9 Belgrave Place, Brighton, BN2 1EL, United Kingdom",63110; 63990
1323,IOI BRIGHTON LTD,14959311,active,ltd,2023-06-24,,,"Second Floor West Wing Office Premises, Lees House, 21-23 Dyke Road, Brighton And Hove, BN1 3FE, England",58210
1324,ION GAMES LTD,11385211,active,ltd,2018-05-26,,,"30 Wimborne Drive, Keighley, BD21 2TR, United Kingdom",58210; 62011
1325,IOTECH ENGINE LIMITED,10309969,active,ltd,2016-08-03,,,"Onslow House, Onslow Street, Guildford, Surrey, GU1 4TN, United Kingdom",62090
1326,IONIZED STUDIOS LIMITED,10175821,active,ltd,2016-05-12,,,"43 Fisherton Street, Salisbury, SP2 7SU, England",62012
1327,IPSOS RESEARCH LTD,02388345,active,ltd,1989-05-23,,"[{'ceased_on': '2012-06-22', 'effective_from': '2002-10-25', 'name': 'SYNOVATE LIMITED'}, {'ceased_on': '2002-10-25', 'effective_from': '2000-04-14', 'name': 'PEGRAM WALTERS LIMITED'}, {'ceased_on': '2000-04-14', 'effective_from': '1989-05-23', 'name': 'PEGRAM WALTERS ASSOCIATES LIMITED'}]","3 Thomas More Square, Thomas More Square, London, E1W 1YW",73200
1328,IQ ENTERTAINMENT LIMITED,17232341,active,ltd,2026-05-20,,,"23 Gironde Road, London, SW6 7DY, England",62011
1329,IRONBRIDGE GAMES LTD,16882669,active,ltd,2025-12-01,,,"2 Jarvis Place, St. Michaels, Tenterden, TN30 6DQ, England",62011
1330,IRONLEAF STUDIOS LTD,16991904,active,ltd,2026-01-27,,,"C/O Ozkanaccountants Ltd,2nd Floor Suite 12, Vantage Point, New England Road, Brighton, BN1 4GW, United Kingdom",58210
1331,IRON MONK STUDIOS LTD,13784467,active,ltd,2021-12-06,,,"73 Chepstow Road, Felixstowe, IP11 9BX, England",58210; 62011
1332,IRON PIXEL LTD,17081527,active,ltd,2026-03-10,,,"112 Scholes Lane, Scholes, Cleckheaton, BD19 6LX, England",58210
1333,IRWIN MITCHELL LLP,OC343897,active,llp,2009-03-10,,,"Riverside East, 2 Millsands, Sheffield, South Yorkshire, S3 8DT",
1334,ISLAY GAMES LTD,SC478511,active,ltd,2014-05-27,,,"12 Cnoc Na Faire, Port Ellen, Isle Of Islay, PA42 7BU",62011
1335,ISLE GAMES STUDIOS LTD,17039844,active,ltd,2026-02-18,,,"4 Cornflower Close, Healing, DN41 7JR, United Kingdom",58210
1336,ISOKRON LIMITED,09840726,active,ltd,2015-10-26,,,"Parkhill Studio, Walton Road, Wetherby, LS22 5DZ, England",62011
1337,ISOTONIK STUDIOS LTD,10701748,active,ltd,2017-03-31,,,"186 West Street, Dunstable, LU6 1NX, United Kingdom",62011
1338,ISQUARED GAMES LIMITED,06807421,active,ltd,2009-02-02,,,"International House, 36-38 Cornhill, London, EC3V 3NG, England",62011
1339,ISOTOPIC STUDIOS LTD,16677796,active,ltd,2025-08-28,,,"328 Wendover Road, Weston Turville, Aylesbury, HP22 5TN, England",58210
1340,ISTOTEX LTD,09994227,active,ltd,2016-02-09,,,"71-75 Shelton Street, Covent Garden, London, WC2H 9JQ, England",62011; 62012; 62090
1341,ITALIC PIG LIMITED,08261221,active,ltd,2012-10-19,,"[{'ceased_on': '2013-03-14', 'effective_from': '2012-10-19', 'name': 'GAIMAN APPLICATIONS LIMITED'}]","167-169 Great Portland Street, 5th Floor, London, W1W 5PF, England",62011
1342,ITALIC PUG LIMITED,NI649272,active,ltd,2017-11-14,,,"44 Princess Gardens, Holywood, BT18 0PW, Northern Ireland",62011
1343,ITEM42 LTD,10497028,active,ltd,2016-11-25,,,"C/O Ozkan Accountants Ltd 2nd Floor, Suite 12, Vantage Point, New England Road, Brighton, BN1 4GW, England",62011
1344,ITSALLAGAME LTD.,10273387,active,ltd,2016-07-12,,,"72 Abbey Way, Farnborough, Hampshire, GU14 7DF, United Kingdom",62011
1345,ITERATION GAMES LTD,12286140,active,ltd,2019-10-28,,,"1 Kershaw Street, Glossop, Derbyshire, SK13 8NB, England",62011
1346,ITER INTERACTIVE LTD,16559774,active,ltd,2025-07-03,,,"4 Seymour Drive, Eaglescliffe, Stockton-On-Tees, TS16 0LQ, England",62011
1347,IT'S HAPPENING LTD,13281413,active,ltd,2021-03-21,,,"C/O Affect Group Simpsons Fm, Pentlow, Sudbury, CO10 7JT, England",58210; 62011
1348,IWARE DESIGNS LIMITED,07387407,active,ltd,2010-09-24,,,"Queens Head House The Street, Acle, Norwich, Norfolk, NR13 3DY",62090
1349,JACKET GAMES LTD,16716047,active,ltd,2025-09-14,,,"20 Nursery Place, Sevenoaks, TN13 2RH, England",58210
1350,JACKALOPE GAMES LTD,16565595,active,ltd,2025-07-07,,,"68-74 Kempston Street, Liverpool, Merseyside, L3 8HL, England",62011
1351,JAKE BIRKETT COMPUTER SOLUTIONS LIMITED,04563481,active,ltd,2002-10-15,,,"3 Willow Way, Bridport, Dorset, DT6 4RU",62011
1352,JAGEX LIMITED,03982706,active,ltd,2000-04-28,,"[{'ceased_on': '2000-06-27', 'effective_from': '2000-04-28', 'name': 'MEAUJO (492) LIMITED'}]","Ground Floor, One Granta, Granta Park, Cambridge, CB21 6DP, England",62011
1353,JAKYL LTD,07191744,active,ltd,2010-03-16,,,"439a Topsham Road, Exeter, Devon, EX2 7AF",58210; 62011; 62090; 85510
1354,JAMES MAKES GAMES LTD,08631666,active,ltd,2013-07-31,,,"141 Leigh Park Road, Bradford On Avon, BA15 1TQ, England",62011
1355,JALICE INTERACTIVE LTD,16372646,active,ltd,2025-04-08,,,"1 Savile Way, Fowlmere, Royston, SG8 7TU, England",62011
1356,JAM GAMES LIMITED,16277334,active,ltd,2025-02-26,,,"Suite 96, Sneinton Market Unit 6, Gedling Street, Nottingham, NG1 1DS, England",58210; 62011
1357,JASON TUYEN GAMES LTD,10687791,active,ltd,2017-03-23,,,"76 Whitethorn Street, London, E3 4DB, United Kingdom",58210; 62011
1358,JARDUS GAMES LTD,16687095,active,ltd,2025-09-01,,,"49 Streetly End, West Wickham, Cambridge, CB21 4RP, England",58210; 62011
1359,JAW GAMES LTD,16463673,active,ltd,2025-05-20,,,"1 Rastrick Way, St. Georges Wood, Morpeth, NE61 2GR, United Kingdom",58210
1360,JCA STUDIOS LTD,16640276,active,ltd,2025-08-11,,,"Amelia House, Crescent Road, Worthing, West Sussex, BN11 1RL, England",58210; 62011
1361,JBX STUDIOS LTD,17286676,active,ltd,2026-06-19,,,"Unit 24, 124-128, Pall Mall Deposit Barlby Road, London, W10 6BL, United Kingdom",58210
1362,JELLY ENTERTAINMENT LTD,12737495,active,ltd,2020-07-13,,,"Centrum, Norwich Research Park, Norwich, NR4 7UG, England",62011
1363,JELLYMEDIA LTD,03954014,active,ltd,2000-03-22,,,"112-114 Whitegate Drive, Blackpool, Lancashire, FY3 9XH",62012; 62090
1364,JETON GAMES LIMITED,13344212,active,ltd,2021-04-19,,,"Rowley, Burnt Lodge Lane, Ticehurst, East Sussex, TN5 7LE, United Kingdom",62011; 92000
1365,JFI GAMES LTD,13519991,active,ltd,2021-07-20,,,"199 Wheelman Road, Crewe, CW1 3QN, England",62011
1366,J GAMES LTD,13961105,active,ltd,2022-03-07,,,"1 Trefoil Close, Bingham, Nottinghamshire, NG13 8TX, United Kingdom",58210; 62011
1367,JINHENG GAMES LIMITED,SC888583,active,ltd,2026-05-05,,,"Office 98 18 Young St,, Unit Lge 1/1, Edinburgh, EH2 4JB, United Kingdom",58210; 59111; 62011; 63990
1368,JKUB LTD,SC760459,active,ltd,2023-02-28,,,"17 St. Ninians, Lanark, ML11 7HX, Scotland",74100; 90030
1369,JJB GAME DEVELOPMENT LTD,16702997,active,ltd,2025-09-08,,,"15 Helmsley Drive, Eastwood, Nottingham, NG16 3RS, England",58210; 62011; 62020
1370,JMW GAMES LTD,16374982,active,ltd,2025-04-08,,,"Whitegates, Old Reigate Road, Betchworth, RH3 7DR, England",62011
1371,JOBLESS STUDIOS LTD,16178142,active,ltd,2025-01-12,,,"2 Shirlock Road, London, NW3 2HS, England",62011
1372,JOHNNY ATOM PRODUCTIONS LIMITED,06138021,active,ltd,2007-03-05,,,"1 Bligh's Road, Sevenoaks, Kent, TN13 1DA, United Kingdom",70210
1373,JOE RICHARDSON GAMES LTD,12776995,active,ltd,2020-07-29,,,"East Lodge, Kartway House, Lugwardine, Hereford, HR1 4AE, England",62011
1374,JONES AND BLEECKER GAMES LIMITED,16798459,active,ltd,2025-10-20,,,"274 Deansgate, Manchester, M3 4JB, England",58210
1375,JOR GAMES LIMITED,10536166,active,ltd,2016-12-22,,,"Midway House Herrick Way, Staverton Technology Park, Cheltenham, Gloucestershire, GL51 6TQ, United Kingdom",32401; 62011; 71121
1376,JOURNEYMEN GAMES LTD,16981111,active,ltd,2026-01-22,,,"57 Gledhow Park Avenue, Leeds, LS7 4JL, United Kingdom",58210; 74100
1377,JORGEN GAMES LTD,11960029,active,ltd,2019-04-24,,,"Office 43, 1000 Lakeside, North Harbour, Portsmouth, Hampshire, PO6 3EZ, United Kingdom",58210
1378,JUBAIR GAME DEVELOPMENT LTD,16666405,active,ltd,2025-08-21,,"[{'ceased_on': '2025-08-28', 'effective_from': '2025-08-21', 'name': 'JUBAIR GAME DEVELOPTMENT LTD'}]","14 Bibsworth Avenue, Birmingham, B13 0BA, England",58210; 62011
1379,JOYDLE INTERACTIVE LTD,17233012,active,ltd,2026-05-20,,,"71-75 Shelton Street, Covent Garden, London, WC2H 9JQ, United Kingdom",58210; 58290; 62011; 62012
1380,JOYZO LIMITED,09023888,active,ltd,2014-05-06,,,"8 Ryan Close, Ferndown, Dorset, BH22 9TP",62012; 63110; 63120
1381,JOYVIRTUE ENTERTAINMENT LTD,NI738800,active,ltd,2026-03-13,,,"Office 1593 92 Castle Street, Belfast, Northern Ireland, BT1 1HE, United Kingdom",58210; 59120; 73120; 90030
1382,JUNIPER RESEARCH LIMITED,04365384,active,ltd,2002-02-01,,,"9 Cedarwood Chineham Park, Basingstoke, Hampshire, RG24 8WD, England",73200
1383,JUMP OVER THE AGE LIMITED,11659631,active,ltd,2018-11-05,,,"102 Bromstone Road, Broadstairs, CT10 2HX, England",62011
1384,JUNKFISH LIMITED,SC451981,active,ltd,2013-06-11,,,"Unit 500 Academy Business Park, 51 Gower Street, Glasgow, G51 1PR, United Kingdom",62011
1385,JUST A PIXEL LTD,08199512,active,ltd,2012-09-03,,,"94 The Brow, Brighton, BN2 6LN, England",62011; 62012
1386,JURY GAMES LIMITED,13148913,active,ltd,2021-01-21,,,"Flat 23 Tanhurst House, Redlands Way, London, SW2 3LS, England",62011
1387,JUSTFLIGHT LONDON LIMITED,09888150,active,ltd,2015-11-25,,,"St George's House, George Street, Huntingdon, Cambridgeshire, PE29 3GH, England",58210
1388,JUST ADD WATER (DEVELOPMENT) LIMITED,05976021,active,ltd,2006-10-24,,,"Platform - Suite 1.11 New Station Street, Leeds, LS1 4JB, England",62011
1389,JUST MOBILE GAMES LIMITED,05213248,active,ltd,2004-08-24,,,"74 Horningsea Road, Fen Ditton, Cambridge, Cambridgeshire, CB5 8SZ",62011; 62020
1390,JUSTWONTDIE LTD,12149769,active,ltd,2019-08-12,,,"63 High Street, Little Shelford, Cambridge, CB22 5ES, England",58210; 62011
1391,K2 GAMES LTD,17216965,active,ltd,2026-05-13,,,"71-75 Shelton Street, Covent Garden, London, WC2H 9JQ, United Kingdom",58210; 62011
1392,K9 DIGITAL LTD,13650710,active,ltd,2021-09-29,,,"Netherbarns The Street, Stradishall, Newmarket, Suffolk, CB8 8YW, England",62011; 90030
1393,KABAM GAMES UK LIMITED,08504182,active,ltd,2013-04-25,,"[{'ceased_on': '2017-05-13', 'effective_from': '2013-04-25', 'name': 'KABAM GAMES LIMITED'}]","C/O Tc Citroen Wells Limited, 5th Floor, 3 Dorset Rise, London, EC4Y 8EN, England",62011
1394,KADRE STUDIOS LIMITED,17336068,active,ltd,2026-07-13,,,"71-75 Shelton Street, Covent Garden, London, WC2H 9JQ, United Kingdom",58210; 58290; 62011; 62012
1395,KAI-TAMA ENTERTAINMENT LTD,12015074,active,ltd,2019-05-23,,,"2nd Floor The Lexicon, 10-12 Mount Street, Manchester, M2 5NT, United Kingdom",58290; 62011
1396,KAKOON ENTERTAINMENT LTD,12539434,active,ltd,2020-03-30,,"[{'ceased_on': '2023-07-28', 'effective_from': '2023-03-21', 'name': 'MILOSITY ENTERTAINMENT LTD'}, {'ceased_on': '2023-03-21', 'effective_from': '2020-03-30', 'name': 'SOUTHSIDE STUDIOS LTD'}]","Royal Arsenal Gatehouse, Beresford Square, London, SE18 6AR, England",58210; 62011
1397,KAIZEN GAME WORKS LIMITED,11635479,active,ltd,2018-10-22,,,"102 Bromstone Road, Broadstairs, CT10 2HX, United Kingdom",58210
1398,KALAMTECH LIMITED,10282353,active,ltd,2016-07-16,,,"107 Burdett Road, London, E3 4JN, England",62011; 62012
1399,KALYPSO MEDIA UK LIMITED,06306411,active,ltd,2007-07-09,,,"4 Milbanke Court, Milbanke Way, Bracknell, Berkshire, RG12 1RP",62011
1400,KAMO2020 LTD,16357687,active,ltd,2025-04-01,,,"71-75 Shelton Street, Covent Garden, London, WC2H 9JQ, United Kingdom",58210; 62011; 62090
1401,KANDO FACTORY LIMITED,14859170,active,ltd,2023-05-10,,,"255 Poulton Road, Wallasey, Wirral, CH44 4BT, United Kingdom",62012
1402,KARMA GAMES LIMITED,12425040,active,ltd,2020-01-27,,,"212 Ikon Estate Droitwich Road, Hartlebury, Kidderminster, DY10 4EU, England",58210; 59113; 62011; 90030
1403,KANTO MEDIA LTD,10764274,active,ltd,2017-05-10,,"[{'ceased_on': '2024-03-15', 'effective_from': '2017-05-10', 'name': 'CAUTION GAMES LTD'}]","82a James Carter Road, Mildenhall, Suffolk, IP28 7DE, England",59112
1404,KATNISS LTD,16839159,active,ltd,2025-11-07,,,"71-75 Shelton Street, Covent Garden, London, WC2H 9JQ, United Kingdom",58210; 62011; 85320; 85590
1405,KASEDO GAMES LTD,06963203,active,ltd,2009-07-15,,"[{'ceased_on': '2019-12-09', 'effective_from': '2009-07-15', 'name': 'KALYPSO MEDIA DIGITAL LIMITED'}]","Phoenix Square, 4 Midland Street, Leicester, Leics, LE1 1TG",62020
1406,KAZATAN GAMES LTD,12472644,active,ltd,2020-02-19,,,"13 Gorse Hill, Broad Oak, Heathfield, East Sussex, TN21 8TW, England",32409; 62011
1407,KC6067 STUDIOS LTD,16475823,active,ltd,2025-05-27,,,"23 Campion Grove, Christchurch, BH23 3RF, England",58210
1408,KEANE GAMES LTD,09963347,active,ltd,2016-01-21,,"[{'ceased_on': '2024-01-19', 'effective_from': '2016-01-21', 'name': 'RUCE LTD'}]","4 Beechfield Drive, Bury, BL9 9QT, England",62011
1409,KEERA STUDIOS LTD,08598985,active,ltd,2013-07-05,,,"20-22 Wenlock Road, London, N1 7GU, England",62011
1410,KEPITHOR STUDIOS LTD,11657583,active,ltd,2018-11-02,,,"45 Hill Crescent, Aylesham, Canterbury, CT3 3DQ, United Kingdom",58210
1411,KESTREL GAMES LIMITED,08771263,active,ltd,2013-11-12,,,"Apt 149 1 Prescot Street, London, E1 8RL",62011
1412,KEPLER INTERACTIVE LIMITED,12545265,active,ltd,2020-04-02,,,"2 Leonard Circus, London, EC2A 4DQ, England",64209
1413,KETTU STUDIOS LTD,12510662,active,ltd,2020-03-11,,,"High Corn Mill Studio 13, Chapel Hill, Skipton, North Yorkshire, BD23 1NL, United Kingdom",59112; 62011; 90030
1414,KETZAPP LIMITED,14868513,dissolved,ltd,2023-05-15,2026-09-15,,"60 Tottenham Court Road, Suite 3052a, Fitzrovia, London, W1T 2EW, United Kingdom",47910; 47990; 58290; 62090
1415,KEYWORDS STUDIOS LIMITED,08548351,active,ltd,2013-05-29,,"[{'ceased_on': '2024-11-05', 'effective_from': '2013-07-08', 'name': 'KEYWORDS STUDIOS PLC'}, {'ceased_on': '2013-07-08', 'effective_from': '2013-05-29', 'name': 'KEYWORDS STUDIOS LIMITED'}]","4th Floor 110 High Holborn, London, WC1V 6JS, England",70100
1416,KEY COMPASS GAMES LTD,17267792,active,ltd,2026-06-08,,,"43 West Walls, Carlisle, CA3 8UH, United Kingdom",58210; 59111; 62011
1417,KFIRAPPS LIMITED,10020725,active,ltd,2016-02-23,,,"Enterprise House, 2 The Crest, London, NW4 2HN, England",62011; 62012; 62090
1418,KG GAMES LTD,17292741,active,ltd,2026-06-21,,,"7 Guest Road, Sheffield, S11 8UJ, England",58210; 62011
1419,KHIMAIRA STUDIOS LTD,17110240,active,ltd,2026-03-23,,,"124 City Road, London, EC1V 2NX, England",58210; 58290
1420,KIBA INTERACTIVE LIMITED,16610458,active,ltd,2025-07-28,,,"2 Brookdale Road, Bramhall, Stockport, SK7 2NW, England",58210; 62011
1421,KIDS WEB SERVICES LTD,13351982,active,ltd,2021-04-22,,"[{'ceased_on': '2023-10-27', 'effective_from': '2021-04-22', 'name': 'EPIC GAMES INTERNATIONAL UK LIMITED'}]","C/O Shepherd And Wedderburn Llp, 1-6 Lombard Street, London, EC3V 9AA, England",62011
1422,KILAIPLAY LIMITED,16151229,active,ltd,2024-12-24,,,"167 - 169 Great Portland Street, 5th Floor, London, W1W 5PF, England",58210; 62011; 62020
1423,KICKSTAND GAMES LIMITED,12236343,active,ltd,2019-10-01,,,"2 Elvaston Mews, London, SW7 5HY, England",62011
1424,KILN STUDIOS LTD,11272034,active,ltd,2018-03-23,,"[{'ceased_on': '2020-03-05', 'effective_from': '2018-03-23', 'name': 'KINDRED GAMES LTD'}]","61 Mosley Street International House, 61 Mosley Street, Manchester, Greater Manchester, M2 3HZ, United Kingdom",62011
1425,KIMCHI SOUP STUDIOS LTD,16055474,active,ltd,2024-11-01,,,"George Court, Bartholemews Walk, Ely, Cambridgeshire, CB7 4JW, United Kingdom",58210
1426,KINETEK LABS LIMITED,NI737716,active,ltd,2026-02-09,,,"The Baths, 18 Ormeau Ave, Belfast, BT2 8HS, United Kingdom",58290; 59140; 62011
1427,KINDRED SPIRIT GAMES LTD,15363612,dissolved,ltd,2023-12-20,2026-08-11,,"83 Hurst Avenue, London, E4 8DL, England",62011
1428,KINETIC GAMES LIMITED,12966685,active,ltd,2020-10-21,,,"Stag Gates House, 63/64 The Avenue, Southampton, Hampshire, SO17 1XS, United Kingdom",62011
1429,KINETIC PUBLISHING LIMITED,17232018,active,ltd,2026-05-20,,,"Stag Gates House, 63/64 The Avenue, Southampton, Hampshire, SO17 1XS, United Kingdom",58210; 62011
1430,KIRKIDEXI LTD,10672618,active,ltd,2017-03-15,,"[{'ceased_on': '2021-02-26', 'effective_from': '2017-03-15', 'name': 'ARTVISION GAMES LTD'}]","2nd Floor 168 Shoreditch High Street, London, E1 6RA, United Kingdom",58210
1431,KITCHEN TABLE STUDIOS LTD,17293958,active,ltd,2026-06-22,,,"Suite A, 82 James Carter Road, Mildenhall, IP28 7DE, United Kingdom",58210
1432,KISS PUBLISHING LTD,11029387,active,ltd,2017-10-24,,,"12 Hamilton Terrace, Leamington Spa, CV32 4LY, England",58210
1433,KLAUDIA KEPA LTD,16825553,active,ltd,2025-11-02,,,"St. Clare House, Greyfriars, Ipswich, IP1 1LX, England",58210; 62011
1434,KITTICAT GAMES LTD,14140421,active,ltd,2022-05-30,,,"5 Brayford Square, London, E1 0SG, England",58210
1435,K MONKEY LIMITED,11114768,active,ltd,2017-12-18,,,"31 Keepers Gate, Birmingham, B37 7SW, United Kingdom",58210; 62011
1436,KNIGHT FRANK LLP,OC305934,active,llp,2003-11-03,,,"55 Baker Street, London, W1U 8AN",
1437,LACED MUSIC LTD,08990230,active,ltd,2014-04-10,,,"4th Floor, 110 High Holborn, London, WC1V 6JS, England",59120
1438,LAC GAMES LTD,13081152,active,ltd,2020-12-14,,,"Irish Square, Upper Denbigh Road, St Asaph, Denbighshire, LL17 0RN, United Kingdom",58210; 62011
1439,LAIREON GAMES LTD,10315099,active,ltd,2016-08-05,,"[{'ceased_on': '2019-07-20', 'effective_from': '2019-07-19', 'name': 'TALL PEAK CONSULTING LIMITED'}, {'ceased_on': '2019-07-19', 'effective_from': '2016-08-05', 'name': 'LAIREON GAMES LTD'}]","43 High Grange, Crook, Durham, DL15 8AT, England",58210
1440,KYM ENTERTAINMENT LTD,12101223,active,ltd,2019-07-12,,,"Unit N Ashold Farm Road, Tyburn Trading Estate, Birmingham, B24 9QG, England",62012; 93290
1441,LAMBIC STUDIOS LIMITED,11159659,active,ltd,2018-01-19,,,"102 Bromstone Road, Broadstairs, CT10 2HX, England",62011
1442,LAME GAMES LIMITED,10565595,active,ltd,2017-01-16,,,"49 Station Road, Polegate, East Sussex, BN26 6EA, United Kingdom",32409; 58210; 62011
1443,LAB42 LIMITED,09381660,active,ltd,2015-01-09,,,"32 Jessops Riverside, Brightside Lane, Sheffield, S9 2RX, United Kingdom",62011
1444,LAB GROWN GAMES LTD,16298707,dissolved,ltd,2025-03-06,2026-09-01,,"98 Chester Drive, Harrow, HA2 7PY, England",58210
1445,LAB LEAK INTERACTIVE LIMITED,14290039,active,ltd,2022-08-11,,,"Preston Park House, South Road, Brighton, East Sussex, BN1 6SB, United Kingdom",62011
1446,LANDMARK GAMES DEVELOPMENT LTD,14163280,active,ltd,2022-06-09,,,"9 Wellesley Road, London, E11 2HG, England",62011
1447,LAND & SEA GAMES LTD,10513422,active,ltd,2016-12-06,,"[{'ceased_on': '2018-11-22', 'effective_from': '2016-12-06', 'name': 'NESBITT GAMES LIMITED'}]","167-169 Great Portland Street, London, Greater London, W1W 5PF, England",58210
1448,LANDMARK GAMES LTD,13136489,active,ltd,2021-01-15,,,"9 Wellesley Road, London, E11 2HG, England",58210
1449,LANDOFGAMING LTD,16149943,active,ltd,2024-12-23,,,"71-75 Shelton Street, Covent Garden, London, WC2H 9JQ, United Kingdom",58290; 62011
1450,LANTERN STUDIO LTD,11830052,active,ltd,2019-02-15,,,"111a George Lane, London, E18 1AN, United Kingdom",62011
1451,LARSGAARD GAMES LIMITED,SC876718,active,ltd,2026-01-27,,,"104 Rankin Street, Greenock, PA16 7JW, Scotland",58210
1452,LASER DOG GAMES LIMITED,08296906,active,ltd,2012-11-16,,,"Studio 12 30-38 Dock Street, Leeds, West Yorkshire, LS10 1JF, England",58210
1453,LASER LABS GAMES CIC,09935041,active,private-limited-guarant-nsc,2016-01-04,,,"11 Braid Drive, Tiverton, EX16 4FQ, England",62011
1454,LAST17 LTD,08331785,active,ltd,2012-12-14,,,"18 Main Street, Queniborough, Leicester, LE7 3DA, England",62090
1455,LAST CHANCE INTERACTIVE LTD,11227533,active,ltd,2018-02-27,,,"39 Fauna Field, Dunstable, Bedfordshire, LU5 4FP, England",62011
1456,LAST LEVEL LIMITED,12270188,active,ltd,2019-10-18,,"[{'ceased_on': '2024-06-16', 'effective_from': '2019-10-18', 'name': 'BANTECH MEDIA GROUP LTD'}]","124 City Road, London, EC1V 2NX, England",47910; 59112; 62011; 62020
1457,LAST HORIZON LIMITED,17166572,active,ltd,2026-04-19,,,"128 City Road, London, EC1V 2NX, United Kingdom",58210; 59112; 62011
1458,LATE NIGHT GAMES LIMITED,10689400,active,ltd,2017-03-24,,,"26 Queensway, Cambridge, CB2 8AY, United Kingdom",62011
1459,LAST WATCH GAMES LTD,17309182,active,ltd,2026-06-30,,,"10 Carlton Drive, Baildon, Shipley, BD17 5NP, England",58210; 62011
1460,LAUGHING JACKAL LIMITED,05543718,active,ltd,2005-08-23,,,"3 Warners Mill, Silks Way, Braintree, Essex, CM7 3GB",62011
1461,LAVA SKULL LTD,07472026,active,ltd,2010-12-16,,"[{'ceased_on': '2019-01-08', 'effective_from': '2010-12-16', 'name': 'ICEFLAME LIMITED'}]","45 Britannia Way, Britannia Park, Lichfield, Staffs, WS14 9UY",62011
1462,LAZY FOX GAMES LTD,17218002,active,ltd,2026-05-13,,,"34 Bridgnorth Close, Worthing, BN13 3QW, England",58210
1463,LAZY MONDAY LIMITED,SC509528,active,ltd,2015-06-29,,"[{'ceased_on': '2015-07-14', 'effective_from': '2015-06-29', 'name': 'AERIFORM LIMITED'}]","40 Eastfield, Edinburgh, EH15 2PN, Scotland",62011
1464,LAZYRAYS LTD,12783765,active,ltd,2020-07-31,,,"Piccadilly Business Centre Unit C Aldow Enterprise Park, Blackett Street, Manchester, Lancashire, M12 6AE",58210; 58290; 62011; 62012
1465,LEAFWIND STUDIOS LTD,17252962,active,ltd,2026-06-01,,,"71-75 Shelton Street, Covent Garden, London, WC2H 9JQ, United Kingdom",58210
1466,LDF STUDIOS LTD,17182523,active,ltd,2026-04-27,,,"167-169 Great Portland Street, 5th Floor, London, W1W 5PF, England",58210; 62011; 62012
1467,LEDA ENTERTAINMENT LTD,09174605,dissolved,ltd,2014-08-13,2026-09-22,,"21 Singleton Drive, Grange Farm, Milton Keynes, MK8 0PX, England",62011
1468,LEE & THOMPSON LLP,OC351626,active,llp,2010-01-20,,,"80 Charlotte Street, London, W1T 4DF, England",
1469,LEGACY GAMES LTD,12320068,active,ltd,2019-11-18,,,"167-169 Great Portland Street, Fifth Floor, London, W1W 5PF, England",32409; 58210
1470,LEGENBERRY LTD,16998930,active,ltd,2026-01-29,,,"124 City Road, London, EC1V 2NX, United Kingdom",58210; 62011
1471,LEKANO GAME LTD,16727764,dissolved,ltd,2025-09-18,2026-08-11,,"311 Shoreham Street, Sheffield, S2 4FA, United Kingdom",58210; 62011; 63110; 63120
1472,LELLOW LABS LTD,17275904,active,ltd,2026-06-17,,,"82a James Carter Road, Mildenhall, IP28 7DE, United Kingdom",32409; 58210; 62011
1473,LEMON MOOSE GAMES LTD,07919730,active,ltd,2012-01-23,,,"The Town Hall, St George's St, Hebden Bridge, HX7 7BY, England",62011
1474,LET US GAME LIMITED,14695443,active,ltd,2023-02-28,,,"Unit 126 28a , Church Road, Stanmore, HA7 4AW, England",58210; 62011
1475,LEVEL 91 ENTERTAINMENT LTD,NI645095,active,ltd,2017-04-06,,"[{'ceased_on': '2019-09-23', 'effective_from': '2017-04-06', 'name': 'NORTHERN SOFTWORKS LIMITED'}]","32 Collinbridge Drive, Newtownabbey, BT36 7SX, Northern Ireland",62011
1476,LEVEL HOUSE GAMES LIMITED,14841542,active,ltd,2023-05-02,,,"14 Worcester Lane, Stourbridge, DY8 2PB, England",62011
1477,LEVEL LORDS LTD,10717979,active,ltd,2017-04-10,,,"128 City Road, London, EC1V 2NX, United Kingdom",58210; 62011
1478,LEVELLR LTD,12909887,active,ltd,2020-09-28,,,"2, Television Centre Soho Works, Wood Lane, London, W12 7FR, England",63120
1479,LEWIS SILKIN LLP,OC317120,active,llp,2006-01-10,,,"Arbor, 255 Blackfriars Road, London, SE1 9AX, England",
1480,LEVEL TWO BEARDS LIMITED,12206526,active,ltd,2019-09-13,,,"14 Henry Road, Ipswich, IP3 9NT, England",62011
1481,LIBERTY GAMES INTERACTIVE LTD.,07893636,active,ltd,2011-12-29,,,"Suite 18 Equity Chambers, 249 High Street North, Poole, BH15 1DX, England",62011
1482,LIARKING STUDIO LIMITED,17058198,active,ltd,2026-02-26,,,"Bartle House, 9 Oxford Court, Manchester, M2 3WQ, England",58210; 62011
1483,LICK PR LTD,08921607,active,ltd,2014-03-04,,,"6 Corunna Court, Corunna Road, Warwick, CV34 5HQ",70210
1484,LIGHT ARC STUDIO LTD,08756463,active,ltd,2013-10-31,,,"3 The Close, Matlock, DE4 3LE",62020
1485,LIFE NINJA EDUCATION LTD,12364754,active,ltd,2019-12-16,,,"Studio 109, 109b Marton Road, Middlesbrough, TS1 2DU, United Kingdom",58190; 58210; 58290; 62011
1486,LIGHTHOUSE GAMES LIMITED,14303226,active,ltd,2022-08-18,,"[{'ceased_on': '2022-10-04', 'effective_from': '2022-08-18', 'name': 'REPLAY HOLDINGS LIMITED'}]","Imperial Court, Holly Walk, Leamington Spa, Warwickshire, CV32 4JG, England",62011
1487,LIGHTHOUSE GAMES STUDIO LTD,10972945,active,ltd,2017-09-20,,,"Egham Court 26-30 Grove Road, Flat 12, Surbiton, KT6 4DW, United Kingdom",62011
1488,LIGHT PILLAR SOFTWARE LTD,08284314,active,ltd,2012-11-07,,,"First Floor Sterling House Outrams Wharf, Little Eaton, Derby, DE21 5EL, England",62011
1489,LIGHT-IT-UP ENTERTAINMENT COMPANY LIMITED,11037615,active,ltd,2017-10-30,,,"5 The Mill, Brunswick Street, Hebden Bridge, HX7 6AF, United Kingdom",62011
1490,LING QU AI LIMITED,16377962,active,ltd,2025-04-09,,,"61 Bridge Street, Kington, HR5 3DJ, United Kingdom",58210; 58290; 62011; 62090
1491,LIGHTWOOD CONSULTANCY LIMITED,03737612,active,ltd,1999-03-22,,,"17 Kenilworth Road, Perton, Wolverhampton, WV6 7PJ, England",58210; 62011; 62020
1492,LINKFLUENCE INNOVATIONS LTD,16567549,active,ltd,2025-07-08,,,"Suite 302 4 Station Square, Cambridge, CB1 2GE, United Kingdom",62011; 63990
1493,LINK ENTERTAINMENT LTD,12498375,active,ltd,2020-03-04,,,"Conserespace, Studio 15, Trampery On The Gantry, 1 Waterden Road, London, E15 2HB, England",62011; 63110; 63120; 63990
1494,LINKLATERS LLP,OC326345,active,llp,2007-02-27,,,"20 Ropemaker Street, London, EC2Y 9AR, England",
1495,LIONTECH STUDIOS LTD,10505773,active,ltd,2016-12-01,,,"131 Headfield Road, Dewsbury, WF12 9JQ, United Kingdom",62011
1496,LIQUID CRIMSON LIMITED,07931892,active,ltd,2012-02-01,,,"31a Egley Road, Woking, Surrey, GU22 0AY",59111; 59112; 59113; 59120
1497,LISKIO LTD,14407056,active,ltd,2022-10-10,,,"20 St. Margarets Road, London, NW10 5PX, England",18130; 46450; 58210; 62011
1498,LIQUID VIOLET LTD,07485094,active,ltd,2011-01-07,,"[{'ceased_on': '2011-02-25', 'effective_from': '2011-01-07', 'name': 'FIDELITY DIALOGUE LTD'}]","4th Floor, 110 High Holborn, London, WC1V 6JS, England",18202
1499,LI STUDIOS LTD,17221087,active,ltd,2026-05-14,,,"71-75 Shelton Street, Covent Garden, London, WC2H 9JQ, United Kingdom",62011
1500,LIT STUDIOS LIMITED,13965356,active,ltd,2022-03-09,,,"128 City Road, London, EC1V 2NX, United Kingdom",62011
1501,LITTLE ACE STUDIOS LTD,17031083,active,ltd,2026-02-12,,,"26 Broad Street, Truro, TR1 1JD, United Kingdom",62011
1502,LITTLE ECHO GAMES LTD,16492303,active,ltd,2025-06-03,,,"34 Priory Road, Chessington, KT9 1EG, England",58210
1503,LITTLE EMPEROR STUDIOS LTD,11767314,active,ltd,2019-01-15,,,"7 Lytton Park, Cobham, KT11 2HB, England",58210
1504,LITTLE FINN STUDIOS LTD,16735345,active,ltd,2025-09-22,,,"8 Alwold Crescent, 8 Alwold Crescent, London, SE12 9AF, England",58210
1505,LITTLE LION DRAGON STUDIO LTD,17249205,active,ltd,2026-05-29,,,"51 Little Henfaes Drive, Welshpool, SY21 7BA, United Kingdom",58290; 62011
1506,LITTLE NUNO STUDIOS LTD,17321407,active,ltd,2026-07-05,,,"71-75 Shelton Street, Covent Garden, London, WC2H 9JQ, United Kingdom",58210; 62011
1507,LIVE ENTERTAINMENT TECHNOLOGIES LTD,12292024,active,ltd,2019-10-31,,,"Suite 3 91 Mayflower Street, Plymouth, Devon, PL1 1SB, United Kingdom",62011
1508,LITTLE STAR GAMES LIMITED,16517110,active,ltd,2025-06-13,,,"The White House, Greenalls Avenue, Warrington, WA4 6HL, England",62011
1509,LIVE RAIL GAMES LTD,16841954,active,ltd,2025-11-09,,,"8 Doves Croft, Tunstall, Sittingbourne, ME9 8LQ, England",58210; 62011; 62012; 74100
1510,LLAMASOFT LIMITED,05280637,active,ltd,2004-11-08,,,"Bryn Newydd, Pencader, Carmarthenshire, SA39 9HL",62090
1511,LMA PROPERTY INVESTMENTS LTD,04427883,active,ltd,2002-04-30,,"[{'ceased_on': '2023-07-25', 'effective_from': '2002-04-30', 'name': 'BLUE GFX LTD'}]","128 City Road, London, EC1V 2NX, United Kingdom",68209
1512,LMM AUTOMOTIVE LTD,12373048,active,ltd,2019-12-20,,"[{'ceased_on': '2025-09-26', 'effective_from': '2019-12-20', 'name': 'SKORPIO INTERACTIVE LTD'}]","The Old Dairy, North Bowood, Bridport, Dorset, DT6 5JH, United Kingdom",74100
1513,LOCATION GAMES LIMITED,09606827,active,ltd,2015-05-26,,,"23 Shackleton Court 2 Maritime Quay, London, E14 3QF, United Kingdom",62011
1514,LOCKBOX GAMES LIMITED,09869661,active,ltd,2015-11-12,,,"6 Stanley Street, Salford, M3 5GS, England",62011
1515,LOCKED IN GAMES YORK LIMITED,10908999,liquidation,ltd,2017-08-10,,,"The Waterscape 42 Leeds & Bradford Road, Leeds, West Yorkshire, LS5 3EG",62011
1516,LOCKTON COMPANIES LLP,OC353198,active,llp,2010-03-12,,,"The St Botolph Building, 138 Houndsditch, London, EC3A 7AG",
1517,LOCKWOOD PUBLISHING LIMITED,06242481,active,ltd,2007-05-10,,"[{'ceased_on': '2009-06-01', 'effective_from': '2007-05-10', 'name': 'INSIGNAGE LTD'}]","14 Park Row, Nottingham, NG1 6GR, United Kingdom",62090
1518,LO-FI GAMES LTD,07865212,active,ltd,2011-11-30,,,"Henleaze Business Centre, Harbury Road, Bristol, BS9 4PN, England",58210; 62011
1519,LONDON & PARTNERS LIMITED,07493460,active,private-limited-guarant-nsc,2011-01-14,,,"169 (London & Partners) Union Street, London, SE1 0LL, England",70210; 70229; 94990
1520,LONG PIG GAMES LTD,14010103,active,ltd,2022-03-29,,,"Lower Ground Floor Flat 2, 81a, Lansdowne Place, Hove, East Sussex, BN3 1FL, England",62011
1521,LOONY CODE LTD,12694808,active,ltd,2020-06-24,,,"71-75 Shelton Street, Covent Garden, London, WC2H 9JQ, United Kingdom",58210; 62011
1522,LOOPYMOOD LTD,16475312,active,ltd,2025-05-27,,,"Suite A, 82 James Carter Road, Mildenhall, IP28 7DE, United Kingdom",58210; 62011; 62090; 74100
1523,LORDUS LTD,17187327,active,ltd,2026-04-28,,,"17187327 - COMPANIES HOUSE DEFAULT ADDRESS, Cardiff, CF14 8LH",58210; 62011; 92000
1524,LOST FOREST GAMES LIMITED,09767482,active,ltd,2015-09-08,,,"Preston Park House, South Road, Brighton, East Sussex, BN1 6SB, United Kingdom",62011; 62090
1525,LOST GAMES LTD,17156541,active,ltd,2026-04-14,,,"4a Burton Villas, Hove, BN3 6FN, England",58210; 62011
1526,LOST TIGER STUDIO LTD,14781068,active,ltd,2023-04-04,,,"35 Jackson Road, Cardiff, CF5 4PW, Wales",58210; 62011
1527,LOTS OF BUGS STUDIOS LTD,17160303,active,ltd,2026-04-15,,,"Flat 536 Enigma Square 414 North Row, Milton Keynes, MK9 2GF, England",58210
1528,LOUQOU LTD,12908513,active,ltd,2020-09-28,,,"Preston Park House, South Road, Brighton, East Sussex, BN1 6SB, United Kingdom",62011
1529,LOVEWISH LIMITED,13711793,active,ltd,2021-10-29,,,"108 Princess Drive, York, YO26 5SY, England",58210; 62011; 90030
1530,LOVIERO DESIGN LTD,SC858270,active,ltd,2025-08-07,,,"Office 1210 3 Fitzroy Place, 1/1, Sauchiehall Street, Finnieston, Glasgow Central, G3 7RH, United Kingdom",62011; 62090; 63990; 74100
1531,LOWBURN GAMES LTD,11058220,active,ltd,2017-11-10,,,"Union House, 111 New Union Street, Coventry, CV1 2NT, England",58210; 62011
1532,LOW END GAMES LTD,11817152,active,ltd,2019-02-11,,,"115 115 Elmhurst Estate, Batheaston, Bath, BA1 7NR, United Kingdom",58210
1533,LOWIRO LIMITED,11305601,active,ltd,2018-04-12,,,"Elsley Court, 20-22 Great Titchfield Street, London, W1W 8BE, United Kingdom",58210
1534,LUCID ENTERTAINMENT GROUP LTD,12750278,active,ltd,2020-07-17,,,"4 Watkinson Street, Liverpool, L1 0AG, England",62011
1535,LUCID GAMES LIMITED,07497245,active,ltd,2011-01-19,,,"4 Watkinson Street, Liverpool, L1 0AG, England",62011
1536,LUCID PUBLISHING LTD,09728132,active,ltd,2015-08-11,,,"4 Watkinson Street, Liverpool, L1 0AG, England",62011
1537,LUCKORA INTERACTIVE LTD,17135480,active,ltd,2026-04-02,,,"International House, 10 Churchill Way, Cardiff, CF10 2HE, United Kingdom",58210; 62011
1538,LUCKY DECK GAMING LTD,16954008,active,ltd,2026-01-09,,,"124 City Road, London, EC1V 2NX, England",58210; 62011
1539,LUCKY DOG GAMES LIMITED,16148436,active,ltd,2024-12-23,,,"2 Victoria Villas, Ewald Road, London, SW6 3ND, United Kingdom",62011
1540,LUCKY GHOST GAMES LTD,14278983,active,ltd,2022-08-05,,,"Preston Park House, South Road, Brighton, East Sussex, BN1 6SB, United Kingdom",62011; 74100
1541,LUCKY STARS ENTERTAINMENT LTD,16589723,active,ltd,2025-07-17,,,"16589723 - COMPANIES HOUSE DEFAULT ADDRESS, Cardiff, CF14 8LH",62011; 85520; 93290
1542,LUDERE LABS LTD,16529296,active,ltd,2025-06-19,,,"128 City Road, London, EC1V 2NX, United Kingdom",58210; 62011; 62020; 62090
1543,LUCKY STAR 8 LTD,14759593,active,ltd,2023-03-27,,,"45 Albemarle Street, 3rd Floor, London, W1S 4JL, England",58210; 62011; 63120
1544,LUDI INFINITI LTD,17243507,active,ltd,2026-05-26,,,"Prime Apartments, 483 Green Lanes, London, N13 4FG, United Kingdom",58210; 62011
1545,LUDO LABORATORIES LTD,16965517,active,ltd,2026-01-15,,,"97 High Street, Lees, Oldham, OL4 4LY, England",58210; 62011
1546,LUDO GAMELABS LIMITED,NI726118,active,ltd,2025-02-07,,,"C/O Pixel Mill Ormeau Labs, 18 Ormeau Ave, Belfast, BT2 8HS, United Kingdom",58210; 62011
1547,LUDOMETRICS LTD,SC378885,active,ltd,2010-05-20,,,"13 Queen's Road, Aberdeen, AB15 4YL",58210
1548,LUDOPHORIA LTD,13710344,active,ltd,2021-10-28,,,"18 Plovers Field, Crowntown, Helston, TR13 0FA, England",62011
1549,LUMEN DIGITAL LTD.,10915175,active,ltd,2017-08-14,,,"44 Lakeside Gardens, Farnborough, Hants, GU14 9JG, United Kingdom",26400; 62011; 62012; 62090
1550,LUDUS GAMES LTD,17331322,active,ltd,2026-07-09,,,"67 Stanley Gardens Road, Teddington, TW11 8SY, United Kingdom",58210
1551,LUMIREX LTD,17327533,active,ltd,2026-07-08,,,"167 - 169 Great Portland Street, 5th Floor, London, W1W 5PF, England",58210; 62011; 62090
1552,LUMINOUS FLUX GAMES LTD,17054177,active,ltd,2026-02-25,,,"17 Ashfield Rise, Oakley, Aylesbury, HP18 9QA, England",58210; 62011; 90030
1553,LUNABOOT STUDIOS LTD,16214934,active,ltd,2025-01-28,,,"87 Cat Hill, Barnet, EN4 8HP, England",62011
1554,LUNAFY GAMES LTD,16668388,active,ltd,2025-08-22,,,"71-75 Shelton Street, Covent Garden, London, WC2H 9JQ, United Kingdom",47910; 58290; 62011
1555,LUNARIS GAMES LTD,12115334,active,ltd,2019-07-22,,,"41 Ty Isaf Park Avenue, Risca, Newport, NP11 6NB, Wales",58210
1556,LUNAR INTERACTIVE ARTS LTD,12044811,active,ltd,2019-06-11,,,"102 Lady Margaret Road, Flat D, London, N19 5EX, England",62011
1557,LUNAROCK STUDIOS LTD,17046863,active,ltd,2026-02-22,,,"324 Warrington Road, Glazebury, Warrington, WA3 5LB, England",58210; 62011
1558,LUNAR PLAY GAMES LTD,17206348,active,ltd,2026-05-08,,,"82a James Carter Road, Mildenhall Suffolk, IP28 7DE, United Kingdom",32401; 32409; 47910; 58210
1559,LUNAR SOFTWARE LTD,08213239,active,ltd,2012-09-13,,,"46 Princes Reach, Ashton-On-Ribble, Preston, Lancashire, PR2 2GA, England",62011
1560,LUNAVIRA LTD,16607618,active,ltd,2025-07-25,,,"128 City Road, London, EC1V 2NX, United Kingdom",58210; 62011; 62090; 63120
1561,LUPUS SOLUS STUDIO LIMITED,10089230,active,ltd,2016-03-29,,,"29 Ferguson Road 29 Ferguson Road, Blackpool, Lancashire, FY1 6RL, United Kingdom",62012
1562,LUSIADAS INTERACTIVE LTD,16580269,active,ltd,2025-07-14,,,"R4 53 Port Arthur Road, Nottingham, NG2 4GD, United Kingdom",58210
1563,LUTON & SON LIMITED,11332354,active,ltd,2018-04-27,,,"Charlton Baker Dean House, 94 Whiteladies Road, Clifton, Bristol, BS8 2QX, England",62020
1564,LYCHEE GAME LABS LTD,09875379,active,ltd,2015-11-17,,,"45 Kingfisher Drive, Hemel Hempstead, HP3 9DD, England",62011
1565,MACHA STUDIOS LTD,07474922,active,ltd,2010-12-21,,,"86 Priory Field Drive, Edgware, Middlesex, HA8 9PU",62011
1566,LYCHGATE STUDIOS LTD,SC882035,active,ltd,2026-03-11,,,"Third Floor 3 Hill Street, New Town, Edinburgh, EH2 3JP, United Kingdom",58210; 62011
1567,MACHINE STUDIOS LIMITED,09048691,active,ltd,2014-05-20,,,"7 Bell Yard, London, WC2A 2JR, England",47650
1568,MAD APPER STUDIOS LIMITED,14138266,active,ltd,2022-05-27,,,"B1 Vantage Business Park Old Gloucester Road, Hambrook, Bristol, BS16 1GW, England",62011
1569,MADBOOKSTUDIOS LTD,11588690,active,ltd,2018-09-26,,,"29 Hill Street, Reading, RG1 2NU, England",58210
1570,MADE WITH MONSTER LOVE LTD,09212544,active,ltd,2014-09-10,,"[{'ceased_on': '2021-03-24', 'effective_from': '2014-09-10', 'name': 'MADE WITH MONSTER LOVE UK LTD'}]","Preston Park House, South Road, Brighton, East Sussex, BN1 6SB, United Kingdom",62011
1571,MAD CRUSADER LTD,16736415,dissolved,ltd,2025-09-23,2026-08-18,,"86-90 Paul Street, London, Greater London, EC2A 4NE, England",58210; 59111; 59112; 62011
1572,MAD MAN GAMES LTD,12228652,dissolved,ltd,2019-09-26,2026-09-29,,"12228652 - COMPANIES HOUSE DEFAULT ADDRESS, Cardiff, CF14 8LH",58210
1573,MADMUNKI LTD,08021608,active,ltd,2012-04-05,,,"249 Wakefield Road, Bailiff Bridge, Brighouse, HD6 4DU, England",62011
1574,MAD FELLOWS LTD.,07609874,active,ltd,2011-04-19,,"[{'ceased_on': '2013-07-15', 'effective_from': '2011-04-19', 'name': 'LOUDON HENCH LIMITED'}]","111 Shrubland Street, Leamington Spa, Warwickshire, CV31 2AR",62011
1575,MADORIUM LIMITED,13943032,active,ltd,2022-02-28,,,"C/O Affect Group Simpsons Fm, Pentlow, Sudbury, CO10 7JT, England",58210; 62011
1576,MADOWL GAMES LTD,09962358,active,ltd,2016-01-21,,,"50 Foxley Close, Blackwater, Camberley, Surrey, GU17 0JZ, England",62011
1577,MAG GAMES LIMITED,08892692,active,ltd,2014-02-13,,"[{'ceased_on': '2017-05-11', 'effective_from': '2014-02-13', 'name': 'DELINQUENT INTERACTIVE LIMITED'}]","Bostel House First Floor, 37 West Street, Brighton, BN1 2RE, England",32409
1578,MADRUGA WORKS LIMITED,09712444,active,ltd,2015-07-31,,,"C/O Hilton Consulting Canalot Studios, 222 Kensal Road, London, W10 5BN, United Kingdom",58210
1579,MAGELLANIC GAMES LTD,11673839,active,ltd,2018-11-13,,,"71-75 Shelton Street, London, Greater London, WC2H 9JQ, United Kingdom",58210; 90030
1580,MAGENTA SOFTWARE LIMITED,07217950,active,ltd,2010-04-09,,,"13 Clinton Place, Liverpool, L12 7HB, England",82990
1581,MAGICAVE HOLDINGS LIMITED,13656896,active,ltd,2021-10-01,,,"167-169 Great Portland Street, London, W1W 5PF, England",62011
1582,MAGIC DREAM STUDIO LTD,16750789,active,ltd,2025-09-29,,,"71-75 Shelton Street, Covent Garden, London, WC2H 9JQ, United Kingdom",58210; 59111; 62011; 62090
1583,MAGIC PRODUCTIONS LTD,12175406,active,ltd,2019-08-27,,,"12 Hill Road, Codicote, Hitchin, Hertfordshire, SG4 8YH, United Kingdom",62011
1584,MAGIC NOTION LTD,08344968,active,ltd,2013-01-02,,,"Castle House, Castle Street, Guildford, Surrey, GU1 3UW, England",62012
1585,MAGMATIC GAMES LTD,07710599,active,ltd,2011-07-19,,"[{'ceased_on': '2021-02-01', 'effective_from': '2017-06-09', 'name': 'BRAVOCOMPANY LTD'}, {'ceased_on': '2017-06-09', 'effective_from': '2011-07-19', 'name': 'KOYOKI LIMITED'}]","1st Floor 8 Bridle Close, Kingston Upon Thames, Surrey, KT1 2JW, England",62012
1586,MAGIC TAVERN LTD,12802431,active,ltd,2020-08-10,,,"82a James Carter Road, Mildenhall, Bury St. Edmunds, IP28 7DE, England",62011; 62012; 63120; 63990
1587,MAGMAWORKS LTD,13370036,active,ltd,2021-04-30,,"[{'ceased_on': '2023-07-13', 'effective_from': '2021-04-30', 'name': 'RIPSTONE GAME STUDIOS (BIRMINGHAM) LTD'}]","5 Myrtle Street, Liverpool, L7 7DN, England",62011
1588,MAGNA LUDUM CREATIVES LTD,11208148,active,ltd,2018-02-15,,"[{'ceased_on': '2023-05-23', 'effective_from': '2018-02-15', 'name': 'MAX LOUIS CREATIVE LTD'}]","C/O Johnston Carmichael Birchin Court, 20 Birchin Lane, London, EC3V 9DU, England",58210; 62011; 73110
1589,MAGNETIC ARCADE LTD,11437053,active,ltd,2018-06-28,,,"Preston Park House, South Road, Brighton, East Sussex, BN1 6SB, United Kingdom",62011
1590,MAKE-A-WISH FOUNDATION UK.,02031836,active,private-limited-guarant-nsc,1986-06-26,,"[{'ceased_on': '1986-12-08', 'effective_from': '1986-06-26', 'name': 'MAKE-A-WISH FOUNDATION (UK)'}]","Thames Tower, 7th Floor, Station Road, Reading, Berkshire, RG1 1LX, England",96090
1591,MAGNETIC FLARE STUDIOS LTD,16763603,active,ltd,2025-10-05,,,"8 8 Bluebell Walk, Castle View Court, Eastbourne Road, Pevensey, East Sussex, BN24 6DB, England",58210
1592,MAHA INTERACTIVE LABS LTD,17226150,active,ltd,2026-05-18,,,"25 Mill Lane, Newbold Verdon, Leicester, Leicestershire, LE9 9PT, England",58210; 58290
1593,MAKE REAL LTD,04253279,active,ltd,2001-07-17,,"[{'ceased_on': '2019-01-03', 'effective_from': '2004-12-06', 'name': 'MAKE MEDIA LTD'}, {'ceased_on': '2004-12-06', 'effective_from': '2001-07-17', 'name': 'FLATEDGE LIMITED'}]","30-34 North Street, Hailsham, East Sussex, BN27 1DW",62090
1594,MAKINGAMES LTD,09139732,active,ltd,2014-07-21,,,"Sixth Floor Cavendish Building, 1 Agard Street, Derby, Derbyshire, DE1 1DZ, England",58210; 58290; 62011
1595,MAK STUDIOS LIMITED,07200028,active,ltd,2010-03-23,,,"30 Hillview Gardens, Upton-Upon-Severn, Worcester, Worcestershire, WR8 0QJ, England",58110; 58210; 58290; 62011
1596,MAMMOTH STUDIOS LTD,16209607,active,ltd,2025-01-27,,,"3 Harwood Cottages, Newbury, Gillingham, SP8 4QG, England",58210; 62011
1597,MAKING MOVES LONDON LIMITED,09274821,active,ltd,2014-10-22,,,"8 Devonshire Square, London, EC2M 4YJ, England",68310
1598,MALARKES ENTERTAINMENT LTD,13646038,active,ltd,2021-09-27,,,"10 Corvette Square, London, SE10 9NH, England",59113; 73120; 90020; 90030
1599,MALTIN PR LTD,07427503,active,ltd,2010-11-02,,"[{'ceased_on': '2018-05-22', 'effective_from': '2011-10-19', 'name': 'MALTIN PR LTD.'}, {'ceased_on': '2011-10-19', 'effective_from': '2010-11-02', 'name': 'THE WAY OF THE FUTURE LIMITED'}]","Princes House, 37 Kingsway, London, WC2B 6TP, England",82990
1600,MANAPIX INTERACTIVE LIMITED,16778560,active,ltd,2025-10-10,,,"22 Dennett Road, Prescot, L35 5EZ, England",58210
1601,MANDASQUARE LIMITED,14799067,dissolved,ltd,2023-04-13,2026-09-01,,"27 Old Gloucester Street, London, WC1N 3AX, United Kingdom",58110; 58210; 58290; 62011
1602,MANDELDUCK LTD.,09656795,active,ltd,2015-06-25,,,"Ebenezer House, Ryecroft, Newcastle, Staffordshire, ST5 2BE, England",62011
1603,MANDRILLUS MAXIMUS LTD,17308946,active,ltd,2026-06-30,,,"30 Marlborough Avenue, Flat 1, Hull, HU5 3JS, England",58210; 62011
1604,MANIA GAMES LIMITED,16718896,active,ltd,2025-09-15,,,"71-75 Shelton Street, Covent Garden, London, WC2H 9JQ, United Kingdom",58210; 62011; 62012
1605,MANIFEST WORLDWIDE LTD,17272555,active,ltd,2026-06-10,,,"135 Smallwood Road, London, SW17 0TU, United Kingdom",58210; 62011
1606,MANSOURA CONSULTING LTD,11983529,active,ltd,2019-05-08,,"[{'ceased_on': '2024-03-30', 'effective_from': '2019-05-08', 'name': 'MANSOURA MOBILE GAMES LTD'}]","16 Totton Road, Thornton Heath, CR7 7QR, England",66110
1607,MANNERING ENTERTAINMENT LIMITED,09318644,active,ltd,2014-11-19,,,"24 Nautilus Drive Minster On Sea, Sheerness, ME12 3NJ",62011
1608,MANTANOIR STUDIO LTD,16980062,active,ltd,2026-01-22,,,"Office 403 Screenworks 22 Highbury Grove, London, N5 2ER, United Kingdom",58210; 58290; 62011; 62020
1609,MAOGA LTD,16650055,active,ltd,2025-08-14,,,"128 City Road, London, EC1V 2NX, United Kingdom",58290; 62011; 62020
1610,MANY CATS STUDIOS CIC,11026811,active,private-limited-guarant-nsc,2017-10-23,,,"Rbw Classic Cars 23 Wandhills Ave, Skelton Industrial Estate, Skelton-In-Cleveland, Saltburn-By-The-Sea, TS12 2LQ, England",58210; 62020
1611,MARITZ STUDIOS LIMITED,14836354,dissolved,ltd,2023-05-01,2026-09-22,,"128 City Road, London, EC1V 2NX, United Kingdom",62011
1612,MARIONETTE STUDIOS LTD,07860732,active,ltd,2011-11-25,,,"56 Green End Road, East Morton, Keighley, West Yorkshire, BD20 5TS, United Kingdom",62011
1613,MARKMONITOR INTERNATIONAL LIMITED,04847541,active,ltd,2003-07-28,,,"28 Little Russell Street, London, England, WC1A 2HN, England",62090
1614,MASHED PIXELS LIMITED,16745534,active,ltd,2025-09-26,,,"20 Wenlock Road, London, N1 7GU, England",47910; 58210; 62011; 90030
1615,MARVELOUS EUROPE LIMITED,08013642,active,ltd,2012-03-30,,"[{'ceased_on': '2014-06-19', 'effective_from': '2012-03-30', 'name': 'MAQL EUROPE LIMITED'}]","C/O Eaton Smith Llp, 14 High Street, Huddersfield, West Yorkshire, HD1 2HA, England",58210
1616,MASH VIRTUAL INTERNATIONAL LIMITED,09986602,active,ltd,2016-02-04,,"[{'ceased_on': '2016-11-09', 'effective_from': '2016-02-04', 'name': 'MASH VIRTUAL LIMITED'}]","Mash Vritual International, Venture X Building 7, Chiswick Park, 566 Chiswick High Road, London, W4 5YG, United Kingdom",62011; 62090
1617,MASTERED STUDIOS LTD,11585221,active,ltd,2018-09-24,,"[{'ceased_on': '2019-06-10', 'effective_from': '2018-09-24', 'name': 'MASTERED ENTERPRISE LIMITED'}]","124 City Road, London, EC1V 2NX, England",85422; 85590
1618,MASSIVE MONSTER LIMITED,09272785,active,ltd,2014-10-21,,"[{'ceased_on': '2015-04-14', 'effective_from': '2014-10-21', 'name': 'BYTE TITANS LTD'}]","Suite 13, 5 Hercules Way Leavesden Park, Watford, Hertfordshire, WD25 7GS, United Kingdom",62011
1619,MATCHINGHAM GAMES LIMITED,12452205,active,ltd,2020-02-10,,,"Century House, First Floor, 24 De Montfort Street, Leicester, LE1 7GB, England",58290; 62011
1620,MATES ENTERTAINMENT LTD,16820716,active,ltd,2025-10-30,,,"71-75 Shelton Street, Covent Garden, London, WC2H 9JQ, United Kingdom",58290; 59132; 62011; 62012
1621,MATIQ INNOVATION STUDIO LTD,16938896,active,ltd,2026-01-02,,,"21 Archer Way, Enfield, EN2 8FW, England",58210; 62011; 74100; 93210
1622,MATMI NEW MEDIA DESIGN LTD,04142762,active,ltd,2001-01-17,,,"Office 158, 1 Silk House Park Gree, Macclesfield, Cheshire, SK11 7QJ, United Kingdom",62011; 74100
1623,MATTEL LIMITED,02687172,active,ltd,1992-02-13,,,"14a Watergate Arcade, Whitchurch, Shropshire, SY13 1DP",81229
1624,MATTERWORKS INTERACTIVE LTD,14183673,active,ltd,2022-06-20,,,"71-75 Shelton Street, Covent Garden, London, WC2H 9JQ, United Kingdom",62011
1625,MAVERICK GAMES LIMITED,14285167,active,ltd,2022-08-09,,,"2nd Floor, 55 Ludgate Hill, London, EC4M 7JW, United Kingdom",62011
1626,MAVERICK MEDIA LIMITED,03068959,active,ltd,1995-06-16,,"[{'ceased_on': '1995-10-04', 'effective_from': '1995-06-16', 'name': 'HALLSHIELD LIMITED'}]","4th Floor, 110 High Holborn, London, WC1V 6JS, England",73110
1627,MAYSALWARD UK LIMITED,10559399,active,ltd,2017-01-11,,,"11 Dormer Place Dormer Place, Leamington Spa, CV32 5AA, England",58210; 62011
1628,MAX ENT GAMES LIMITED,07113176,active,ltd,2009-12-29,,"[{'ceased_on': '2025-06-13', 'effective_from': '2009-12-29', 'name': 'MERGE GAMES LTD'}]","Willow Mere House 7 Compass Point Business Park, Stocks Bridge Way, St Ives, PE27 5JL, United Kingdom",58210
1629,MAXIMUM ENTERTAINMENT UK LIMITED,02955670,active,ltd,1994-08-04,,"[{'ceased_on': '2023-12-22', 'effective_from': '2016-05-04', 'name': 'MAXIMUM GAMES LIMITED'}, {'ceased_on': '2016-05-04', 'effective_from': '2008-04-10', 'name': 'AVANQUEST SOFTWARE PUBLISHING LTD'}, {'ceased_on': '2008-04-10', 'effective_from': '1995-05-01', 'name': 'GLOBAL SOFTWARE PUBLISHING LIMITED'}, {'ceased_on': '1995-05-01', 'effective_from': '1994-08-04', 'name': 'GST SOFTWARE PUBLISHING LIMITED '}]","Willow Mere House 7 Compass Point Business Park, Stocks Bridge Way, St. Ives, Cambridgeshire, PE27 5JL, England",58210
1630,MAZE THEORY GAMES STUDIO LTD,17177394,active,ltd,2026-04-23,,,"Beech Farmhouse, 34 Church Street, Cambridge, Cambridgeshire, CB22 7NR, United Kingdom",58210
1631,MAZORCA GAMES LTD,09567633,active,ltd,2015-04-29,,,"38 Ranmoor View 410 Fulwood Road, Sheffield, South Yorkshire, S10 3GG, England",62011
1632,MBC GAME STUDIO (UK) LIMITED,17024377,active,ltd,2026-02-10,,,"78 York Street, London, W1H 1DP, England",58210
1633,MCARTHUR GAMES LTD,SC708792,active,ltd,2021-09-07,,,"25a Lansdowne Cresent, Glasgow, G20 6NG",62011
1634,MEANING MACHINE GAMES LTD,16142915,active,ltd,2024-12-18,,,"Trym Lodge 1 Henbury Road, Westbury-On-Trym, Bristol, BS9 3HQ, England",62011
1635,MECHABIT LTD,08349181,active,ltd,2013-01-07,,,"Flat 41 St. Annes Court, St. Anne Street, Liverpool, Merseyside, L3 3JP",62011
1636,MEDIA MOLECULE LIMITED,05665849,active,ltd,2006-01-04,,,"10 Great Marlborough Street, London, W1F 7LP",62090
1637,MEDIATONIC LIMITED,05565220,active,ltd,2005-09-15,,,"C/O Shepherd And Wedderburn Llp, 1-6 Lombard Street, London, EC3V 9AA, England",62011
1638,MEGACREEP LTD,14484417,active,ltd,2022-11-15,,,"2nd Floor College House, 17 King Edwards Road,, Ruislip,, London,, HA4 7AE, United Kingdom",58210; 62011; 62090; 96090
1639,MELSOFT LIMITED,08432787,active,ltd,2013-03-06,,,"20 - 22 Wenlock Road, London, N1 7GU, England",62012; 62020; 63120
1640,MENZIES LLP,OC336077,active,llp,2008-04-01,,,"4th Floor 95 Gresham Street, London, EC2V 7AB, England",
1641,MERCHANT GAMES LTD.,10296786,active,ltd,2016-07-26,,,"66 Hawley Road, Dartford, Kent, DA1 1PA, United Kingdom",58210
1642,MERA INTERACTIVE LIMITED,16505481,dissolved,ltd,2025-06-09,2026-08-04,,"7 Coronation Road, Dephna House, Launchese, London, NW10 7PQ, United Kingdom",58210
1643,MERCIA FUND MANAGEMENT LIMITED,06973399,active,ltd,2009-07-27,,,"Forward House, 17 High Street, Henley-In-Arden, Warwickshire, B95 5AA",66300
1644,MERSEY PIXEL LTD,16712679,active,ltd,2025-09-11,,,"5 The Paddock, Elton, Chester, CH2 4PT, United Kingdom",58290; 62011; 62012
1645,MERZANT STUDIOS LIMITED,16394256,active,ltd,2025-04-17,,,"7 St John Street, Mansfield, Nottinghamshire, NG18 1QH, United Kingdom",62011
1646,MERTUXA GAMES LTD,16536806,dissolved,ltd,2025-06-23,2026-09-22,,"71-75 Shelton Street, Covent Garden, London, WC2H 9JQ, United Kingdom",58210; 62011
1647,METACLUB INTERACTIVE LTD,17309031,active,ltd,2026-06-30,,,"Apartment 1 Stirling House 21-25 Station Lane, Hornchurch, RM12 6JL, England",62011
1648,METAGRAVITY STUDIO LIMITED,13735761,active,ltd,2021-11-10,,"[{'ceased_on': '2022-01-10', 'effective_from': '2021-11-10', 'name': 'NETHERVERSE LIMITED'}]","The Union Building, 51-59 Rose Lane, Norwich, NR1 1BY, England",58210; 62011
1649,METAL NUGGET STUDIOS LTD,17228433,active,ltd,2026-05-19,,,"Lytchett House 13 Freeland Park, Wareham Road, Poole, Dorset, BH16 6FA, United Kingdom",58210; 62011
1650,METAVERSE LTD,12734491,active,ltd,2020-07-10,,,"35/37 Ludgate Hill, London, EC4M 7JN, United Kingdom",62011
1651,METROPOLIS ENTERTAINMENT LIMITED,06389694,active,ltd,2007-10-04,,,"Ansty House, Henfield Road, Small Dole, West Sussex, BN5 9XH",62011
1652,METEORIC GAMES LTD,07868661,active,ltd,2011-12-02,,"[{'ceased_on': '2013-12-16', 'effective_from': '2013-07-04', 'name': 'GREYMERE CONSULTING LIMITED'}, {'ceased_on': '2013-07-04', 'effective_from': '2011-12-02', 'name': 'FLIP FLOP SHACK LTD'}]","31 29 Eugene Way, Eastbourne, East Sussex, BN23 5BH",47910
1653,METHUSELAH INTERACTIVE LTD,14875624,active,ltd,2023-05-17,,,"13 Maes Afallen, Bow Street, Sir Ceredigion, SY24 5BL, United Kingdom",62011
1654,METROTEXT LIMITED,16905638,active,ltd,2025-12-12,,,"1 Coldbath Square, London, EC1R 5HL, England",58210; 62011
1655,"ME, WE STUDIOS LIMITED",07108571,active,ltd,2009-12-18,,"[{'ceased_on': '2012-05-25', 'effective_from': '2009-12-18', 'name': ""IT'S ALL IN THE GAME BABY LIMITED""}]","Lancelot House, 1-3 Upper King Street, Leicester, LE1 6XF, England",62011; 62012; 62020
1656,MEZUNDA LTD,13271457,active,ltd,2021-03-16,,,"71-75 Shelton Street, London, Greater London, WC2H 9JQ, United Kingdom",58210; 58290; 62011; 63110
1657,MEZTEK LTD,12729872,active,ltd,2020-07-08,,,"135 Springfield Avenue, Banbury, OX16 9JE, England",58210; 62011
1658,MFK STUDIOS LTD,17060159,active,ltd,2026-02-27,,,"54 Suffolk Court, Deepcut, Camberley, GU16 6GR, England",58210
1659,MIB GLOBAL LIMITED,12471313,active,ltd,2020-02-19,,"[{'ceased_on': '2020-07-19', 'effective_from': '2020-02-19', 'name': 'SKILL ATHLETIC LIMITED'}]","327-331 London Road, Hadleigh, Benfleet, Essex, SS7 2BT, England",62011
1660,MICRO CODING LTD,16756100,active,ltd,2025-10-01,,,"61 Bridge Street, Kington, Herefordshire, HR5 3DJ, United Kingdom",58290; 62011
1661,MICROFACET GAMES LTD,16907780,active,ltd,2025-12-12,,,"20 Wenlock Road, London, N1 7GU, England",58210
1662,MICROSOFT LIMITED,01624297,active,ltd,1982-03-24,,"[{'ceased_on': '1983-06-16', 'effective_from': '1982-05-25', 'name': 'MICROSOFT EUROPE LIMITED'}, {'ceased_on': '1982-05-25', 'effective_from': '1982-03-24', 'name': 'DIALMAIN LIMITED'}]","Microsoft Campus, Thames Valley Park, Reading, Berkshire, RG6 1WG",62020
1663,MICROWAVE GAMES LTD,17132338,active,ltd,2026-04-01,,,"141 Sanctuary Way, Grimsby, DN37 9RX, England",58210; 62011
1664,MIDASPLAYER.COM LTD.,04534247,active,ltd,2002-09-13,,"[{'ceased_on': '2003-04-09', 'effective_from': '2003-03-23', 'name': 'MIDASPLAYER LTD.'}, {'ceased_on': '2003-03-23', 'effective_from': '2002-09-13', 'name': 'SPRAY VENTURES LTD'}]","The Ampersand Building, 178 Wardour Street, London, W1F 8FY, England",62090
1665,MIDNIGHT FORGE LTD,14780127,active,ltd,2023-04-04,,,"24a Haddon Road, Leamington Spa, CV32 7QX, England",58210; 62011
1666,MIDOKI LIMITED,07882357,active,ltd,2011-12-14,,,"32 Jessops Riverside, Brightside Lane, Sheffield, S9 2RX, England",62011
1667,MIGHTY KIND STUDIOS LTD,16841026,active,ltd,2025-11-08,,,"3rd Floor, 86-90 Paul Street, London, EC2A 4NE, England",59112; 62011; 90030
1668,MIGHTY MINDS GAMES LTD,17130355,active,ltd,2026-04-01,,,"66 Paul Street, London, EC2A 4NA, England",58210; 62011
1669,MIKAVERSE ENTERTAINMENT LTD,SC755415,active,ltd,2023-01-16,,,"R91 152 Sinclair Drive, Glasgow, G42 9SF, Scotland",58210; 59111; 59200; 62011
1670,MILDLY PROFESSIONAL LTD,11832525,active,ltd,2019-02-18,,,"3 Church Court, Solihull Road, Hampton In Arden, B92 0EX, England",62011
1671,MIKE BITHELL GAMES LIMITED,08395628,active,ltd,2013-02-08,,,"C/O Affect Group Simpsons Farm, Pentlow, Sudbury, Suffolk, CO10 7JT, England",58210
1672,MILD PANIC GAMES LTD,16704387,active,ltd,2025-09-09,,"[{'ceased_on': '2026-03-23', 'effective_from': '2025-09-09', 'name': 'MILD PANIC LTD'}]","3 Brenchley Road, Matfield, Tonbridge, TN12 7BZ, England",58210
1673,MILKY TEA LIMITED,05771167,active,ltd,2006-04-05,,,"Studio J Baltic Creative Campus, 49 Jamaica Street, Liverpool, L1 0AH, England",59111; 62011
1674,MIMESIS STUDIOS LTD,12768442,active,ltd,2020-07-27,,,"27 Old Gloucester Street, London, WC1N 3AX, England",62011
1675,MIND CANDY LIMITED,05119483,active,ltd,2004-05-05,,,"6th Floor 2 London Wall Place, London, EC2Y 5AU, United Kingdom",47910; 58210; 59200; 62011
1676,MIMRAM MEDIA LIMITED,08991902,active,ltd,2014-04-11,,,"Building 15 Gateway 1000, Arlington Business Park, Stevenage, Hertfordshire, SG1 2FP, United Kingdom",73120
1677,MIND FEAST GAMES LTD,12974695,active,ltd,2020-10-26,,,"30 Ferris Town, Truro, TR1 3JJ, England",58210; 62011
1678,MIND FITNESS LEARNING LTD,10716446,active,ltd,2017-04-08,,,"13 Hursley Road, Chandler's Ford, Eastleigh, Hampshire, SO53 2FW, England",85590; 86900
1679,MINDFUEL GAMES LIMITED,16314096,active,ltd,2025-03-13,,,"2 Church Lane, Cossall, Nottingham, Nottinghamshire, NG16 2RW, United Kingdom",58210; 62011
1680,MIND PUMP GAMES LTD,08549394,active,ltd,2013-05-30,,,"4 Monks Rest, Monkhide, Ledbury, HR8 2WH, United Kingdom",58210
1681,MINDQUEST GAMES LTD,16777500,active,ltd,2025-10-10,,,"1 Grange Road, Stourbridge, DY9 7LE, England",58210; 58290; 62011; 62012
1682,MINDSCAPE LIMITED,03713107,active,ltd,1999-02-12,,,"45 Butland Avenue, Preston, Paignton, Devon, TQ3 2RH",86900
1683,MINEPARTY STUDIOS LTD,16310171,active,ltd,2025-03-12,,,"71-75 Shelton Street, Covent Garden, London, WC2H 9JQ, United Kingdom",58210; 58290; 90030
1684,MIND THE GREASE GAMES LTD,16908475,active,ltd,2025-12-13,,,"14 Carlton Avenue, Narborough, Leicester, LE19 2DE, England",62011
1685,MINERVA STUDIO LTD,17280941,active,ltd,2026-06-18,,,"Unit 7 Monsall Road, Manchester, M40 8WN, United Kingdom",58210; 62011
1686,MINICLIP (UK) LIMITED,06432709,active,ltd,2007-11-21,,"[{'ceased_on': '2009-01-28', 'effective_from': '2007-11-21', 'name': 'DIAMOND GAMES LIMITED'}]","2nd Floor, Bureau, 90 Fetter Lane, London, EC4A 1EN, England",62011; 62090
1687,MINSKWORKS LIMITED,09263867,active,ltd,2014-10-14,,,"7 Victoria Road, Tamworth, B79 7HS, England",62011
1688,MINT ARCADE LTD,08692760,active,ltd,2013-09-17,,,"33 Beech Mount, Leeds, LS9 6QT",58210; 62012; 62020; 62090
1689,MI PIXEL LTD,13677851,active,ltd,2021-10-13,,,"Unit 7a Radford Crescent, Billericay, Essex, CM12 0DU, England",58210
1690,MINT GAMES LTD,09062781,dissolved,ltd,2014-05-29,2026-08-04,,"Enterprise House The Courtyard, Old Court House Road, Bromborough, Wirral, CH62 4UE, England",58210
1691,MIRACLE TEA STUDIOS LTD,10417309,active,ltd,2016-10-07,,,"2 Falklands Road, Haverhill, Suffolk, CB9 0EA, England",58210
1692,MIRA MUNDI LTD,16590007,active,ltd,2025-07-17,,,"53 Nelson Road, London, N8 9RS, England",58290; 62011
1693,MISHCON DE REYA LLP,OC399969,active,llp,2015-05-18,,,"Africa House, 70 Kingsway, London, WC2B 6AH, England",
1694,MISSION CONTROL GAMES LIMITED,16753181,active,ltd,2025-09-30,,,"71-75 Shelton Street, London, WC2H 9JQ, United Kingdom",58210
1695,MIXOGAMES LTD.,09338574,active,ltd,2014-12-03,,,"Hova House, 1 Hova Villas, Brighton & Hove, BN3 3DH",62011
1696,MISTRAL ENTERTAINMENT LIMITED,06533356,active,ltd,2008-03-13,,,"32 Jessops Riverside 800 Brightside Lane, Sheffield, South Yorkshire, S9 2RX",62011
1697,MIXR STUDIOS LIMITED,10598740,active,ltd,2017-02-03,,,"4 Goodman Street, Goodman Street, London, E1 8BF, England",62011
1698,MMO GAMES APP LTD,12328024,active,ltd,2019-11-22,,,"41 Devonshire Street Ground Floor Office 1, London, W1G 7AJ, United Kingdom",62011
1699,MOBILE APPS LTD,07532847,active,ltd,2011-02-17,,,"51 Handsworth Road, London, N17 6DB, England",73110
1700,MOBILEFUSION APPS LTD,10091100,active,ltd,2016-03-30,,,"28 The Grove, Barham, Canterbury, Kent, CT4 6PP, United Kingdom",62011
1701,MOBILE GAMING STUDIOS LIMITED,08324771,active,ltd,2012-12-10,,,"90 Fetter Lane 90 Fetter Lane, 2nd Floor, Bureau,, London, EC4A 1EN, England",62011
1702,MOBILE PIE LIMITED,05557026,active,ltd,2005-09-07,,"[{'ceased_on': '2008-04-10', 'effective_from': '2005-09-07', 'name': 'SPORTTALK LTD'}]","First Floor Lewins House, Narrow Lewins Mead, Bristol, BS1 2NN",58210
1703,MOBIMI GAMES LTD,10569045,active,ltd,2017-01-17,,,"19 Gelliwastad Road, Pontypridd, Mid Glamorgan, CF37 2BW, Wales",62011
1704,MODE 7 LIMITED,04879718,active,ltd,2003-08-28,,,"Simpsons Farm, Pentlow, Sudbury, CO10 7JT, England",62011
1705,MODERN DREAM LIMITED,08697827,active,ltd,2013-09-19,,,"7 Bell Yard, London, WC2A 2JR, England",62011
1706,MODERN WOLF LIMITED,11956982,active,ltd,2019-04-23,,,"167-169 Great Portland Street, London, W1W 5PF, England",58210
1707,MODNYVR LTD,16546064,active,ltd,2025-06-27,,,"Redfern Offices Hay Hall Business Park, Redfern Road, Birmingham, B11 2BE, England",58210; 62011
1708,MODNYVR-OPHTHALMIC LTD,16556074,active,ltd,2025-07-02,,,"Redfern Offices Hay Hall Business Park, Redfern Road, Birmingham, B11 2BE, England",58210; 62011
1709,MODUX STUDIOS LTD,10162692,active,ltd,2016-05-04,,,"10 London Mews, Paddington, London, W2 1HY, United Kingdom",62011
1710,MOERU AI LTD,16896930,active,ltd,2025-12-08,,,"128 City Road, London, EC1V 2NX, United Kingdom",58210; 58290; 62011; 63110
1711,MOJIWORKS LIMITED,10324569,active,ltd,2016-08-11,,,"International House, 64 Nile Street, London, N1 7SR, England",62012
1712,MOHACI STUDIOS LIMITED,16555096,active,ltd,2025-07-01,,,"421 Scarborough Avenue, Stevenage, SG1 2QA, England",62011
1713,MOJIWORKS ONE LIMITED,10638992,active,ltd,2017-02-24,,,"International House, 64 Nile Street, London, N1 7SR, England",58210; 62011
1714,MOJO BONES LTD,07704741,active,ltd,2011-07-14,,,"Airport House, Purley Way, Croydon, Surrey, CR0 0XZ",62011
1715,MOJO SOFT LTD,11300919,active,ltd,2018-04-10,,,"15 Ebers Grove, Mapperley Park, Nottingham, NG3 5EA, England",62011
1716,MONETE LTD,10714771,active,ltd,2017-04-07,,,"5th Floor North Side, 7/10 Chandos Street, Cavendish Square, London, W1G 9DQ, United Kingdom",58210; 62011; 63120; 73110
1717,MONSTER AND MONSTER LIMITED,07586638,active,ltd,2011-03-31,,,"2 Highlands Court Cranmore Avenue, Shirley, Solihull, West Midlands, B90 4LE, England",62011
1718,MONOLITH INTERACTIVE LTD,16927353,active,ltd,2025-12-22,,,"71-75 Shelton Street, Covent Garden, London, WC2H 9JQ, United Kingdom",58210; 62011; 62012
1719,MONTEBEARO LIMITED,11852357,active,ltd,2019-02-28,,,"20 Eversley Road, Bexhill On Sea, East Sussex, TN40 1HE, England",58210
1720,MONTEITH PARTNERS EUROPE LTD,11995664,active,ltd,2019-05-14,,,"5 Brayford Square, London, E1 0SG, England",74909
1721,MONTGO STUDIOS LTD,16524877,dissolved,ltd,2025-06-17,2026-09-29,,"36 Middle Walk Middle Walk, Woking, Surrey, GU21 6XT, England",58210
1722,MOODA ENTERTAINMENT LTD,11298660,active,ltd,2018-04-09,,,"Cally Factory, 326 Caledonian Road, London, N1 1BB, England",59111; 59113; 62011; 90030
1723,MOONBEAR LTD,09982192,active,ltd,2016-02-02,,,"Venture X, One Ariel Way, London, W12 7SL, England",58210
1724,MOONBIT LTD,12308178,active,ltd,2019-11-11,,,"7 Savoy Court, London, WC2R 0EX, United Kingdom",58210
1725,MOONHEAD GAMES LTD,16512652,active,ltd,2025-06-11,,,"22 St. Martins Drive, Tipton, DY4 8TT, England",58210; 62011
1726,MOONCALL GAMES LTD,14794855,active,ltd,2023-04-12,,,"11 Old Bond Street, 11 Old Bond Street, London, W1S 4PN, England",62011
1727,MOON BOI STUDIOS LTD,14095864,active,ltd,2022-05-09,,,"55 Sudbury Heights Avenue, Greenford, UB6 0ND, England",62011; 70229
1728,MOONPOD LIMITED,04755102,active,ltd,2003-05-06,,,"7 Glencroft Dobbin Hill, Sheffield, S11 7JB, England",62011
1729,MOON ROCKET GAMES LIMITED,08950590,active,ltd,2014-03-20,,,"28 St. Marys Close, Newton Flotman, Norwich, NR15 1AH, England",62011
1730,MOONSHINE STUDIOS LTD,11407999,active,ltd,2018-06-11,,,"Air Building, Penryn Campus, Penryn, Cornwall, TR10 9FE, United Kingdom",58210
1731,MORDANT VOID LIMITED,10884820,active,ltd,2017-07-26,,,"50 Wricklemarsh Road, London, SE3 8DS, United Kingdom",58210; 62011
1732,MOORE KINGSTON SMITH LLP,OC317343,active,llp,2006-01-23,,"[{'ceased_on': '2019-09-09', 'effective_from': '2006-01-23', 'name': 'KINGSTON SMITH LLP'}]","6th Floor 9 Appold Street, London, EC2A 2AP, United Kingdom",
1733,MOOSE & PIE STUDIOS LTD,16865399,active,ltd,2025-11-19,,,"23 The Piazza, Eastbourne, BN23 5TG, England",58210
1734,MORE FUN WITH GAMES LIMITED,SC744795,active,ltd,2022-09-20,,,"Summit House, 4-5 Mitchell Street, Edinburgh, Lothian, EH6 7BD, Scotland",62011
1735,MORROWMOSS STUDIOS LTD,16946894,active,ltd,2026-01-06,,,"65 Beeches Avenue, Carshalton, SM5 3LJ, England",58210
1736,MOTIVETIME LIMITED,02278356,active,ltd,1988-07-19,,,"49 Sandfield Meadow, Lichfield, WS13 6NH, United Kingdom",58210
1737,MOXIE OPS LTD,15333260,active,ltd,2023-12-06,,,"3rd Floor 86-90 Paul Street, London, EC2A 4NE, United Kingdom",70229
1738,MOULDY TOOF STUDIOS LIMITED,09256933,active,ltd,2014-10-09,,"[{'ceased_on': '2025-01-31', 'effective_from': '2025-01-20', 'name': 'EVERPLAY GROUP LIMITED'}, {'ceased_on': '2025-01-20', 'effective_from': '2014-10-09', 'name': 'MOULDY TOOF STUDIOS LIMITED'}]","3 Red Hall Avenue, Paragon Business Park, Wakefield, WF1 2UL, England",99999
1739,MPOUND LTD.,16500769,active,ltd,2025-06-06,,,"Suite 302 4 Station Square, Cambridge, CB1 2GE, England",58290; 62011; 62020; 73110
1740,MRA GAMING LIMITED,17339482,active,ltd,2026-07-14,,,"25 B Craven Court, Stanhope Road, Camberley, Surrey, GU15 3DW, United Kingdom",58210; 62011; 93290
1741,MR RABBIT GAMES LTD,16655521,active,ltd,2025-08-18,,,"71-75 Shelton Street, London, WC2H 9JQ, England",58210
1742,MR QWAK LIMITED,07999948,active,ltd,2012-03-21,,,"5 Hollinsend Road, Sheffield, S12 2EA",58210; 62011
1743,MURDEROUS PURSUITS GAME LTD,SC485667,active,ltd,2014-09-02,,"[{'ceased_on': '2019-07-01', 'effective_from': '2014-09-02', 'name': 'THE SHIP GAME LTD'}]","101 Portman Street, 1st Floor, Glasgow, G41 1EJ, Scotland",58210
1744,MUFFIN GAMES LIMITED,07503633,active,ltd,2011-01-24,,,"4 Watkinson Street, Liverpool, L1 0AG, England",62011
1745,MURMURATION GAMES LTD,17347700,active,ltd,2026-07-20,,,"24 Matlock Road, Brighton, BN1 5BF, England",58210
1746,MUSHICAP GAMES LTD,SC858883,active,ltd,2025-08-13,,,"56 Park Road, Rosyth, Dunfermline, KY11 2PA, Scotland",58210
1747,MUTANT LABS LIMITED,06989755,active,ltd,2009-08-13,,,"Unit 10 Residence 2 Royal William Yard, Plymouth, Devon, PL1 3RP, England",62090
1748,MUSTA'S GAMES LIMITED,16480634,active,ltd,2025-05-28,,,"94 Glebe Street, Walsall, WS1 3NU, England",58210
1749,MUTERRA LTD,17288867,active,ltd,2026-06-19,,,"128 City Road, London, EC1V 2NX, United Kingdom",58210; 59112; 62011; 90030
1750,MYRIAD ASSOCIATES LTD,06638267,active,ltd,2008-07-04,,,"108 Stanley Road, Manchester, Lancashire, M16 9DH",62012; 68100
1751,MUTLU GAMES LTD,16445800,active,ltd,2025-05-12,,,"3 Alton Street, London, E14 6BZ, England",58210
1752,MYRRORS GAMING LTD,17345233,active,ltd,2026-07-17,,,"71-75 Shelton Street, Covent Garden, London, WC2H 9JQ, United Kingdom",58210; 62011
1753,MYTHBYTE STUDIOS LTD,16550852,active,ltd,2025-06-30,,,"31 Caldwell Avenue, Tyldesley, Manchester, M29 7EA, England",58210; 58290
1754,MY TEAMS.CLUB LTD,12974258,active,ltd,2020-10-26,,,"Unit 26, Soda Studios, 268 Kingsland Road, London, E8 4BH, England",58210; 62011; 93120
1755,MYTHICAL GAMES UK LTD,09041146,active,ltd,2014-05-15,,"[{'ceased_on': '2022-02-15', 'effective_from': '2014-05-15', 'name': 'ELEKTRAGLIDE LTD'}]","Ground Floor, 26 Stroudley Road, Brighton, East Sussex, BN1 4BH, England",58210
1756,MYXA LIMITED,09293252,active,ltd,2014-11-03,,,"2nd Floor The Lexicon, 10-12 Mount Street, Manchester, M2 5NT, England",62011
1757,NAMO GAMES LTD,SC463599,active,ltd,2013-11-12,,,"181a Strathmartine Road, Dundee, DD3 8BL",62011
1758,NAMSU 1908 STUDIOS LTD,16657484,active,ltd,2025-08-18,,,"Suite Ra01 195-197 Wood Street, London, E17 3NU, England",62011
1759,NANNY GOAT GAMES LTD,10774123,active,ltd,2017-05-16,,,"26 St. Catherines Court, Ipswich, Suffolk, IP2 9DF, England",62011
1760,NARROW STREET STUDIOS LTD,09222225,active,ltd,2014-09-17,,,"Flat 10 12 Narrow Street, London, E14 8DH, England",62011
1761,NATIONAL INSECURITIES LIMITED,11236053,dissolved,ltd,2018-03-06,2026-08-04,,"24 Tweedsmuir Road, Cardiff, Wales, CF24 2RD, United Kingdom",62011
1762,NATURAL COMMUNICATIONS LTD,04993195,active,ltd,2003-12-11,,,"73b Crouch Hill, London, N4 4AJ",62090
1763,NATIONAL STUDENT ESPORTS LIMITED,10907331,active,ltd,2017-08-09,,"[{'ceased_on': '2018-12-19', 'effective_from': '2017-08-09', 'name': 'BENCHMARK ESPORTS LIMITED'}]","The Place, Athenaeum Street, Sunderland, SR1 1QX, England",93199
1764,NATURALMOTION GAMES LIMITED,05973612,active,ltd,2006-10-20,,,"7 Savoy Court, London, WC2R 0EX, United Kingdom",62011
1765,NATURALMOTION SOFTWARE LIMITED,05534049,active,ltd,2005-08-11,,,"7 Savoy Court, London, WC2R 0EX, United Kingdom",62020
1766,NATURALMOTION LIMITED,04304578,active,ltd,2001-10-15,,,"7 Savoy Court, London, WC2R 0EX, United Kingdom",62020
1767,N-BODY SOLUTIONS LTD,10811850,active,ltd,2017-06-09,,,"71-75 Shelton Street, Covent Garden, London, WC2H 9JQ, United Kingdom",62011
1768,NC EUROPE LIMITED,05165702,active,ltd,2004-06-29,,"[{'ceased_on': '2026-07-03', 'effective_from': '2004-06-29', 'name': 'NCSOFT EUROPE LIMITED'}]","2 Leman Street, London, E1W 9US, United Kingdom",62090
1769,NDEMIC CREATIONS LTD,07928565,active,ltd,2012-01-30,,,"C/O Expertax Limited, 42-44 Clarendon Road, Watford, Hertfordshire, WD17 1JJ, United Kingdom",62012
1770,NEBUCHADNEZZAR GAMES LTD,17049681,active,ltd,2026-02-24,,,"71-75 Shelton Street, Covent Garden, London, WC2H 9JQ, United Kingdom",58210; 62011
1771,NDREAMS LIMITED,04362105,active,ltd,2002-01-28,,,"Unit Efg, 4th Floor, Zetland House, Scrutton Street, London, EC2A 4HJ, England",58210; 62011; 62012
1772,NEAR LIGHT LIMITED,10287794,active,ltd,2016-07-20,,,"Unit Efg, 4th Floor, Zetland House, Scrutton Street, London, EC2A 4HJ, England",62011; 62012
1773,NEBULA GAMES LTD,11804499,active,ltd,2019-02-04,,,"Criccieth House Ironbridge Road, Madeley, Telford, TF7 5NN, United Kingdom",58210
1774,NE GAMES LTD,13211167,active,ltd,2021-02-18,,"[{'ceased_on': '2021-08-23', 'effective_from': '2021-02-18', 'name': 'THE NEVER ENDING GAME LTD'}]","Richmond House, Lawnswood Business Park, Redvers Close, Leeds, LS16 6QY, England",47990; 58210; 62011; 62090
1775,NEKIFO LTD,13333223,active,ltd,2021-04-14,,,"12 Buckton Road, Borehamwood, WD6 4HN, United Kingdom",58210; 59112; 62011; 90030
1776,NEKONYAN LTD,10729116,active,ltd,2017-04-19,,,"Pandle House, 70 Grange Road East, Birkenhead, CH41 5FE, United Kingdom",58210; 74300
1777,NEMEAN TALE STUDIOS LIMITED,11291904,active,ltd,2018-04-04,,,"Fairfields Carlton Road, South Godstone, Godstone, RH9 8LG, England",62011
1778,NEO CRYSTAL GAMES LTD,12557693,active,ltd,2020-04-15,,,"9 Arden Court, Dover Street, Canterbury, CT1 3HB, England",59112; 62011
1779,NEON GOBLIN GAMES LIMITED,17200002,active,ltd,2026-05-05,,,"44 Daphne Grove, Peterborough, PE2 8SE, England",58210
1780,NEQUINOX STUDIOS LTD.,09407408,active,ltd,2015-01-27,,,"Kingston House, Manchester Road, Hyde, SK14 2BZ, England",62011
1781,NEONNOVA STUDIOS LTD,16989773,active,ltd,2026-01-27,,"[{'ceased_on': '2026-04-09', 'effective_from': '2026-01-27', 'name': 'SHARK MEDIA GROUP LTD'}]","5 Bromley Road, Colchester, CO4 3JE, England",47910; 58110; 58210
1782,NERDYBIRD STUDIOS LTD,12320689,active,ltd,2019-11-18,,,"Office 9, Dalton House, 60 Windsor Avenue, London, SW19 2RR, United Kingdom",62011
1783,NERIAL LTD,10103578,active,ltd,2016-04-05,,,"Preston Park House, South Road, Brighton, East Sussex, BN1 6SB, United Kingdom",58210
1784,NERO J LIMITED,NI676411,active,ltd,2021-02-11,,"[{'ceased_on': '2025-05-29', 'effective_from': '2021-02-11', 'name': 'DJ NERO PRODUCTION & ENTERTAINMENT LTD'}]","38 Rowan Drive, Dunmurry, Belfast, BT17 9QA, Northern Ireland",62011
1785,NESHOOO LTD,16448089,active,ltd,2025-05-13,,,"128 City Road, London, EC1V 2NX, United Kingdom",58290; 62011
1786,NETSPEAK GAMES DEVELOPMENT LTD,12800835,active,ltd,2020-08-10,,,"66 Paul Street, London, EC2A 4NA, England",62011
1787,NETDEVO LIMITED,05901124,active,ltd,2006-08-09,,,"124 City Road City Road, London, EC1V 2NX, England",62011
1788,NETSPEAK GAMES LTD,11862950,active,ltd,2019-03-05,,,"66 Paul Street, London, EC2A 4NA, England",62011; 62020
1789,NEURAL NARRATIVES LTD,14744593,active,ltd,2023-03-21,,,"98 Grove Street, Leek, ST13 8DU, England",58210; 62011
1790,NEURO NOVA BAD DOG STUDIOS LIMITED,16763066,active,ltd,2025-10-04,,,"92 Malling Road, Snodland, ME6 5ND, England",58210; 59112; 62011; 90030
1791,NEVERLAND DIGITAL ENTERTAINMENT LTD.,13167762,active,ltd,2021-01-29,,"[{'ceased_on': '2021-09-21', 'effective_from': '2021-01-29', 'name': 'LIONGOD GROUP LIMITED'}]","7 Foundry House, Bull Ring, Nuneaton, CV10 7FG, England",58210; 62011
1792,NEURALWAVES INTERACTIVE LTD,17221215,active,ltd,2026-05-14,,,"International House, 307 Cotton Exchange, Old Hall Street, Liverpool, L3 9LQ, United Kingdom",58210; 62011; 63990
1793,NEVERBREEZE STUDIOS LTD,16793115,active,ltd,2025-10-17,,,"Unit 13 Freeland Park Wareham Road, Lytchett Matravers, Poole, BH16 6FA, England",58210; 62011
1794,NEVERSLEEP GAMES LTD,14600802,active,ltd,2023-01-18,,,"44 Enterprise Lane, Campbell Park, Milton Keynes, Buckinghamshire, MK9 4AP, United Kingdom",62011
1795,NEW AGE GAMES LIMITED,13971293,active,ltd,2022-03-11,,,"84 Southfield, Polegate, East Sussex, BN26 5LZ, United Kingdom",58290; 62011
1796,NEWFANGLED GAMES LTD,11795670,active,ltd,2019-01-29,,,"68 Magdalen Road, Norwich, NR3 4AQ, England",62011
1797,NEW GATE STUDIOS LTD,17180045,active,ltd,2026-04-24,,,"Unit 6 Sugarbrook Court, Aston Road, Bromsgrove, B60 3EX, England",58210
1798,NEW MAN GAMES LTD,11593908,active,ltd,2018-09-28,,,"163 Herne Hill, London, SE24 9LR, England",62011
1799,NEW PARTY RULES LABS LTD,13536243,active,ltd,2021-07-28,,,"Henleaze House, 13 Harbury Road, Bristol, BS9 4PN, England",90030
1800,NEW STAR GAMES LIMITED,05940422,active,ltd,2006-09-19,,,"Sunnyhill Farm Old End, Padbury, Buckingham, MK18 2BB, England",62011
1801,NEW STAR PUBLISHING LTD.,09292502,active,ltd,2014-11-03,,"[{'ceased_on': '2025-10-14', 'effective_from': '2014-11-03', 'name': 'FIVE ACES PUBLISHING LIMITED'}]","6 Milner House, Milner Way, Ossett, West Yorkshire, WF5 9JE, England",58210
1802,NEW TABLE GAMES LIMITED,13803446,active,ltd,2021-12-15,,,"33 Parker Street, Birmingham, West Midlands, B16 9AG, United Kingdom",62011
1803,NEW-TECH-NOW LTD,16335954,dissolved,ltd,2025-03-24,2026-09-22,,"20 Markmanor Avenue, London, United Kingdom, E17 8HH, United Kingdom",58210; 62011; 63990
1804,NEWTQUEST GAMES LIMITED,09203404,active,ltd,2014-09-04,,,"Mtm 3rd Floor, 82 King Street, Manchester, M2 4WQ, England",62011
1805,NEWVEX LTD,14804563,active,ltd,2023-04-15,,,"128 City Road, London, EC1V 2NX, United Kingdom",47910; 58210; 58290; 62011
1806,NEXT GEN TOURISM LTD,12436509,active,ltd,2020-01-31,,,"Kemp House, 160 City Road, London, EC1V 2NX, United Kingdom",58210; 62011; 62090; 63990
1807,NEXT LEVEL GAMES LIMITED,16302505,dissolved,ltd,2025-03-09,2026-09-01,,"16a Station Road, Burgess Hill, RH15 9DQ, England",58210; 58290
1808,NEXT NUMBER GAMES LIMITED,07583720,active,ltd,2011-03-30,,"[{'ceased_on': '2011-09-02', 'effective_from': '2011-03-30', 'name': 'HITMILLION LIMITED'}]","1 Golden Court, Richmond, Surrey, TW9 1EU",62011
1809,NEXTRAST SOLUTIONS LTD,16835604,active,ltd,2025-11-06,,,"International House, 142 Cromwell Road, London, SW7 4EF, United Kingdom",58210; 62011; 63990
1810,NEXT STOP STUDIOS LTD,16278401,active,ltd,2025-02-26,,,"124 City Road, London, EC1V 2NX, England",47710; 62011
1811,NEXUS LABS DEVELOPMENT LTD,14065644,active,ltd,2022-04-25,,"[{'ceased_on': '2024-01-22', 'effective_from': '2022-12-22', 'name': 'EMERGENT GAMES DEVELOPMENT LTD'}, {'ceased_on': '2022-12-22', 'effective_from': '2022-04-25', 'name': 'MAZE THEORY DEVELOPMENT 2 LTD'}]","9th Floor Neo Building, 9 Charlotte Street, Manchester, Greater Manchester, M1 4ET, England",62011
1812,NICK PARKER CONSULTING LIMITED,04357810,active,ltd,2002-01-22,,,"Regent House, Church Street, Beaumaris, LL58 8AB, Wales",70229
1813,NICE GAMES LTD,16095125,active,ltd,2024-11-22,,"[{'ceased_on': '2025-08-05', 'effective_from': '2024-11-22', 'name': 'REWARDING WORK LTD'}]","International House, 101 King's Cross Road, London, WC1X 9LP, England",58210
1814,NICMIT LTD,13700344,active,ltd,2021-10-25,,,"71-75 Shelton Street, Covent Garden, London, WC2H 9JQ, United Kingdom",47910; 59200; 62011; 62012
1815,NICOLA HIBBERT CONSULTING LTD,10393169,active,ltd,2016-09-26,,"[{'ceased_on': '2024-03-11', 'effective_from': '2020-04-24', 'name': 'MOONCAKE GAMES LTD'}, {'ceased_on': '2020-04-24', 'effective_from': '2016-09-26', 'name': 'FIDGETCAKE LTD'}]","71-75 Shelton Street Covent Garden, London, WC2H 9JQ, England",62020
1816,NIDUS GAMES LTD,17180959,active,ltd,2026-04-26,,,"5 Bicknell Close, Guildford, GU1 1JA, England",58210; 62011
1817,NIFFLER LIMITED,04180412,active,ltd,2001-03-15,,,"31 Denison Road, London, W5 1NU, England",58210
1818,NIELSEN BOOK SERVICES LIMITED,00070437,active,ltd,1901-06-08,,"[{'ceased_on': '2004-01-05', 'effective_from': '2002-01-07', 'name': 'VNU ENTERTAINMENT MEDIA UK LIMITED'}, {'ceased_on': '2002-01-07', 'effective_from': '1901-06-08', 'name': 'J.WHITAKER & SONS,LIMITED'}]","7th Floor, Blue Fin Building, 110 Southwark Street, London, SE1 0SU, United Kingdom",58110; 58142; 82990
1819,NIGHT WRAITH STUDIO LTD,17212828,active,ltd,2026-05-12,,,"10 Fairmile Gardens, Longford, Gloucester, GL2 9DU, England",58210; 62011
1820,NIKOMUS GAMES LTD,10629529,active,ltd,2017-02-20,,,"Harscombe House, 1 Darklake View, Plymouth, Devon, PL6 7TL, United Kingdom",58210; 62011
1821,NIKOS ART&CODE LTD,16299057,dissolved,ltd,2025-03-06,2026-09-08,,"16299057 - COMPANIES HOUSE DEFAULT ADDRESS, Cardiff, CF14 8LH",58210; 62011; 74100; 90030
1822,NINE FINGER GAMES LTD,13989766,active,ltd,2022-03-19,,,"5 Cornfield Terrace, Eastbourne, East Sussex, BN21 4NN, United Kingdom",62011
1823,NINJA KIWI EUROPE LIMITED,SC285089,active,ltd,2005-05-20,,"[{'ceased_on': '2013-03-26', 'effective_from': '2005-06-16', 'name': 'DIGITAL GOLDFISH LIMITED'}, {'ceased_on': '2005-06-16', 'effective_from': '2005-05-20', 'name': 'CASTLELAW (NO.587) LIMITED'}]","Vision Building, Greenmarket, Dundee, DD1 4QB, Scotland",62090
1824,NISH STUDIOS LTD,11762255,active,ltd,2019-01-11,,,"18 Snowden Way, Leeds, LS13 2TN, England",58210
1825,NINTENDO OF EUROPE SE,BR005889,open,uk-establishment,2001-01-01,,," The Quadrant, Windsor, 55-57 High Street, SL4 1LP",
1826,NINJA THEORY LIMITED,05240956,active,ltd,2004-09-24,,"[{'ceased_on': '2004-11-08', 'effective_from': '2004-09-24', 'name': 'AVIDBOND LIMITED'}]","1 Blossom Yard, Fourth Floor, London, E1 6RS, United Kingdom",62011
1827,NISOS UK LIMITED,11546155,active,ltd,2018-08-31,,"[{'ceased_on': '2018-11-09', 'effective_from': '2018-08-31', 'name': 'NISOS LIMITED'}]","Flat 36 Odell House, 16 Woodberry Down, London, N4 2GB, England",62011
1828,NIZAN LTD,09730944,active,ltd,2015-08-13,,,"Flat 1 186 Lower Addiscombe Road, Croydon, CR0 6AH, England",62011; 93290
1829,NOBLE GAMES LIMITED,07234318,active,ltd,2010-04-26,,,"18-24 Brighton Road, South Croydon, CR2 6AA, England",62011
1830,NKB GAMING PVT LIMITED,SC883332,active,ltd,2026-03-21,,,"1/1, 23 Dunnottar Street, Glasgow, G33 3SY, Scotland",58210; 62011
1831,NJAY STUDIOS LTD,16704792,active,ltd,2025-09-09,,,"23 Ridgewood Rise, Tamworth, B77 3AG, England",58210
1832,NOCTAL GAMES LTD,16504340,active,ltd,2025-06-09,,,"Flat 64 64 Grasmere Drive, Flat 64, Bury, Greater Manchester, BL9 9GA, United Kingdom",58210
1833,NOCTAL LIMITED,10835340,dissolved,ltd,2017-06-26,2026-08-11,"[{'ceased_on': '2021-02-09', 'effective_from': '2017-06-26', 'name': 'SWERVE STUDIOS LTD'}]","124 City Road, London, EC1V 2NX, England",58210
1834,NOCTURN GAMES LTD,16440148,active,ltd,2025-05-09,,,"85 Great Portland Street, London, W1W 7LT, England",62011
1835,NOCTURNAL INTERACTIVE LIMITED,16422240,active,ltd,2025-04-30,,,"21 Saville Street, Dalton, Rotherham, S65 3HD, England",62011
1836,NOCTURNE STUDIOS LTD,11115545,active,ltd,2017-12-18,,,"C/O Glx, 69-75 Thorpe Road, Norwich, NR1 1UA, England",62011
1837,NOCTIS STUDIOS LIMITED,16940486,active,ltd,2026-01-03,,,"23 Glenfield Road, Leicester, LE3 6AT, England",58210
1838,NOCTURNAL GAMES LTD,09943872,active,ltd,2016-01-11,,,"17 (The Stables) Ashton Field Drive, Worsley, Manchester, M28 3RT, England",62011
1839,NOCTURNUM STUDIOS LTD,16349394,active,ltd,2025-03-27,,,"Mclaren Building, 46 The Priory Queensway, Birmingham, B4 7LR, England",58210
1840,NODDING FROG LIMITED,09321859,active,ltd,2014-11-21,,"[{'ceased_on': '2014-12-10', 'effective_from': '2014-11-21', 'name': 'OTHERSIDE ENTERTAINMENT LTD'}]","22 Friars Street, Sudbury, Suffolk, CO10 2AA, England",58210
1841,NOISIA VISION LTD,13504813,active,ltd,2021-07-09,,,"2 Upper Mill Dursley Road, Cambridge, Gloucester, GL2 7AB, England",62011
1842,NOFTR. GAMES LIMITED,17025946,active,ltd,2026-02-11,,,"92 York Street, London, W1H 1QX, England",58210; 73110
1843,NOISY NEIGHBOR CREATIVE STUDIOS LTD,13404951,active,ltd,2021-05-17,,,"284 Chase Road, A Block 2nd Floor, London, N14 6HF, England",58210; 62020; 74100
1844,NOISY HEAD GAMES LTD,13186615,active,ltd,2021-02-08,,"[{'ceased_on': '2021-02-15', 'effective_from': '2021-02-08', 'name': 'NOISY HEAD STUDIOS LTD'}]","99 Saltdean Vale, Saltdean, Brighton, BN2 8HE, England",62011
1845,NOLO GAMES LIMITED,10783323,dissolved,ltd,2017-05-22,2026-08-18,,"171 Ladies Mile Road, Brighton, BN1 8TF, United Kingdom",62011
1846,NOMAD GAMES LIMITED,07661528,active,ltd,2011-06-08,,"[{'ceased_on': '2011-08-02', 'effective_from': '2011-06-08', 'name': 'WEIGHTCO 2011 (7) LIMITED'}]","Summit House, 35 Church Road, Lymm, Cheshire, WA13 0QS",62011
1847,NOMAD INTERACTIVE LIMITED,17236491,active,ltd,2026-05-21,,,"11 Lansdowne Road, Middlesbrough, TS4 2LW, England",58210
1848,NOMADZ GAMES LTD,16984054,active,ltd,2026-01-23,,,"20 Wenlock Road, London, N1 7GU, England",58210
1849,NONAGON THREE LIMITED,09437014,active,ltd,2015-02-12,,,"15 Fairview Park, St. Columb Road, St. Columb, Cornwall, TR9 6TN, United Kingdom",58210; 59200; 62011; 90030
1850,NO MORE ROBOTS LTD,10782307,active,ltd,2017-05-22,,,"30-34 North Street, Hailsham, BN27 1DW, England",58210
1851,NONE STUDIOS LTD,08298188,active,ltd,2012-11-19,,,"6 Pynes Close, Cheriton Fitzpaine, Crediton, Devon, EX17 4HT",58210
1852,NOODLE GAMES LIMITED,16805897,active,ltd,2025-10-23,,,"71-75 Shelton Street, Covent Garden, London, WC2H 9JQ, United Kingdom",58210
1853,NORDICITY LIMITED,06590057,active,ltd,2008-05-12,,,"The Print House, 18 Ashwin Street, London, E8 3DL, England",70229; 74909
1854,NOON GAMES LTD,16385944,active,ltd,2025-04-14,,,"Aa House 64, 27 Old Gloucester Street, London, Greater London, WC1N 3AX, England",47650; 47910; 62011; 74100
1855,NORN INDUSTRIES LTD,NI659232,active,ltd,2019-02-21,,,"137 137 York Road, Belfast, BT15 3GZ, Northern Ireland",62011
1856,NORTH BREEZE ENTERTAINMENT LTD,11658119,active,ltd,2018-11-05,,,"128 City Road, London, EC1V 2NX, United Kingdom",62011
1857,NORTHERN IRELAND SCREEN COMMISSION,NI031997,active,private-limited-guarant-nsc-limited-exemption,1997-02-26,,"[{'ceased_on': '2004-11-12', 'effective_from': '2002-02-20', 'name': 'NORTHERN IRELAND FILM AND TELEVISION COMMISSION'}, {'ceased_on': '2002-02-20', 'effective_from': '1997-02-26', 'name': 'NORTHERN IRELAND FILM COMMISSION'}]","3rd Floor, Alfred House, 21 Alfred Street, Belfast, BT2 8ED",59111; 59113
1858,NORTHRAK LTD,14150712,active,ltd,2022-06-06,,,"14150712 - COMPANIES HOUSE DEFAULT ADDRESS, Cardiff, CF14 8LH",62011
1859,NORTHLINE WORKS LTD,17143832,active,ltd,2026-04-08,,,"Flat 41 St. Clair House, British Street, London, E3 4LU, England",58210; 62011
1860,NORTHSTAR INTERACTIVE LIMITED,16946581,active,ltd,2026-01-06,,,"Leigh House, 28 - 32 St. Pauls Street, Leeds, LS1 2JT, England",58210
1861,NORTH STAR VIDEO GAMES LTD,09070557,active,ltd,2014-06-04,,"[{'ceased_on': '2017-03-07', 'effective_from': '2014-06-04', 'name': 'TIN CAR STUDIOS LIMITED'}]","19 Queens Avenue, Meols, Wirral, Merseyside, CH47 0LR",62011
1862,NORTHWOLD TRADING LIMITED,16879226,active,ltd,2025-11-28,,,"International House, 100 Menzies Road, St. Leonards-On-Sea, TN38 9BB, England",58210; 62011
1863,NOSEBLEED INTERACTIVE LIMITED,08087501,active,ltd,2012-05-29,,,"Preston Park House, South Road, Brighton, East Sussex, BN1 6SB, United Kingdom",62011
1864,NOS GAMES LTD,16211596,active,ltd,2025-01-27,,,"71-75 Shelton Street, Covent Garden, London, WC2H 9JQ, United Kingdom",58210; 62011
1865,NOTADUCK LTD,16151558,active,ltd,2024-12-24,,,"Lytchett House 13 Freeland Park, Wareham Road, Poole, Dorset, BH16 6FA, United Kingdom",58210; 62011
1866,NOT EVIL STUDIOS LTD,14731473,active,ltd,2023-03-15,,,"61 Bridge Street, Kington, HR5 3DJ",62011
1867,NOTGAMES LTD.,11760767,active,ltd,2019-01-10,,,"Unit 209b, Lansbury Business Estate 102 Lower Guildford Road, Knaphill, Woking, Surrey, GU21 2EP, England",58210
1868,NOTHING BUT GAMES UK LIMITED,14763263,active,ltd,2023-03-28,,,"72 Woodbourne Road, Harborne, Birmingham, West Midlands, B17 8DD, United Kingdom",58210; 62011
1869,NOUVEAU NICHE GAMES LTD,12931961,active,ltd,2020-10-06,,,"Castle House, Castle Street, Guildford, Surrey, GU1 3UW, England",62011
1870,NOVADAWN STUDIOS LTD,12088068,active,ltd,2019-07-05,,,"31 Highland Drive, Buckshaw Village, Chorley, PR7 7AB, England",62011
1871,NOVA DIGITAL GROUP LTD,16319682,active,ltd,2025-03-17,,"[{'ceased_on': '2026-01-16', 'effective_from': '2025-03-17', 'name': 'GTA5UA LTD'}]","16319682 - COMPANIES HOUSE DEFAULT ADDRESS, Cardiff, CF14 8LH",58210; 62011
1872,NOVA LOOP GAMES LIMITED,17344464,active,ltd,2026-07-16,,,"27 Old Gloucester Street, London, WC1N 3AX, United Kingdom",58210; 58290; 62011
1873,NOVARAMA LIMITED,04907780,active,ltd,2003-09-23,,,"Grove House C/O Daud Qadri & Co 2, Woodberry Grove, London, N12 0DR, England",74100
1874,NOVEL GAMES LTD,08142865,active,ltd,2012-07-13,,,"86 Belton Grove, Grantham, Lincolnshire, NG31 9HH",62011
1875,NOVUMBER STUDIOS LTD,16562747,active,ltd,2025-07-07,,,"59-60 Russell Square, London, Greater London, WC1B 4HP, England",62011
1876,NOXUS LIMITED,08960975,active,ltd,2014-03-26,,,"352 Fulham Road, London, SW10 9UH",62011
1877,NUCLEAR CANDY LIMITED,14613085,active,ltd,2023-01-24,,,"30 2nd Floor, St. Nicholas Street, Bristol, BS1 1TG, England",62011; 62012; 62020
1878,NPIRE EXE LTD,14348688,active,ltd,2022-09-09,,,"8 Martin Kinggett Gardens, Dagenham, RM9 6FD, England",58210; 62011
1879,NUCLEAR HEART INTERACTIVE LIMITED,10188277,active,ltd,2016-05-19,,,"4 Newcastle Road, Reading, RG2 7TR, England",62011; 62012
1880,NULLIFY GAMES LIMITED,10660006,active,ltd,2017-03-08,,,"Office 7 Ludgate Hill, London, EC4M 7JN, United Kingdom",58210; 62011
1881,NUMSKULL GAMES LTD,11754974,active,ltd,2019-01-08,,,"Attimore Barn, Ridgeway, Welwyn Garden City, AL7 2AD, England",62011
1882,NXTLVL EDUCATION LTD,13982612,active,ltd,2022-03-17,,,"3rd Floor 86-90 Paul Street, London, EC2A 4NE, England",58210; 62011; 85600
1883,NYAMYAM LIMITED,07378566,active,ltd,2010-09-16,,,"Preston Park House, South Road, Brighton, East Sussex, BN1 6SB, United Kingdom",58210; 58290; 62011
1884,NYSKO GAMES LTD.,10809316,active,ltd,2017-06-08,,,"19 Queens Road, Clacton-On-Sea, CO15 1AA, England",62011
1885,NYX DIGITAL LTD,05964462,active,ltd,2006-10-12,,"[{'ceased_on': '2010-02-16', 'effective_from': '2006-10-12', 'name': 'ECHODATA MANAGEMENT LTD'}]","167-169 Great Portland Street, London, W1W 5PF, England",62030
1886,OAK GAMES LIMITED,12272248,active,ltd,2019-10-21,,,"Suite E Ground Floor, Profile West, 950 Great West Road, Brentford, TW8 9ES, United Kingdom",62011; 62012
1887,OAKROT GAMES LIMITED,16939493,active,ltd,2026-01-02,,,"Flat 6  Oldfield House, West Drive, London, SW16 1RT, England",58210
1888,OBLIVIOUS STUDIOS LIMITED,13324628,active,ltd,2021-04-09,,,"82a James Carter Road, Mildenhall, Bury St. Edmunds, IP28 7DE, England",62011
1889,OBJECTIVE-Z LTD,10956676,active,ltd,2017-09-11,,,"44 Mayford Oakley Square, London, NW1 1NX, England",58210; 62011
1890,OBLATION STUDIOS LTD,16702660,active,ltd,2025-09-08,,,"C/O Price Bailey Llp 3rd Floor, 24 Old Bond Street, London, W1S 4AP, England",58210
1891,OCEARA STUDIO LTD,17300819,active,ltd,2026-06-25,,,"71-75 Shelton Street, Covent Garden, London, WC2H 9JQ, United Kingdom",58190; 58210; 62011
1892,ODDFORM GAMES LTD,17302818,active,ltd,2026-06-26,,,"C/O Mutu Accountancy Ltd, Unit 1.07 Newark Works, 2 Foundry Lane, Bath, BA2 3GZ, United Kingdom",58210
1893,ODD BUG STUDIO LIMITED,09157736,active,ltd,2014-08-01,,,"3rd Floor Eastgate Castle Street, Castlefield, Manchester, M3 4LZ, United Kingdom",90030
1894,ODD PIXEL GAMES LTD,16205774,active,ltd,2025-01-24,,,"35 Wimbledon Hill Road, Wimbletech Offices, London, SW19 7NB, United Kingdom",58210; 58290; 62011; 62012
1895,ODD TALES LTD,09453477,active,ltd,2015-02-23,,,"102 Bromstone Road, Broadstairs, CT10 2HX, England",58210
1896,Ó DORCHAIDHE GAMES LTD,NI737236,active,ltd,2026-01-26,,,"Wellington Park Business Centre, 3 Wellington Park, Belfast, BT9 6DJ, Northern Ireland",62011
1897,ODYSSEY GAME STUDIOS LTD,11440703,active,ltd,2018-06-29,,,"71-75 Shelton Street, London, Greater London, WC2H 9JQ, United Kingdom",99999
1898,OFF CHAIN GAMES LTD,11837698,active,ltd,2019-02-20,,"[{'ceased_on': '2020-01-14', 'effective_from': '2019-02-20', 'name': 'ARTECHTI LTD'}]","Preston Park House, South Road, Brighton, East Sussex, BN1 6SB, United Kingdom",58210
1899,OFFWIDTH GAMES LTD,13388236,active,ltd,2021-05-11,,,"17 Castle Oak, Usk, NP15 1SG, Wales",62011
1900,OKIPLAY LTD,08010888,active,ltd,2012-03-29,,"[{'ceased_on': '2022-06-14', 'effective_from': '2017-03-17', 'name': 'OKIPLAY EDUCATIONAL APPS & PRESCHOOL GAMES LTD'}, {'ceased_on': '2017-03-17', 'effective_from': '2013-12-19', 'name': 'OKIPLAY LTD'}, {'ceased_on': '2013-12-19', 'effective_from': '2013-02-14', 'name': 'OKI PLAY LTD'}, {'ceased_on': '2013-02-14', 'effective_from': '2012-05-10', 'name': 'TAPPITI LTD'}, {'ceased_on': '2012-05-10', 'effective_from': '2012-03-29', 'name': 'JOT STUDIOS LTD'}]","Castlewood, St. Winifreds Road, Harrogate, North Yorkshire, HG2 8LN",59112; 90030
1901,OJ GAMES LTD,SC861718,active,ltd,2025-09-04,,,"Dundee One C/O Johnston Carmichael, 5 West Victoria Dock Road, Dundee, DD1 3JT, Scotland",58210
1902,OKINVENT LIMITED,13699446,active,ltd,2021-10-22,,,"71-75 Shelton Street, Covent Garden, London, WC2H 9JQ, United Kingdom",62012; 62020
1903,OKTRA LIMITED,03130362,active,ltd,1995-11-24,,"[{'ceased_on': '2013-10-25', 'effective_from': '1995-11-24', 'name': 'MARGOLIS OFFICE ENVIRONMENTS LIMITED'}]","1 Bickenhall Mansions, Bickenhall Street, London, W1U 6BP",82990
1904,OLD DOWNTOWN LIMITED,16274539,dissolved,ltd,2025-02-25,2026-08-04,,"Suite 8672 5 Brayford Square, London, E1 0SG, United Kingdom",47910; 58290; 62011; 74100
1905,OMASS GAMES LTD,17057547,active,ltd,2026-02-26,,,"92 Bedfont Lane, Feltham, TW14 9BP, England",32401; 32409; 47650; 58210
1906,OMEDA STUDIOS LIMITED,12425865,active,ltd,2020-01-27,,,"Flat 186 May House Sydney Road, Watford, WD18 7EU, England",58210
1907,OMKY STUDIOS LTD,10843312,active,ltd,2017-06-30,,,"17 The Avenue, Tunbridge Wells, TN2 3FJ, United Kingdom",59112; 62011; 62020
1908,OMNIA INTERACTIVE LIMITED,10396582,active,ltd,2016-09-27,,"[{'ceased_on': '2025-02-05', 'effective_from': '2016-09-27', 'name': 'SILHOUETTE WOLF LIMITED'}]","Suite 13 Brignell Road, Britannia House, Middlesbrough, TS2 1PS, England",62011; 62012
1909,OMNI GAMES LTD,13231468,active,ltd,2021-02-27,,,"Woodbine Cottage Church Street, Longframlington, Morpeth, NE65 8DL, England",62011
1910,OMNIPLAY GAMES LTD,12276685,active,ltd,2019-10-23,,,"Victoria Building (Launchpad), Victoria Road, Middlesbrough, TS1 3BA, England",62011
1911,OMNI SYSTEMS LIMITED,06493697,active,ltd,2008-02-05,,,"1-2 Rhodium Point Hawkinge Business Park, Spindle Close, Hawkinge, Folkestone, Kent, CT18 7TQ, United Kingdom",62090
1912,ONEBUTTON GAMES LIMITED,11827464,active,ltd,2019-02-14,,,"90 Fetter Lane 2nd Floor, Bureau, 90 Fetter Lane, London, EC4A 1EN, England",62011; 62090
1913,ONE EYED CAT GAMES LTD,16668577,active,ltd,2025-08-22,,,"5 Brassey Road, Winchester, SO22 6RZ, England",58210
1914,ONEFORTYNINE GAMES LTD,17293756,active,ltd,2026-06-22,,,"149 High Street, Swindon, SN4 7AB, United Kingdom",62011
1915,ONE RULE GAMES LIMITED,16877569,active,ltd,2025-11-27,,,"128 City Road, London, EC1V 2NX, England",58210; 62011
1916,ONEXP315 LTD,16717107,active,ltd,2025-09-15,,,"Office 8606 321-323 High Road, Chadwell Heath, Romford, RM6 6AX, England",58190; 58290; 62011; 85600
1917,ONION BELT INTERACTIVE LTD,16894721,active,ltd,2025-12-07,,,"8 Binney Road, Northwich, CW9 5PZ, United Kingdom",58210; 62011
1918,ONISTEEL STUDIOS LTD,17332632,active,ltd,2026-07-10,,,"167 - 169 Great Portland Street, 5th Floor, London, W1W 5PF, England",58210; 62011
1919,ONTECA LIMITED,04317651,active,ltd,2001-11-06,,"[{'ceased_on': '2003-10-07', 'effective_from': '2001-11-06', 'name': 'BAD DEVELOPMENT LIMITED'}]","37 Windsor Street, Toxteth, Liverpool, Merseyside, L8 1XE",62011; 62012; 62020
1920,ONYX GAMES LIMITED,16936750,active,ltd,2025-12-30,,,"71-75 Shelton Street, London, WC2H 9JQ, England",58210; 62011
1921,OPIÑON LIMITED,11073750,active,ltd,2017-11-21,,,"128 City Road, London, EC1V 2NX, United Kingdom",58210; 62011; 63110; 63120
1922,OPION GAMES LTD,16650148,active,ltd,2025-08-14,,,"71-75 Shelton Street, Covent Garden, London, WC2H 9JQ, United Kingdom",58210; 62011; 62012; 62020
1923,OPPOSABLE GAMES LIMITED,07787838,active,ltd,2011-09-27,,,"9 Rose Road, Bristol, BS5 8EX, England",62011
1924,OPP STUDIOS LTD,16500474,active,ltd,2025-06-06,,,"124-128 City Road, London, EC1V 2NX, England",58210; 62011; 62012; 62020
1925,OPTIFLOW LUDUS LABS LTD.,16523644,active,ltd,2025-06-17,,,"Hamilton House, Mabledon Place, London, Greater London, WC1H 9BB, United Kingdom",58210; 62011; 62090
1926,OPUS COMICS LTD,05811518,active,ltd,2006-05-09,,"[{'ceased_on': '2023-06-28', 'effective_from': '2015-02-19', 'name': 'INCENDIUM LIMITED'}, {'ceased_on': '2015-02-19', 'effective_from': '2006-05-09', 'name': 'INCENDIUM RECORDS LIMITED'}]","66 Mill Lane, London, NW6 1NJ, United Kingdom",58190
1927,ORBITAL GRADE ENTERTAINMENT LTD,17299058,active,ltd,2026-06-24,,,"24 Spring Gardens Terrace, Cardiff, CF24 1QX, Wales",62011
1928,ORBIT STAR STUDIOS LTD,16405059,active,ltd,2025-04-24,,,"Flat 2, 53 Lower Road, Sutton, SM1 4QR, United Kingdom",58210; 62011; 62012
1929,ORCHID ENTERTAINMENT LIMITED,13143534,active,ltd,2021-01-19,,,"17 Overslade Crescent, Coventry, West Midlands, CV6 2AW",62011
1930,OREVILLE STUDIOS LTD,12185257,active,ltd,2019-09-02,,,"30 Old Bailey, London, EC4M 7AU, United Kingdom",62011
1931,ORIGIN STORY GAMES LIMITED,12550927,active,ltd,2020-04-07,,,"Suite B, Kestrel House, 146/148 Main Road, Biggin Hill, Kent, TN16 3BA, United Kingdom",62011
1932,ORYNIX LTD,17285487,active,ltd,2026-06-19,,,"International House,66 Lavender Hill, London, SW11 5RQ, United Kingdom",58210; 62011; 93290
1933,OSBORNE CLARKE LLP,OC397443,active,llp,2015-01-12,,"[{'ceased_on': '2015-09-25', 'effective_from': '2015-01-12', 'name': 'OVAL (2286) LLP'}]","One London Wall, London, EC2Y 5EB",
1934,OTHER5 GAMES LTD,14595261,active,ltd,2023-01-16,,,"142 Crofton Park Road, London, SE4 1AL, England",62011
1935,OTHERMATERIALS LTD,08206443,active,ltd,2012-09-07,,,"174 Sandringham Road, London, E8 2HS, England",62011
1936,OTHER THINGS LTD,11975108,active,ltd,2019-05-02,,,"Platform, New Station Street, Leeds, LS1 4JB, United Kingdom",73110
1937,OTS7 LTD,09732721,active,ltd,2015-08-14,,,"6 Beaufort Court, Admirals Way, London, E14 9XL, England",58210; 58290; 62011
1938,OUROBOROS GAMES LIMITED,17349893,active,ltd,2026-07-20,,,"7 Copperfield Road, Coventry, West Midlands, England, CV2 4AQ, United Kingdom",58210; 62011; 62012; 62090
1939,OURY CLARK CONSULTANTS LLP,OC305454,active,llp,2003-09-09,,"[{'ceased_on': '2013-10-11', 'effective_from': '2010-12-07', 'name': 'OC CONTINUITY LLP'}, {'ceased_on': '2010-12-07', 'effective_from': '2009-07-07', 'name': 'OURY CLARK CONTINUITY LLP'}, {'ceased_on': '2009-07-07', 'effective_from': '2003-09-09', 'name': 'OURY CLARK CONSULTANTS LLP'}]","10 John Street, London, WC1N 2EB",
1940,OUTFIT7 BRIT LIMITED,07895168,active,ltd,2012-01-03,,"[{'ceased_on': '2014-02-05', 'effective_from': '2012-01-03', 'name': 'OUTFIT7 LTD'}]","1st Floor Sackville House, 143-149 Fenchurch Street, London, EC3M 6BN, England",58210
1941,OUTOFTHEBIT LTD,06776817,active,ltd,2008-12-18,,,"26 Beulah Road Wimbledon, London, SW19 3SB, United Kingdom",62020
1942,OUTPLAY ENTERTAINMENT LIMITED,SC386157,active,ltd,2010-09-29,,,"Floor 3 1 - 4 Atholl Crescent, Edinburgh, EH3 8HA, Scotland",47990; 58290; 93290
1943,OUTRIGHT GAMES LIMITED,10385931,active,ltd,2016-09-20,,,"Unit 54 Merlin House, Meteor Way, Lee-On-The-Solent, Hants, PO13 9FU, England",58210
1944,OUTSIDER GAMES LTD,NI611755,active,ltd,2012-03-16,,,"11 Ballantine Walk, Lisburn, BT27 5FW, Northern Ireland",58210; 62011
1945,OUTSOURCE MEDIA LTD,04021600,active,ltd,2000-06-26,,,"Unit 2 22 Pakenham Street, Clerkenwell, London, WC1X 0LB",59112; 59200
1946,OWN LABEL GAMES LTD,17354739,active,ltd,2026-07-22,,,"71-75 Shelton Street, Covent Garden, London, WC2H 9JQ, United Kingdom",58210
1947,OXALIS GAMES LTD,12763199,active,ltd,2020-07-23,,,"Flat 202a 100a George Street, Croydon, CR0 1GP, England",62011
1948,OZUMA LIMITED,08273017,active,ltd,2012-10-30,,"[{'ceased_on': '2020-08-02', 'effective_from': '2018-03-16', 'name': 'ROGUE GAMES LIMITED'}, {'ceased_on': '2018-03-16', 'effective_from': '2017-06-23', 'name': '4T2 MULTIMEDIA LIMITED'}, {'ceased_on': '2017-06-23', 'effective_from': '2014-06-18', 'name': 'AMUZO LIMITED'}, {'ceased_on': '2014-06-18', 'effective_from': '2012-10-30', 'name': 'AMUZO GAMES LTD'}]","Green Park, Exeter Park Road, Bournemouth, Dorset, BH2 5BD, United Kingdom",58210; 62011
1949,PALE ECLIPSE LTD,SC895260,active,ltd,2026-07-07,,,"Summit House, 4-5 Mitchell Street, Edinburgh, EH6 7BD, United Kingdom",58210; 62011
1950,P2 GAMES LIMITED,06806699,active,ltd,2009-02-02,,,"1-2 Rhodium Point Hawkinge Business Park, Spindle Close, Hawkinge, Folkestone, Kent, CT18 7TQ, United Kingdom",62011
1951,PANDA CAT GAMES LTD,15716690,active,ltd,2024-05-13,,"[{'ceased_on': '2024-07-02', 'effective_from': '2024-05-13', 'name': 'SYGAMES LTD'}]","102 Bromstone Road, Broadstairs, CT10 2HX, England",62011
1952,PANDA GAME STUDIOS LTD,11538226,active,ltd,2018-08-28,,,"122 Steynton Road, Steynton, Milford Haven, SA73 1AN, Wales",58210
1953,PANDARA'S BOX LTD,NI621976,active,ltd,2013-12-16,,,"3 Forthill Rise, Cookstown, Tyrone, BT80 8XG, Northern Ireland",62011
1954,PANDCO LTD,NI605235,active,ltd,2010-11-25,,,"5 Killaney Lane, Banbridge, Co Down, BT32 3TA",58210; 58290
1955,PANDORA X SOFTWARE STUDIOS LTD.,11719272,active,ltd,2018-12-10,,"[{'ceased_on': '2021-05-11', 'effective_from': '2018-12-10', 'name': 'PANDORA X GAME STUDIOS LTD'}]","Unit 2 Royal Arcade, Norwich, NR2 1NQ, England",47750; 58210; 62012
1956,PANGOLIN STUDIOS LTD,14107379,active,ltd,2022-05-14,,,"28 Queens Road, Felixstowe, IP11 7QT, England",62011
1957,PANGUNAMEDIA LTD,16262740,dissolved,ltd,2025-02-19,2026-08-18,,"1st Floor 124 Cleveland Street, London, W1T 6PG, United Kingdom",62011; 63120; 63990
1958,PAPER CUT GAMES LIMITED,09920333,active,ltd,2015-12-17,,,"533 Sewall Highway, Coventry, CV6 7JB, England",62011
1959,PAPERSEVEN LTD,07768162,active,ltd,2011-09-09,,,"Elm Studio London Road, Albourne, Hassocks, West Sussex, BN6 9BJ, England",62090
1960,PAPER FLOWER GAMES LTD,14634090,active,ltd,2023-02-02,,,"128 City Road, London, EC1V 2NX, United Kingdom",62011
1961,PARABELLUM STUDIOS LTD,SC843623,active,ltd,2025-04-02,,,"3 Hill Street, Edinburgh, EH2 3JP, Scotland",47650; 58210
1962,PAY4GAMES LTD,17253937,active,ltd,2026-06-01,,,"7 Copperfield Road, Coventry, West Midlands, England, CV2 4AQ, United Kingdom",58210; 62011
1963,PEBBLEDUST GAMES LTD,16223119,active,ltd,2025-02-02,,,"3rd Floor, 86-90 Paul Street, London, England, EC2A 4NE, United Kingdom",58210; 59112; 62011; 90030
1964,PEACE EVENT AND ENTERTAINMENT LTD,16905345,active,ltd,2025-12-11,,,"136 Snowberry Close, Milton Keynes, MK12 6EZ, United Kingdom",62011
1965,PEACHY GAMES LTD,16638670,active,ltd,2025-08-08,,,"Suite 12 Westpoint Peterborough Business Park, Lynch Wood, Peterborough, PE2 6FZ, United Kingdom",62011
1966,PECULIAR PIXELS LTD,11355670,active,ltd,2018-05-11,,,"10 Poyntz Road, London, SW11 5BH, United Kingdom",58210
1967,PEEK & POKE INTERACTIVE LIMITED,17237277,active,ltd,2026-05-22,,,"16 Alexandra Gardens, Sheffield, S11 9DQ, United Kingdom",47650; 58210; 62011; 62012
1968,PELICAN 7 LTD,09316501,active,ltd,2014-11-18,,,"32 Heron Drive, Meon Vale, Stratford-Upon-Avon, Warwickshire, CV37 8YH, England",58210
1969,PEPPER TANGO GAMES LTD,16663257,active,ltd,2025-08-20,,,"9 Cleveland Gardens, Bournemouth, BH1 4QF, England",58210
1970,PERCHANG LIMITED,09994675,active,ltd,2016-02-09,,,"86-90 Paul Street, London, EC2A 4NE, England",62011
1971,PERFECT CRIME GAMES LTD,13373759,active,ltd,2021-05-04,,,"4 Cotham Park North, Bristol, BS6 6BH, England",62011
1972,PERFECT DIMENSION STUDIOS LTD,07946414,active,ltd,2012-02-13,,,"34 Chyngton Way, Seaford, BN25 4JB, England",62011; 62012
1973,PGD GAMES LTD,17265313,active,ltd,2026-06-06,,,"6 Nortenham Close, Bishops Cleeve, Cheltenham, GL52 7YG, England",58210
1974,PG GAME DEVELOPMENT LIMITED,09487648,active,ltd,2015-03-13,,,"1 Blossom Yard, Fourth Floor, London, E1 6RS, United Kingdom",62011
1975,PHOENIX GAMES HOLDING UK LTD,12861236,active,ltd,2020-09-07,,,"71 Queen Victoria Street, London, EC4V 4BE, England",62011
1976,PHAEDRA GAMES LTD,12127416,active,ltd,2019-07-29,,,"15 Norman Road, Newhaven, BN9 9LJ, England",62011
1977,PHOENIX INTERACTIVE LIMITED,16738600,active,ltd,2025-09-24,,,"Flat 607, Uhaus Vita Living North, Symphony Park, Manchester, M1 7GD, England",58210; 62011
1978,PHOENIX LIMITED,02465958,active,ltd,1990-02-01,,"[{'ceased_on': '2010-03-01', 'effective_from': '1999-06-30', 'name': 'PHOENIX PLC'}, {'ceased_on': '1999-06-30', 'effective_from': '1992-12-17', 'name': 'PHOENIX ADVERTISING LIMITED'}, {'ceased_on': '1992-12-17', 'effective_from': '1990-08-02', 'name': 'PHOENIX NEW HOMES SERVICES (SOUTH WEST) LIMITED'}, {'ceased_on': '1990-08-02', 'effective_from': '1990-07-25', 'name': 'PHOENIX PROPERTY SERVICES (SOUTH WEST) LIMITED'}, {'ceased_on': '1990-07-25', 'effective_from': '1990-02-01', 'name': 'GOULDITAR NO. 85 LIMITED'}]","Suite 1d Rossett Business Village, Llyndir Lane, Rossett, LL12 0AY, Wales",73110
1979,PIGGYBACK INTERACTIVE LIMITED,03521751,active,ltd,1998-03-04,,"[{'ceased_on': '1998-05-05', 'effective_from': '1998-03-04', 'name': 'FCB 1277 LIMITED'}]","6th Floor Charlotte Building, 17 Gresse Street, London, W1T 1QL, United Kingdom",58110
1980,PICTOPOTAMUS LIMITED,08529784,active,ltd,2013-05-15,,,"Giles House, Clunbury, Craven Arms, Shropshire, SY7 0HE, England",62011
1981,PIERCE LTD,10666874,active,ltd,2017-03-13,,,"9 Barlings Road, Harpenden, AL5 2AL, England",58290; 62011; 62012; 74100
1982,PILCHARD GAMES LIMITED,17333328,active,ltd,2026-07-10,,,"8 Venn Hill, Tavistock, PL19 0NY, England",58210; 59112; 62011; 90030
1983,PILLARSET LAYER GAMES LTD,16267833,active,ltd,2025-02-21,,"[{'ceased_on': '2025-03-04', 'effective_from': '2025-02-21', 'name': 'UNIQ STATE GAMES LTD'}]","2nd Floor College House, 17 King Edwards Road,, Ruislip,, London,, HA4 7AE, United Kingdom",58210; 62011
1984,PILL BUG INTERACTIVE LIMITED,10690991,active,ltd,2017-03-27,,,"100 St. Ilid's Meadow, Llanharan, Pontyclun, CF72 9FX, Wales",58210
1985,PINECONE GAMES LTD,11131514,dissolved,ltd,2018-01-03,2026-09-29,,"124 City Road, London, EC1V 2NX, England",58210
1986,PILOT ENTERTAINMENT LIMITED,08744563,active,ltd,2013-10-23,,,"The Pilot, Burnaby Road, Coventry, CV6 4AU",56302
1987,PINEWOOD STUDIOS LIMITED,00392619,active,ltd,1945-01-18,,,"Pinewood Studios, Pinewood Road, Iver, Buckinghamshire, SL0 0NH",59111
1988,PINFALL GAMES LTD,16323323,active,ltd,2025-03-18,,,"Alpha 6 Masterlord Office Village, West Road, Ransomes Europark, Ipswich, IP3 9SX, United Kingdom",58210
1989,PING PING BAR LTD,14776348,active,ltd,2023-04-03,,,"Suite 302 4 Station Square, Cambridge, CB1 2GE",46510; 58210; 62011; 63110
1990,PINWYDD ENTERTAINMENT LTD,17323282,active,ltd,2026-07-06,,,"66 Paul Street, London, EC2A 4NA, England",58210; 62011
1991,PIXELATED PANTIES LTD.,09767983,active,ltd,2015-09-08,,,"362 Hatfield Road, St. Albans, Hertfordshire, AL4 0DU, United Kingdom",58210
1992,PIXEL6 STUDIOS LTD,10606334,active,ltd,2017-02-07,,,"16 Grangeville Close, Longwell Green, Bristol, BS30 9YJ, England",58210
1993,PIXEL BAR LEEDS LIMITED,11346782,active,ltd,2018-05-04,,"[{'ceased_on': '2021-05-03', 'effective_from': '2021-04-30', 'name': 'PIXEL BARS LEEDS LIMITED'}, {'ceased_on': '2021-04-30', 'effective_from': '2019-06-05', 'name': 'PIXEL BARS LTD'}, {'ceased_on': '2019-06-05', 'effective_from': '2018-05-04', 'name': 'GNG GAMING LTD'}]","94 Street Lane, Leeds, LS8 2AL, England",56101; 56302
1994,PIXEL CLAY LTD,16632573,active,ltd,2025-08-06,,,"36 Newton Green, Nailsea, Bristol, BS48 4RF, England",62011
1995,PIXEL BOX LIMITED,16173830,active,ltd,2025-01-09,,,"30 Morrish Road, London, SW2 4EH, England",58210; 62011; 85590
1996,PIXELCOUNT STUDIOS LIMITED,10179935,active,ltd,2016-05-13,,,"Castle House, Castle Street, Guildford, Surrey, GU1 3UW, England",62011
1997,PIXELCORE INTERACTIVE LTD,16538125,active,ltd,2025-06-24,,,"5 Shires Lane, Leicester, LE1 4AN, England",47630; 59132; 62011
1998,PIXEL ENVISION LIMITED,09558675,active,ltd,2015-04-23,,,"Preston Park House, South Road, Brighton, East Sussex, BN1 6SB, United Kingdom",58210; 62011; 85590
1999,PIXELFACTOR LTD,10634577,active,ltd,2017-02-23,,,"Unit 29 New Lydenburg Commercial Estate, New Lydenburg Street, London, SE7 8NF, England",58210
2000,PIXEL FLICK LTD,11040992,active,ltd,2017-10-31,,,"Cyder Cottage, St. Giles, Torrington, EX38 7HZ, England",62011; 90030
2001,PIXEL HELIX LIMITED,15976769,active,ltd,2024-09-24,,,"Business Central 2 Union Square, Central Park, Darlington, County Durham, DL1 1GL, United Kingdom",58290
2002,PIXELNOVA GAMES LTD,16761045,active,ltd,2025-10-03,,,"124 City  Road, London, EC1V 2NX, United Kingdom",58210
2003,PIXEL KNIGHTS LTD,07701072,active,ltd,2011-07-12,,,"20 - 22 Wenlock Road, London, N1 7GU, England",58210; 62020; 70229
2004,PIXEL PATHOS LTD,09114245,active,ltd,2014-07-03,,,"11 Denbigh Close, Hemel Hempstead, Hertfordshire, HP2 4JY, England",58210; 58290
2005,PIXEL & PEN STUDIOS LIMITED,16660259,active,ltd,2025-08-19,,,"Corporation House Corporation Road, Loughor, Swansea, SA4 6SD, Wales",62011
2006,PIXEL PLAYBOX LTD,16436961,active,ltd,2025-05-08,,,"25 Summerway, Exeter, EX4 8DA, England",58210
2007,PIXEL PIGEON GAMES LTD,16738852,active,ltd,2025-09-24,,,"66 Paul Street 66 Paul Street, London, EC2A 4NA, England",58210; 62011
2008,PIXEL PLAYGROUND STUDIO LTD,17184339,active,ltd,2026-04-27,,,"168a Wells Road, Bristol, BS4 2AG, England",58210
2009,PIXEL PLAYWORKS LTD,16153551,active,ltd,2024-12-27,,,"Flat 25, Brimsdown House, Devas Street, London, E3 3LW, England",58210
2010,PIXEL POINT LTD,12573416,active,ltd,2020-04-27,,,"Palliser House Second Floor, Palliser Road, London, W14 9EB, England",62011; 62020; 62090; 73120
2011,PIXEL POPCORN LTD,17157817,active,ltd,2026-04-14,,,"71-75 Shelton Street, Covent Garden, London, WC2H 9JQ, United Kingdom",58210; 62011
2012,PIXEL PYRO LIMITED,07344249,active,ltd,2010-08-12,,,"67 Chorley Old Road, Bolton, BL1 3AJ, England",62011
2013,PIXEL & PROP LTD,17011572,active,ltd,2026-02-04,,,"20 Cranes Meadow Way, Wymondham, NR18 9GH, England",32409; 47910; 58210
2014,PIXELS LIFE STUDIO LIMITED,SC851226,active,ltd,2025-06-05,,,"Flat 0/1 109 Bowman Street, Glascow, G42 8LE, United Kingdom",58210; 58290
2015,PIXEL SMASH GAMES LTD,14515404,active,ltd,2022-11-30,,,"77 Wathen Road, Leamington Spa, CV32 5UY, England",62011
2016,PIXEL SQUARED LIMITED,NI647226,active,ltd,2017-08-02,,,"27 Main Street, Rathmore, Belleek, Enniskillen, BT93 3FY, United Kingdom",62011
2017,PIXEL TOYS LTD,08228060,active,ltd,2012-09-25,,,"Regent Square House, Regent Street, Leamington Spa, Warwickshire, CV32 4NS, England",62011
2018,PIXEL VERSE STUDIOS LTD,16367623,active,ltd,2025-04-06,,,"Centro House 20-23 Mandela Street, London, NW1 0DU, England",58210
2019,PIXEL TRICKERY LIMITED,09698232,active,ltd,2015-07-22,,,"160 Eureka Park Upper Pemberton, Kennington, Ashford, TN25 4AZ, England",62011
2020,PIX GAMES LTD,SC731085,active,ltd,2022-05-01,,,"14 St. Andrews Drive, Uphall, Broxburn, EH52 6BX, Scotland",62011
2021,PIXEL WINGS LTD,12949781,active,ltd,2020-10-14,,,"First Floor, 4 Redmore Road, London, W6 0HZ, England",62011
2022,PIXEL WORKS DISTRIBUTION LTD,16539549,active,ltd,2025-06-24,,,"Unit A30 Red Scar Industrial Estate Longridge Road, Ribbleton, Preston, Lancashire, PR2 5NA, United Kingdom",58210; 62011; 62012; 62020
2023,PIXION GAMES LIMITED,10749772,active,ltd,2017-05-02,,,"86-90 Paul Street, London, EC2A 4NE, England",62020
2024,PIXIPOLY LTD,SC833258,active,ltd,2025-01-07,,,"3 Hill Street, New Town, Edinburgh, EH2 3JP, Scotland",47910; 58210; 62011; 74100
2025,PIXWARD GAMES LTD,14411879,active,ltd,2022-10-11,,,"71-75 Shelton Street, Covent Garden, London, WC2H 9JQ, United Kingdom",58210; 58290; 62011; 62012
2026,PLAION LIMITED,02925650,active,ltd,1994-05-04,,"[{'ceased_on': '2022-08-30', 'effective_from': '1994-06-24', 'name': 'KOCH MEDIA LIMITED'}, {'ceased_on': '1994-06-24', 'effective_from': '1994-05-04', 'name': 'BROOMCO (775) LIMITED'}]","2nd Floor 1410 Arlington Business Park, Theale, Berkshire, RG7 4SA, England",59131; 59132; 62011
2027,PLAIN CONCEPTS UK LTD.,09361527,active,ltd,2014-12-18,,,"C/O Bishop Fleming Llp, 10 North Place, Cheltenham, GL50 4DW, United Kingdom",62011
2028,PLAN 10 INTERACTIVE LTD,17171508,active,ltd,2026-04-21,,,"Office 1, Izabella House 24-26, Regent Place, City Centre, Birmingham, B1 3NJ, United Kingdom",58210; 62011
2029,PLANET ENTERTAINMENT LIMITED,12108462,active,ltd,2019-07-17,,,"85 Great Portland Street, First Floor, London, W1W 7LT, England",58210
2030,PLAN OF ATTACK LTD,06862424,active,ltd,2009-03-28,,"[{'ceased_on': '2013-09-13', 'effective_from': '2009-03-28', 'name': 'FREEFORM COMMUNICATIONS LIMITED'}]","59 Withdean Crescent, Brighton, BN1 6WG, England",70229
2031,PLASMA BEAM GAMES LIMITED,11561277,active,ltd,2018-09-10,,,"8 Nelson Court 8 Nelson Court, Nelson Street, Buckingham, Buckinghamshire, MK18 1PY, United Kingdom",58210
2032,PLA STUDIOS LIMITED,07518134,active,ltd,2011-02-04,,"[{'ceased_on': '2011-09-26', 'effective_from': '2011-02-04', 'name': 'WORKHOUSE GAMES LIMITED'}]","Unit 3 Birtley Courtyard, Bramley, Surrey, GU5 0LA, United Kingdom",62011
2033,PLATINUM PIXEL LIMITED,14023320,active,ltd,2022-04-04,,,"71 Queen Victoria Street, London, EC4V 4BE, United Kingdom",59111; 59112; 62011
2034,PLAYBOOK INTERACTIVE LTD,16969410,active,ltd,2026-01-16,,,"25 Norway Gate, London, SE16 7TR, England",58210; 78300
2035,PLAYCANVAS LTD,07627374,active,ltd,2011-05-09,,,"50 Cowcross Street, Floor 2, London, EC1M 6AL, United Kingdom",62011
2036,PLAYER RESEARCH LTD,07897279,active,ltd,2012-01-04,,,"4th Floor, 110 High Holborn, London, WC1V 6JS, England",73200
2037,PLAYDEMIC LIMITED,07106742,active,ltd,2009-12-16,,"[{'ceased_on': '2011-11-09', 'effective_from': '2011-01-18', 'name': 'ROCKYOU LIMITED'}, {'ceased_on': '2011-01-18', 'effective_from': '2010-04-08', 'name': 'PLAYDEMIC LIMITED'}, {'ceased_on': '2010-04-08', 'effective_from': '2009-12-16', 'name': 'PLAYDEMICS LIMITED'}]","Onslow House, Onslow Street, Guildford, Surrey, GU1 4TN, England",62012
2038,PLAYERTHREE LIMITED,04300401,active,ltd,2001-10-08,,,"70 Seabourne Road, Bournemouth, Dorset, BH5 2HT, United Kingdom",62011
2039,PLAYGROUND GAMES LIMITED,07057499,active,ltd,2009-10-26,,,"1 Blossom Yard, Fourth Floor, London, E1 6RS, United Kingdom",62011
2040,PLAYFUSION LTD,12373957,active,ltd,2019-12-20,,,"63 High Street, Little Shelford, Cambridge, CB22 5ES, England",58210; 62011
2041,PLAYGROUND MOBILE LIMITED,08847652,active,ltd,2014-01-16,,,"1 Blossom Yard, Fourth Floor, London, E1 6RS, United Kingdom",62011
2042,PLAY IT INC LIMITED,11178447,active,ltd,2018-01-30,,,"6 Cherry Tree Way, Stanmore, HA7 2QT, England",62011
2043,PLAYMOTIVE LIMITED,08726686,active,ltd,2013-10-10,,,"147 Walsall Road, Aldridge, Walsall, WS9 0BE, England",82990
2044,PLAYSCALE LTD,17221976,active,ltd,2026-05-15,,,"5 East Close, Sadberge, Darlington, County Durham, DL2 1SG, United Kingdom",58210; 58290; 62011; 62020
2045,PLAYLANCE GAMES LIMITED,16785769,active,ltd,2025-10-15,,,"Flat 22 Barons Court, Church Lane, London, NW9 8AD, England",58210
2046,PLAYSET GAMES LIMITED,17162712,active,ltd,2026-04-16,,,"23 Inverness Way, Biddenham, Bedford, MK40 4ZG, England",58210; 62011
2047,PLAYSPORT GAMES LTD,08487983,active,ltd,2013-04-15,,"[{'ceased_on': '2014-12-08', 'effective_from': '2013-04-15', 'name': 'APPY GO LUCKY LTD'}]","2nd Floor, Bureau, 90 Fetter Lane, London, EC4A 1EN, England",62011
2048,PLAYSTACK LIMITED,10168633,active,ltd,2016-05-07,,,"56a Poland Street, London, W1F 7NN, United Kingdom",58210
2049,PLAY SQUARED STUDIO LTD,14541657,active,ltd,2022-12-14,,,"39 Prospect Vale, London, SE18 5HT, England",58210; 62011
2050,PLAYSTYLE GAMES LTD,07957991,active,ltd,2012-02-21,,,"33 Plough Lane, Lowdham, Nottingham, NG14 7AT, England",62011
2051,PLAYTIME GAMES LTD,14182365,active,ltd,2022-06-20,,,"94 Horse Shoes Lane, Birmingham, B26 3HU, England",58210; 62011; 62012; 62020
2052,PLAY THE GAME LIMITED,14431506,dissolved,ltd,2022-10-20,2026-09-01,,"9 9 Kenilworth, Newcastle Upon Tyne, NE12 6NW, England",32409; 47910; 62011; 93290
2053,PLAYTONIC GAMES DEVELOPMENT LIMITED,12210393,active,ltd,2019-09-17,,,"6 Lichfield Street, Burton On Trent, Staffordshire, DE14 3RD, United Kingdom",62011
2054,PLAYTRA GAMES LTD,10858664,active,ltd,2017-07-10,,"[{'ceased_on': '2017-07-21', 'effective_from': '2017-07-10', 'name': 'PLUS INFINITY LIMITED'}]","63 Carey Gardens, London, SW8 4HJ, England",58290; 62011; 90030
2055,PLAYTONIC LIMITED,09172538,active,ltd,2014-08-12,,,"6 Lichfield Street, Burton-On-Trent, Staffordshire, DE14 3RD",62011
2056,PLAYTONIQ GAMES LIMITED,17076663,active,ltd,2026-03-08,,,"111 Rye Bank Road, Firswood, Manchester, M16 0FX, England",47650; 47910; 58210; 62011
2057,PLAYWING LTD,05021996,active,ltd,2004-01-21,,"[{'ceased_on': '2016-09-08', 'effective_from': '2004-01-21', 'name': 'ADVANCED MOBILE APPLICATIONS LIMITED'}]","2 Cresswell Gardens, Flat 3, London, SW5 0BJ, United Kingdom",62011
2058,PLAY WITH GAMES LTD,08906706,active,ltd,2014-02-21,,"[{'ceased_on': '2014-10-21', 'effective_from': '2014-02-21', 'name': 'PLAY WITH FRIENDS GAMES LTD'}]","15 Spinnaker Quay, Mount Batten, Plymouth, Devon, PL9 9SA, England",58210
2059,PLAYWORKS DIGITAL LTD,10223032,active,ltd,2016-06-09,,"[{'ceased_on': '2017-09-01', 'effective_from': '2016-06-09', 'name': 'TRANSGAMING INTERACTIVE LIMITED'}]","Aberdeen House, South Road, Haywards Heath, RH16 4NG, England",58210
2060,POCKET MONEY GAMES LTD,09859464,active,ltd,2015-11-05,,"[{'ceased_on': '2017-02-28', 'effective_from': '2015-11-05', 'name': 'SOMNIATOR GAMES LTD'}]","6 Broomhouse Farm Court, Prudhoe, NE42 5FS, England",62011
2061,POISSON ROUGE INTERACTICA LTD,08316261,active,ltd,2012-12-03,,,"Bryncethin, Pennant, Llannon, Ceredigion, SY23 5JG",58210; 59112; 90030
2062,POCKET SIZED HANDS LIMITED,SC557798,active,ltd,2017-02-16,,,"Suite 2-1  (West) Seagate House, 132 - 134 Seagate, Dundee, DD1 2HB, Scotland",58210; 62011; 74909
2063,POCKETBINDER LTD,16133666,active,ltd,2024-12-13,,,"Twitchen, Odiham Road, Riseley, RG7 1SD, United Kingdom",58290; 62011
2064,PLUM GAMES LTD,14852114,active,ltd,2023-05-08,,,"Preston Park House, South Road, Brighton, East Sussex, BN1 6SB, England",62011
2065,POLESTAR GAMES LTD,11435268,dissolved,ltd,2018-06-27,2026-09-01,,"11435268 - COMPANIES HOUSE DEFAULT ADDRESS, Cardiff, CF14 8LH",58210
2066,POLYBIUS GAMES LIMITED,SC346372,active,ltd,2008-07-31,,"[{'ceased_on': '2010-03-08', 'effective_from': '2008-07-31', 'name': 'M I EVENTS LIMITED'}]","31 Clarkin Avenue, East Kilbride, G75 9GS",62011
2067,POLYART STUDIO LTD,11670446,active,ltd,2018-11-09,,,"Bramhall House, 14 Ack Lane East, Bramhall, Cheshire, SK7 2BY, England",58210; 58290; 62011; 62020
2068,POLYDONUT LTD,SC888313,active,ltd,2026-05-01,,,"Office 432 18 Young Street, Unit Lge, Edinburgh, EH2 4JB, Scotland",58210; 62011
2069,POLYGON51 STUDIOS LTD,13693038,active,ltd,2021-10-20,,,"71-75 Shelton Street, Covent Garden, London, WC2H 9JQ, United Kingdom",58210; 62011
2070,POLYGON TREEHOUSE LTD,10647475,active,ltd,2017-03-02,,,"75 Newnham Street, Ely, Cambridgeshire, CB7 4PQ, England",62011
2071,POLYHEDRON GAMES LTD,SC519352,active,ltd,2015-11-03,,,"8 Jasmine Place, Cumbernauld, Glasgow, G67 4DJ, Scotland",62011
2072,POLYPLANT GAMES LIMITED,16587061,active,ltd,2025-07-16,,,"10 Yewburn Way, Newcastle Upon Tyne, Tyne And Wear, NE12 8LL, United Kingdom",62011
2073,POPCORN ENTERTAINMENT LIMITED,07841623,active,ltd,2011-11-10,,,"3rd Floor 86-90 Paul Street, London, EC2A 4NE",62011
2074,POLYWARD LTD.,16495924,active,ltd,2025-06-04,,,"Suite 302 4 Station Square, Cambridge, CB1 2GE, England",58290; 62011; 62020; 73110
2075,POPCULTR LTD,08346770,active,ltd,2013-01-04,,"[{'ceased_on': '2023-08-07', 'effective_from': '2013-01-04', 'name': 'WHITTLEMEDIA LIMITED'}]","2nd Floor 15 Greek Street, London, W1D 4DP, United Kingdom",70210
2076,POPLEAF LIMITED,09069427,active,ltd,2014-06-03,,,"115c Milton Road, Cambridge, CB4 1XE",58290
2077,POPTACULAR LTD,08530431,active,ltd,2013-05-15,,"[{'ceased_on': '2014-03-13', 'effective_from': '2013-05-15', 'name': '100 PICS LIMITED'}]","Poptacular Ltd, 7 Savoy Court, London, WC2R 0EX, England",47650; 62011
2078,PORTIVIUM LTD,17333252,active,ltd,2026-07-10,,,"5th Floor 167-169 Great Portland Street, London, London, W1W 5PF, United Kingdom",47910; 58210; 62011
2079,PORTALSCOPE STUDIOS LTD,17059387,active,ltd,2026-02-27,,"[{'ceased_on': '2026-03-20', 'effective_from': '2026-02-27', 'name': 'METASCOPE STUDIOS LTD'}]","128 City Road City Road, London, EC1V 2NX, England",58210; 59111; 62011
2080,POSE MEDIA LIMITED,14499133,active,ltd,2022-11-22,,,"Tollgate Barn Tollgate West, Stanway, Colchester, CO3 8RJ, England",58210; 58290; 62011
2081,POSITECH COMPUTING LIMITED,03560148,active,ltd,1998-05-08,,,"The House Of Steps, Coulston Coulston, Westbury, Wiltshire, BA13 4NX",62011
2082,POSITRONIC STUDIOS LTD,11262110,active,ltd,2018-03-19,,,"Modus Novem Goodiers Lane, Twyning, Tewkesbury, Gloucestershire, GL20 6DJ, United Kingdom",62011; 62012
2083,POTASSIUM FROG LTD,07766241,active,ltd,2011-09-07,,,"20-22 Wenlock Road, London, N1 7GU, England",62011
2084,POTATO GAFFS LIMITED,NI733455,active,ltd,2025-09-17,,,"54 Marguerite Park, Newcastle, BT33 0PE, Northern Ireland",58210; 62011
2085,POWCROWD LTD,10119053,active,ltd,2016-04-12,,"[{'ceased_on': '2026-04-27', 'effective_from': '2016-04-12', 'name': 'TALONY GAMES LTD'}]","Buntings Leighton Road, Northall, Dunstable, LU6 2EZ, England",58210
2086,POWERED UP GAMES LIMITED,05515799,active,ltd,2005-07-21,,,"5a The Waldrons, Croydon, CR0 4HB, England",62011
2087,POWER SURGE GAMES LTD.,SC579244,active,ltd,2017-10-18,,,"5 Stair Park, Edinburgh, EH12 6HL, Scotland",62011
2088,PQUBE LIMITED,06801773,active,ltd,2009-01-26,,,"St Christophers House, Ridge Road, Letchworth Garden City, Hertfordshire, SG6 1PT, United Kingdom",58190; 58210; 62011
2089,PRELOADED LIMITED,04195538,active,ltd,2001-04-06,,,"The Arts Building, Morris Place, London, N4 3JG, England",62090
2090,PREFERRED GAMES LIMITED,04748491,dissolved,ltd,2003-04-29,2026-08-04,,"20 The Broadway, Hampton Court, Way, Thames Ditton, Surrey, KT7 0LX",62011
2091,PREMIER PUBLIC RELATIONS LTD,01707417,active,ltd,1983-03-17,,"[{'ceased_on': '2005-02-22', 'effective_from': '2004-11-11', 'name': 'PREMIER INTERNATIONAL COMMUNICATIONS LTD'}, {'ceased_on': '2004-11-11', 'effective_from': '2001-10-26', 'name': 'PREMIER PUBLIC RELATIONS LIMITED'}, {'ceased_on': '2001-10-26', 'effective_from': '1988-01-12', 'name': 'CORBETT AND KEENE LTD'}, {'ceased_on': '1988-01-12', 'effective_from': '1983-03-17', 'name': 'SARAK LIMITED'}]","2-4 Bucknall Street, London, WC2H 8LA",73120
2092,PRENSORIUM GAMES LTD,17116599,active,ltd,2026-03-25,,,"15 Penny Long Lane, Derby, DE22 1AX, England",58210
2093,PRESS ENGINE LIMITED,11779526,active,ltd,2019-01-21,,"[{'ceased_on': '2019-02-04', 'effective_from': '2019-01-21', 'name': 'BIG LITTLE PR LIMITED'}]","Business Central 2 Union Square, Central Park, Darlington, DL1 1GL, England",96090
2094,PRISM GAME STUDIOS LTD.,16302960,dissolved,ltd,2025-03-10,2026-09-22,,"27 Luke St, London, United Kingdom, EC2A 4DS, England",58210; 58290; 62011
2095,PRIME FOUNDRY LTD,17093075,active,ltd,2026-03-16,,,"82a James Carter Road, Mildenall, IP28 7DE, United Kingdom",58210; 62011
2096,PRODIGY LABS LTD,16904098,active,ltd,2025-12-11,,,"71-75 Shelton Street, Covent Garden, London, WC2H 9JQ, United Kingdom",58210; 58290; 62011; 62020
2097,PROELIUM STUDIOS LTD,10402651,active,ltd,2016-09-29,,"[{'ceased_on': '2019-11-26', 'effective_from': '2016-09-29', 'name': 'MAGIC MIRROR PARTIES LTD'}]","2e Accountants, Unit 11, Flamingo Court, 81 Crampton Street, London, SE17 3BF",58210
2098,PROJECTKLOWD GAME STUDIOS LTD,11414085,active,ltd,2018-06-13,,,"42 The Toose, Yeovil, BA21 3SN, England",58210
2099,PROJECT GAME CHANGER LTD,09533008,active,ltd,2015-04-09,,"[{'ceased_on': '2017-03-03', 'effective_from': '2015-04-09', 'name': 'DONT PAY MORE LTD'}]","2 Windle Park Abbey Road, Off Crank Road, St. Helens, Lancashire, WA11 7RG, England",47910; 62011
2100,PROJECTORGAMES LIMITED,06500284,active,ltd,2008-02-11,,,"Charlotte House, 500 Charlotte Road, Sheffield, South Yorkshire, S2 4ER, England",62090
2101,PROMETHEUS GAMES LTD,SC893280,active,ltd,2026-06-18,,,"The Beadies, Levenwick, Shetland, ZE2 9HX, Scotland",58210; 62011
2102,PROPER GAMES LIMITED,17083754,active,ltd,2026-03-10,,,"5 Beaufort Court, Admirals Way, London, E14 9XL, United Kingdom",58210
2103,PROTECTED VOID LIMITED,10131639,active,ltd,2016-04-19,,,"17 Kingston Hill Place, Kingston Hill, Kingston Upon Thames, Surrey, KT2 7QY, United Kingdom",58210; 62011
2104,PSYCHO ROBBIN LTD,14457328,active,ltd,2022-11-02,,,"C/O Jt Accounts Limited, 9 Woodgrange Avenue, Enfield, EN1 1EW, England",58210; 62011
2105,PSYGNOSIS LIMITED,01039371,active,ltd,1972-01-21,,"[{'ceased_on': '1985-07-03', 'effective_from': '1972-01-21', 'name': 'ROBERT SMITH & SONS (ENGINEERS BIRKENHEAD) LIMITED'}]","10 Great Marlborough Street, London, W1F 7LP",82990
2106,PSYTEC GAMES LTD,09376117,active,ltd,2015-01-06,,,"Troubleshooters Ltd, 65/66 Broad Street, Blaenavon, Torfaen, NP4 9NH, United Kingdom",62011
2107,PUFFIN GAMES LTD,14673214,active,ltd,2023-02-18,,,"71 High Street, Baldock, SG7 6BQ, England",62011
2108,PULSS DIGITAL LTD,16975736,active,ltd,2026-01-20,,,"71-75 Shelton Street, Covent Garden, London, WC2H 9JQ, United Kingdom",62011; 63120; 63990
2109,PULSEWAVE INTERACTIVE LTD,17071716,active,ltd,2026-03-04,,,"17 Taff Close, Rassau, Ebbw Vale, NP23 5TG, Wales",58210
2110,PUNCH GLASS STUDIOS LTD,17274347,active,ltd,2026-06-10,,,"22 Matthey Place, Crawley, RH10 3XA, England",58210; 62011
2111,PURE GAMES GROUP LTD,11563524,active,ltd,2018-09-11,,"[{'ceased_on': '2025-11-05', 'effective_from': '2018-09-11', 'name': 'PURE GAMES LIMITED'}]","46 Northumberland Avenue Northumberland Avenue, London, E12 5HA, United Kingdom",58210
2112,PURPLE BEAN GAMES LTD,17178373,active,ltd,2026-04-24,,,"11 Somerset Road, Farnborough, GU14 6DW, England",58210; 62011
2113,PURPLE KINGDOM GAMES LIMITED,10753613,active,ltd,2017-05-04,,,"Lytchett House 13 Freeland Park, Wareham Road, Poole, BH16 6FA, England",58210
2114,PUTW LTD,14470279,active,ltd,2022-11-08,,,"153 High Street, Beckenham, Kent, BR3 1AE, England",58210; 62011
2115,PUZZLE GAMES WORLD LTD,SC882464,active,ltd,2026-03-16,,,"The Connal Building, 34 West George St, Glasgow, Glasgow, G2 1DA, Scotland",58210; 62011; 62012
2116,PX4 GAMES & TECHNOLOGY CONSULTING LIMITED,10149311,active,ltd,2016-04-27,,,"40 Daneway, Southport, PR8 2QW, England",62011
2117,PYRA LIMITED,10709425,active,ltd,2017-04-04,,"[{'ceased_on': '2017-10-23', 'effective_from': '2017-04-04', 'name': 'AN00BIS GAMING LIMITED'}]","45-47 Cheapside, Spennymoor, DL16 6QF, England",93290
2118,PY GAME LTD,16821897,active,ltd,2025-10-30,,,"11 Elizabeth Maud Place, Headington, Oxford, OX3 9GY, England",58210
2119,QD EVENTS LIMITED,SC241462,active,ltd,2002-12-20,,"[{'ceased_on': '2007-05-23', 'effective_from': '2003-02-10', 'name': 'CLARION EVENTS SCOTLAND LIMITED '}, {'ceased_on': '2003-02-10', 'effective_from': '2002-12-20', 'name': 'DUNWILCO (1025) LIMITED'}]","Qd Events Limited, Scottish Event Campus, Glasgow, G3 8YW, Scotland",96090
2120,PYROSOME GAMES LTD,16435805,active,ltd,2025-05-07,,,"Flat 24 Marlow Court, Colindeep Lane, London, NW9 6EB, England",32401; 32409; 58210; 74100
2121,QUALIA GAMES LTD,17050185,active,ltd,2026-02-24,,,"Qualia Games Ltd, 124 City Road, London, EC1V 2NX, England",58210
2122,QUANDARY SOLUTIONS LTD,08782252,active,ltd,2013-11-19,,,"54 Mead Road, Cranleigh, Surrey, GU6 7BQ, England",62011; 62012; 62020
2123,QUANTUM CAT LTD,14440048,active,ltd,2022-10-24,,"[{'ceased_on': '2022-11-14', 'effective_from': '2022-10-24', 'name': 'LIQUID CAT STUDIOS LTD'}]","66 Paul Street, London, EC2A 4NA, England",58210; 62011
2124,QUEEN MARY UNIVERSITY OF LONDON STUDENTS' UNION LIMITED,08092471,active,private-limited-guarant-nsc,2012-06-01,,"[{'ceased_on': '2018-04-20', 'effective_from': '2012-06-01', 'name': ""QUEEN MARY, UNIVERSITY OF LONDON STUDENTS' UNION""}]","Students' Union Hub, 329 Mile End Road, London, E1 4NT",94990
2125,QUESTOR STUDIOS LTD.,09174762,active,ltd,2014-08-14,,,"Pond Farmhouse, Lillingstone Dayrell, Buckingham, MK18 5AS, England",62011
2126,QUEST ARTS INTERACTIVE LIMITED,06673860,active,ltd,2008-08-15,,"[{'ceased_on': '2010-11-01', 'effective_from': '2008-08-15', 'name': 'QUICK DOLPHIN LIMITED'}]","27 Underhill Crescent, Knighton, LD7 1DG, Wales",62011
2127,QUIET ROOM STUDIOS LTD,16554843,active,ltd,2025-07-01,,,"62 Lansdowne, Sebastopol, Pontypool, NP4 5EE, Wales",58210
2128,QUIWRA LTD,17136716,active,ltd,2026-04-04,,,"1c Sussex Heights, St. Margarets Place, Brighton, BN1 2FQ, England",58210; 62011
2129,QUIZAPP LTD,17204073,active,ltd,2026-05-07,,,"57 Birches Crest, Basingstoke, Hampshire, RG22 4RP, United Kingdom",58210; 62011
2130,QUIET TERMINAL INTERACTIVE LTD,16279708,active,ltd,2025-02-26,,,"82a James Carter Road, Mildenhall, Bury Saint Edmunds, IP28 7DE, United Kingdom",62011
2131,R8 GAMES LTD,09305545,active,ltd,2014-11-11,,,"Alford Works, Ingleby Road, Bradford, West Yorkshire, BD7 2AS, England",62011
2132,RAA STUDIOS LIMITED,12479616,active,ltd,2020-02-24,,,"4 Fernhurst Close, Beaconsfield, HP9 1AN, England",62011
2133,RAAZA LIMITED,07176896,active,ltd,2010-03-03,,,"3rd Floor 86-90 Paul Street, London, EC2A 4NE, United Kingdom",58210; 62011; 62012
2134,RABBIT HOLE GAMES LTD,13299742,active,ltd,2021-03-29,,,"82 Cranworth Gardens, London, SW9 0NT, England",62011
2135,RADICAL FORGE LTD,10426294,active,ltd,2016-10-13,,,"Abc Buildings, Quay Street, Manchester, M3 4AE, England",62011
2136,RACCTUALITY LIMITED,16932627,active,ltd,2025-12-28,,,"124-128 City Road, London, EC1V 2NX, England",58210; 62011
2137,RAGDOLLSTUDIOS LTD,17328661,active,ltd,2026-07-08,,,"44 Station Road, Weston-Super-Mare, BS22 7XL, United Kingdom",58210; 62011
2138,RAGING STORM STUDIOS LTD,16966755,active,ltd,2026-01-15,,,"60 Wynyard Drive, Morley, Leeds, LS27 9LS, England",58210
2139,RAIDEN LIMITED,09556212,active,ltd,2015-04-23,,,"9 Thorney Leys Park, Witney, Oxfordshire, OX28 4GE, United Kingdom",62011
2140,RAINFALL GAMES LIMITED,12461420,active,ltd,2020-02-13,,,"17 Malham Drive, Lincoln, LN6 0XD, England",62011; 62020
2141,RAILSIMULATOR.COM LIMITED,06751125,active,ltd,2008-11-17,,,"3rd Floor North, Fitted Rigging House, Anchor Wharf, The Historic Dockyard, Chatham, Kent, ME4 4TZ, United Kingdom",62011
2142,RAINBOOK STUDIOS LTD,16658744,active,ltd,2025-08-19,,,"71-75 Shelton Street, Covent Garden, London, WC2H 9JQ, United Kingdom",58190; 58210; 59112; 62011
2143,RAINY DAZE GAMES LIMITED,17146429,active,ltd,2026-04-09,,,"16 Oxford Road, Southampton, SO14 6QU, England",58210
2144,RAMPANT APPS LTD,SC391053,active,ltd,2011-01-06,,,"11 Illieston Castle Steadings, Broxburn, EH52 5PD, Scotland",62011
2145,RAMPANT GAMES LIMITED,10521440,active,ltd,2016-12-12,,,"6 The Haven, Hull, HU9 1TH, England",93290
2146,RANDOMNINE LIMITED,08216056,active,ltd,2012-09-17,,,"115c Milton Road, Cambridge, CB4 1XE, England",62011
2147,RAREDROP GAMES LTD,09516490,active,ltd,2015-03-28,,,"26 Berkeley Square, Bristol, BS8 1HP, England",62011
2148,RARE LIMITED,01905690,active,ltd,1985-04-16,,,"1 Blossom Yard, Fourth Floor, London, E1 6RS, United Kingdom",62020
2149,RAPTOR PR LTD,12012732,active,ltd,2019-05-22,,,"128 City Road, London, EC1V 2NX, United Kingdom",70210
2150,RASA STUDIOS LTD.,12242377,active,ltd,2019-10-03,,,"71-75 Shelton Street, Covent Garden, London, WC2H 9JQ, England",58210; 59112
2151,RASPBERRY PI FOUNDATION,06758215,active,private-limited-guarant-nsc-limited-exemption,2008-11-25,,,"37 Hills Road, Cambridge, CB2 1NT, England",74909
2152,RATTLE CAN GAMES LTD,14426210,active,ltd,2022-10-18,,,"Unit 10, Hebden Bridge Town Hall, St George's St, Hebden Bridge, HX7 7BY, United Kingdom",62011
2153,RAVENGROUNDS LIMITED,11089587,active,ltd,2017-11-30,,,"10 Butley Road, Felixstowe, Suffolk, IP11 2NY, United Kingdom",58210
2154,RAVEN IX STUDIO LTD,10583806,active,ltd,2017-01-25,,,"12 Jubilee Terrace, Sowerby Bridge, HX6 4AE, England",58210; 62011
2155,RAZOR SHARP STUDIOS LIMITED,07487871,active,ltd,2011-01-11,,,"Sutherland House, 1759 London Road, Leigh On Sea, Essex, SS9 2RZ, United Kingdom",62011; 62012
2156,READGRAVES LIMITED,13711085,active,ltd,2021-10-29,,,"Greenwood House, Greenwood Court, Bury St. Edmunds, IP32 7GY, England",62011
2157,READYAIMFIRE LIMITED,14432311,active,ltd,2022-10-20,,,"Suite 5 88a High Street, Billericay, CM12 9BT, England",59112
2158,READY SOFTWARE LIMITED,10423775,active,ltd,2016-10-12,,,"18 Redlands Road, Barkby, Leicester, LE7 3QP, England",58210; 62011
2159,REAL AXIS INTERACTIVE LTD,16625877,active,ltd,2025-08-04,,,"Unit 82a James Carter Road, Mildenhall, Bury St. Edmunds, IP28 7DE, England",58190; 62011; 62090
2160,PUDDLERS LTD.,12547411,active,ltd,2020-04-06,,"[{'ceased_on': '2026-09-17', 'effective_from': '2020-04-06', 'name': 'REALFIT VR LTD'}]","36 Parkhill Road, Hemel Hempstead, HP1 1TP, England",62011; 62012; 62020
2161,REALLY COOL PROJECTS LIMITED,13710365,active,ltd,2021-10-28,,,"3 Carters Meadow, North Marston, Buckingham, MK18 3QF, England",47410; 58210; 58290; 62011
2162,REALM STUDIOS LTD,11200174,active,ltd,2018-02-12,,,"124 City Road, London, EC1V 2NX, England",58210
2163,REALMWALKER STUDIOS LIMITED,16767381,active,ltd,2025-10-06,,,"35 Knole Road, Nottingham, NG8 2DB, England",58210; 58290
2164,REAL-TIME VISUALISATION LIMITED,03485012,administration,ltd,1997-12-23,,,"C/O Frp Advisory Trading Limited Derby House, 12 Winckley Square, Preston, PR1 3JJ",62090
2165,REANIMATE LTD,09368326,active,ltd,2014-12-29,,,"Suite 203, 266 Banbury Road, Oxford, OX2 7DL, England",58210; 62011
2166,REBELLION INTERACTIVE GAMES LIMITED,06643596,active,ltd,2008-07-10,,,"Riverside House, Osney Mead, Oxford, OX2 0ES",58210; 62011
2167,REBELLION DEVELOPMENTS LIMITED,02770940,active,ltd,1992-12-04,,,"Riverside House, Osney Mead, Oxford, OX2 0ES",58210; 62011
2168,REBELLION LIMITED,SC120259,active,ltd,1989-09-19,,"[{'ceased_on': '1989-11-09', 'effective_from': '1989-09-19', 'name': 'MALSIDE LIMITED'}]","27 Lauriston Street, Edinburgh, EH3 9DQ",74990; 90030
2169,REBELLION NORTH LTD,11721452,active,ltd,2018-12-11,,,"Riverside House, Osney Mead, Oxford, Oxfordshire, OX2 0ES, United Kingdom",62011
2170,REBELLION SOFTWARE LIMITED,04688527,active,ltd,2003-03-06,,"[{'ceased_on': '2003-12-04', 'effective_from': '2003-11-26', 'name': 'REBELLION SOFTWARE 2000 LIMITED '}, {'ceased_on': '2003-11-26', 'effective_from': '2003-03-06', 'name': 'SENTRIX SYSTEMS LIMITED'}]","Riverside House, Osney Mead, Oxford, OX2 0ES",58210; 62011
2171,REBELLION WARWICK LTD,07822337,active,ltd,2011-10-25,,"[{'ceased_on': '2019-07-01', 'effective_from': '2018-06-28', 'name': 'REBELLION (WARWICK) LTD'}, {'ceased_on': '2018-06-28', 'effective_from': '2013-09-24', 'name': 'RADIANT WORLDS LIMITED'}, {'ceased_on': '2013-09-24', 'effective_from': '2011-10-25', 'name': 'OLIVER TWINS LIMITED'}]","Riverside House, Osney Mead, Oxford, OX2 0ES, United Kingdom",62011
2172,REBOUND GAMES LTD,17251832,active,ltd,2026-06-01,,,"124-128 City Road, London, EC1V 2NX, England",58210; 62011
2173,REBOURNE STUDIOS LIMITED,08937755,active,ltd,2014-03-13,,"[{'ceased_on': '2014-11-21', 'effective_from': '2014-03-13', 'name': 'SKYBOURNE STUDIOS LIMITED'}]","11 Southerndown Road, Dudley, West Midlands, DY3 3NB, England",62011
2174,RECORD GAMES LTD,14410136,active,ltd,2022-10-11,,"[{'ceased_on': '2023-06-30', 'effective_from': '2022-10-11', 'name': 'ROB EDGINGTON GAMES LTD'}]","Preston Park House, South Road, Brighton, East Sussex, BN1 6SB, England",62011
2175,RECTANGLE LTD,SC571084,active,ltd,2017-07-12,,,"9 May Terrace, Glasgow, G42 9XF, Scotland",62011; 62090; 74100
2176,RECTAT LTD,16064341,active,ltd,2024-11-06,,,"10 Verna Street 10 Verna Street, Bury St. Edmunds, IP32 6FU, England",58210; 62011
2177,REDACTED GAMES LTD,SC838556,active,ltd,2025-02-21,,,"2/4 Grandville, Edinburgh, EH6 4TH, Scotland",62011
2178,RED BOOK GAMES LTD,12691516,active,ltd,2020-06-23,,,"39 Richmond Road, Colchester, CO2 7FJ, England",62011
2179,REDBREAST STUDIO LTD,07906572,active,ltd,2012-01-11,,,"185 Brighton Road, Purley, Surrey, CR8 4HF",58210
2180,RED BULL MEDIA HOUSE UK LTD,05771018,active,ltd,2006-04-05,,"[{'ceased_on': '2012-06-08', 'effective_from': '2006-05-22', 'name': 'RED BULL RECORDS LIMITED'}, {'ceased_on': '2006-05-22', 'effective_from': '2006-04-05', 'name': 'MUTANDERIS 517 LIMITED'}]","Seven Dials Warehouse Seven Dials Warehouse, 42-56 Earlham Street, London, WC2H 9LA, England",82990
2181,REDDOT GAMES STUDIOS LTD,14477963,active,ltd,2022-11-11,,,"12 Sandringham Close, Seaford, BN25 3EB, England",62011
2182,RED GIANT GAMES LTD,16463656,active,ltd,2025-05-20,,,"54 Vale Road, Windsor, London, Berkshire, SL4 5LA, England",62011
2183,RED EGO GAMES LTD,12413187,active,ltd,2020-01-20,,,"71-75 Shelton Street, Covent Garden, London, WC2H 9JQ, England",58210; 62011
2184,REDKAR LIMITED,12882396,active,ltd,2020-09-16,,,"1 Woodbury Lane, Salisbury, SP2 8FE, England",58210; 62011
2185,RED KITE GAMES LIMITED,07911481,active,ltd,2012-01-16,,,"32 Jessops Riverside, Brightside Lane, Sheffield, S9 2RX, United Kingdom",62011
2186,RED KITE SOFTWARE DEVELOPMENT LIMITED,11564865,active,ltd,2018-09-12,,,"32 Jessops Riverside, Brightside Lane, Sheffield, S9 2RX, England",58210; 62011
2187,REDLINE COLLECTIVE LIMITED,13440477,active,ltd,2021-06-07,,,"Vale View, Ripley Road, Knaresborough, North Yorkshire, HG5 9BY, England",58210; 62011
2188,RED PHANTOM GAMES LIMITED,07934546,active,ltd,2012-02-03,,,"3 The Mews, Clarendon Street, Leamington Spa, Warwickshire, CV32 4BE, England",58210; 62011
2189,RED LIZARD GAMES LTD,16292662,active,ltd,2025-03-04,,,"167 - 169 Great Portland Street, 5th Floor, London, W1W 5PF, England",58210
2190,RED ROVER INTERACTIVE LIMITED,14666472,active,ltd,2023-02-16,,,"The Stamp Exchange, Westgate Road, Newcastle Upon Tyne, NE1 1SA, England",62011
2191,RED ROVER INTERACTIVE UK LIMITED,14717780,active,ltd,2023-03-09,,,"The Stamp Exchange, Westgate Road, Newcastle Upon Tyne, NE1 1SA, England",62011
2192,RED SAIL GAMES LTD,08102069,active,ltd,2012-06-12,,,"32 Birch Avenue, Beeston, Nottingham, NG9 1LL",62011
2193,REDSHIFTED GAMES LTD,13858061,active,ltd,2022-01-19,,,"71-75 Shelton Street, Covent Garden, London, WC2H 9JQ, United Kingdom",58210; 62011; 63110
2194,REDWAY GAMES LTD,14304981,active,ltd,2022-08-18,,,"15 Hospital Drove, Long Sutton, Spalding, PE12 9EL, England",58210; 62011; 62012
2195,REENGAGE DEVELOPMENTS LTD,SC750340,active,ltd,2022-11-14,,,"Unit 8 The Vision Building, 20 Greenmarket, Dundee, DD1 4QB, Scotland",58210; 62011
2196,REELMAGNET LTD,16567498,active,ltd,2025-07-08,,,"5 Brayford Square, London, E1 0SG",62011; 63990
2197,REEF ENTERTAINMENT LIMITED,05372370,active,ltd,2005-02-22,,,"Reef Entertainment Ltd Unit 2 Beddington Lane Ind Est, 119 Beddington Lane, Croydon, Surrey, CR0 4TD",58190
2198,REFLECTAR LTD,14765348,active,ltd,2023-03-28,,,"75 Finchmoor, Harlow, CM18 6UF, England",58210; 62011
2199,REGOLITH GAMES LTD,06124429,active,ltd,2007-02-22,,,"2 Church Farm Barn, Halford, Craven Arms, Shropshire, SY7 9JG, England",62011; 62020
2200,REKE STUDIOS LIMITED,10524394,active,ltd,2016-12-14,,,"Flat 605 Distillery Tower Mill Lane, London, SE8 4HN, England",59111; 62011
2201,REKIM LIMITED,07815844,active,ltd,2011-10-19,,,"Willow Brook South Close, Lympsham, Weston-Super-Mare, BS24 0DZ, England",62011; 62090
2202,REGATTA GAMES LTD,17296425,active,ltd,2026-06-23,,,"Flat 159 Linden Court Brunswick Road, London, W5 1AL, England",58210
2203,RED WINE ENTERTAINMENT UK LTD,16264958,active,ltd,2025-02-20,,,"4 Stanthorne Close, Nottingham, NG11 7DU, England",62011
2204,REFORGED STUDIOS LIMITED,14085322,active,ltd,2022-05-04,,,"71-75 Shelton Street, Covent Garden, London, WC2H 9JQ, United Kingdom",58210; 62011; 63110
2205,RENEWABLES3D LIMITED,16247441,dissolved,ltd,2025-02-12,2026-08-11,,"233b Byron Road, Wealdstone, Harrow, Middlesex, HA3 7TD, United Kingdom",47410; 58290; 62011; 74100
2206,REMEX SOFTWARE LTD,09041865,active,ltd,2014-05-15,,,"Terminal E2, Farnborough Airport, Farnborough, Hampshire, GU14 6XA, United Kingdom",62011; 62012
2207,RENDERLAB LTD,17281041,active,ltd,2026-06-18,,,"2 Westmount Avenue, Chatham, ME4 6DA, United Kingdom",58290; 62011
2208,RENAISSANCE PR LTD,09861822,active,ltd,2015-11-09,,,"6 Corunna Court, Corunna Road, Warwick, CV34 5HQ, England",70210
2209,RENZORA LTD,17129374,active,ltd,2026-03-31,,,"61 Bridge Street, Kington, HR5 3DJ, United Kingdom",58210; 62011
2210,REPIXEL8 LTD,11786191,active,ltd,2019-01-24,,,"Hope Foundry, 65 Mabgate, Leeds, LS9 7DR, England",58210; 62011
2211,REPLAYED GAMES LIMITED,16301789,active,ltd,2025-03-07,,"[{'ceased_on': '2025-08-19', 'effective_from': '2025-03-07', 'name': 'READYTO LTD'}]","167 - 169 Great Portland Street, 5th Floor, London, W1W 5PF, England",62011
2212,REPUBLIC GAMES LTD,15545776,active,ltd,2024-03-07,,,"10 Cygnet Court, Stort Road, Bishop's Stortford, CM23 3EG, United Kingdom",62011
2213,REPLAY EVENTS LIMITED,07476461,active,ltd,2010-12-22,,,"12 Ainsdale Avenue, Bispham, Blackpool, FY2 0ET, England",93290
2214,RESBYTE GAMES LTD,SC865093,active,ltd,2025-10-03,,,"International House, 38 Thistle Street, Edinburgh, EH2 1EN, Scotland",62011
2215,RETRO GAMES LTD,09745704,active,ltd,2015-08-24,,,"166 The Mall, Luton, LU1 2TL, England",26400
2216,RETROPE STUDIOS LTD,16764496,active,ltd,2025-10-06,,,"256 Slade Road, Birmingham, B23 7RH, England",58210; 59112; 59200; 62011
2217,REVIVE ENTERTAINMENT LTD,SC840503,active,ltd,2025-03-07,,,"Third Floor, 3 Hill Street, Edinburgh, EH2 3JP, United Kingdom",32401; 58210
2218,REVERSE GAMES LTD,17153110,active,ltd,2026-04-13,,,"Flat 25 The Cable Yard, 51 Cheapside, Liverpool, L2 2DX, England",58210
2219,REVOLUTION SOFTWARE LIMITED,02484526,active,ltd,1990-03-23,,"[{'ceased_on': '1990-12-06', 'effective_from': '1990-03-23', 'name': 'TURNVALE LIMITED'}]","23 Ogleforth, York, North Yorkshire, YO1 7JG",58210; 62011; 90030
2220,REVOLGY UK LTD,08805310,active,ltd,2013-12-06,,"[{'ceased_on': '2018-07-03', 'effective_from': '2013-12-06', 'name': 'UKNETMAIL LTD'}]","Suite 126 Higham Hill Jsc, 313 Billet Road, London, E17 5PX",62020; 62090
2221,REV ROOMS (SOUND) LTD,12342436,active,ltd,2019-12-02,,,"1 Rev Rooms, 1 Clifton Mews, Brighton, BN1 3HR, England",62011
2222,REWARD RACER LTD,16532208,active,ltd,2025-06-20,,,"128 City Road, London, EC1V 2NX, United Kingdom",58210; 62011; 62090
2223,REWIND PRODUCTIONS LTD,11349353,active,ltd,2018-05-08,,,"20 High Street, St. Albans, AL3 4EL, United Kingdom",58210; 59112; 62011
2224,REYN INTERACTIVE LIMITED,16076373,active,ltd,2024-11-12,,,"3rd Floor, 86-90 Paul Street, London, England, EC2A 4NE, United Kingdom",58210; 62011
2225,RG GROUP LTD,11436560,active,ltd,2018-06-27,,,"5a Colbeck Mews, London, SW7 4LX, England",64209
2226,RH INTERACTIVE LTD,10591650,active,ltd,2017-01-30,,,"37 Sussex Way, London, N7 6RT, England",62011; 90030
2227,RHOMITA LTD,17189797,active,ltd,2026-04-29,,,"71-75 Shelton Street, Covent Garden, London, WC2H 9JQ, United Kingdom",58210; 62011
2228,RHYANOVA LTD,17251608,active,ltd,2026-06-01,,,"Unit A, 82 James Carter Road, Mildenhall, IP28 7DE, United Kingdom",58210; 62011
2229,RICHARD LOXLEY LIMITED,03944363,active,ltd,2000-03-09,,,"2 Courtney Way, Bristol, Avon, BS15 9RB",58290; 62011; 62012; 63120
2230,RIFTER GAMES LTD,09576221,active,ltd,2015-05-06,,,"71-75 Shelton Street, Covent Garden, London, WC2H 9JQ, England",58210; 62011
2231,RIOT GAMES SERVICES LIMITED,08818044,active,ltd,2013-12-17,,,"5 New Street Square, London, EC4A 3TW",82990
2232,RIPSTONE LTD.,07489192,active,ltd,2011-01-11,,"[{'ceased_on': '2012-03-12', 'effective_from': '2011-04-27', 'name': 'REBELPLAY LTD'}, {'ceased_on': '2011-04-27', 'effective_from': '2011-01-11', 'name': 'GAMING INC LTD'}]","5 Myrtle Street, Liverpool, L7 7DN, England",58210; 62011
2233,RIRA GAMES LTD,17248137,active,ltd,2026-05-28,,"[{'ceased_on': '2026-06-05', 'effective_from': '2026-05-28', 'name': 'PHAT KAT GAMES LTD'}]","13 Judge Heath Lane, Hayes, UB3 2NY, England",58210
2234,RISHO GAMES LTD,16405284,active,ltd,2025-04-24,,,"C/O Accountshelp, Regus, 1 Elmfield Park, Bromley, BR1 1LU, England",58210; 62011; 62012
2235,RIVET GAMES LIMITED,SC605121,active,ltd,2018-08-13,,"[{'ceased_on': '2018-12-18', 'effective_from': '2018-08-13', 'name': 'THURSO SOFTWARE LIMITED'}]","131 Glasgow Road, Perth, PH2 0LU, Scotland",62011
2236,RISING SUN STUDIOS LTD,09014164,active,ltd,2014-04-28,,,"6 The Seven Stars, Fox Road, Seisdon, Wolverhampton, WV5 7HD, England",62011
2237,RND GAMES LTD,16808713,active,ltd,2025-10-24,,,"79 Holcombe Close, Bathampton, Bath, BA2 6UP, England",58210
2238,RIZVIUR LTD,16984401,active,ltd,2026-01-23,,,"71-75 Shelton Street, Covent Garden, London, WC2H 9JQ, United Kingdom",58210; 62011
2239,ROADSIDE GAMES LTD,16696167,active,ltd,2025-09-05,,,"28 Burrows Crescent, Chipping Norton, OX7 5TZ, England",58210
2240,ROBERTS & CO BUNSEN OUTLET LIMITED,08787812,active,ltd,2013-11-25,,,"Preston Park House, South Road, Brighton, East Sussex, BN1 6SB, United Kingdom",62011
2241,ROARAN LIMITED,SC633577,active,ltd,2019-06-17,,,"1/2 41 Riverford Road, Glasgow, G43 1RX, Scotland",58210
2242,ROBINSON ARTS AND GAMES LTD,13957992,active,ltd,2022-03-05,,,"1 Wadsley Lane, Sheffield, S6 4EA, United Kingdom",62011
2243,ROBOT TEDDY LIMITED,10847056,active,ltd,2017-07-03,,,"17 Queens Lane, Newcastle Upon Tyne, Tyne And Wear, NE1 1RN, United Kingdom",62020
2244,ROBUST ARTS LTD,16635401,active,ltd,2025-08-07,,,"7 Brandish Crescent, Nottingham, NG11 9JZ, England",58210; 62011
2245,ROBUST GAMES LIMITED,13285961,active,ltd,2021-03-23,,,"Preston Park House, South Road, Brighton, East Sussex, BN1 6SB, England",62011
2246,ROCKET FUEL GAMES LTD,12327184,active,ltd,2019-11-21,,,"Asm House, 103 A Keymer Road, Hassocks, West Sussex, BN6 8QL, England",62011
2247,ROCKET FLAIR STUDIOS LTD,NI647159,active,ltd,2017-07-31,,,"44 Inisclan Road, Omagh, BT79 7QB, Northern Ireland",62012
2248,ROCKET SCIENCE CORPORATION (UK) LTD,14437277,active,ltd,2022-10-24,,"[{'ceased_on': '2022-11-04', 'effective_from': '2022-10-24', 'name': 'ROCKET SCIENCE CORPORATION LTD'}]","4th Floor Elgin House, 106-107 St Marys Street, Cardiff, CF10 1DX, United Kingdom",62011
2249,ROCKSOFT LTD,11635118,active,ltd,2018-10-22,,,"Suite 15a Stone Cross Place, Stone Cross Lane North, Warrington, Lancashire, WA3 2SH, England",32401; 58210
2250,ROCKSTAR DUNDEE LIMITED,06574738,active,ltd,2008-04-23,,"[{'ceased_on': '2020-10-06', 'effective_from': '2008-04-23', 'name': 'RUFFIAN GAMES LIMITED'}]","7 Savoy Court, London, WC2R 0EX, United Kingdom",82990
2251,ROCKSTAR GAMES UK LIMITED,03312220,active,ltd,1997-02-04,,"[{'ceased_on': '2021-12-22', 'effective_from': '2002-05-30', 'name': 'ROCKSTAR NORTH LIMITED'}, {'ceased_on': '2002-05-30', 'effective_from': '2002-03-27', 'name': 'ROCKSTAR STUDIOS LIMITED'}, {'ceased_on': '2002-03-27', 'effective_from': '1997-04-10', 'name': 'DMA DESIGN LIMITED'}, {'ceased_on': '1997-04-10', 'effective_from': '1997-02-04', 'name': 'PINCO 900 LIMITED'}]","7 Savoy Court, London, WC2R 0EX, United Kingdom",58290
2252,ROCKSTAR INTERNATIONAL LIMITED,05584724,active,ltd,2005-10-06,,,"7 Savoy Court, London, WC2R 0EX, United Kingdom",58290
2253,ROCKSTAR LONDON LIMITED,05902287,active,ltd,2006-08-10,,,"7 Savoy Court, London, WC2R 0EX, United Kingdom",58290
2254,ROCKSTEADY STUDIOS LIMITED,05280625,active,ltd,2004-11-08,,,"Chiswick Park Building 2, 566 Chiswick High Road, London, W4 5YB, England",62090
2255,ROCKTAPUS LTD,12409052,active,ltd,2020-01-17,,,"17 Henley Drive Henley Drive, Thorpe Thewles, Stockton-On-Tees, TS21 3FQ, England",62011
2256,ROCKWATER GAMES LTD,13548422,active,ltd,2021-08-04,,"[{'ceased_on': '2022-11-08', 'effective_from': '2021-08-04', 'name': 'RIPSTONE GAME STUDIOS (LIVERPOOL) LTD'}]","5 Myrtle Street, Liverpool, L7 7DN, England",62011
2257,ROCKWOOD INTERACTIVE LTD,17161828,active,ltd,2026-04-16,,,"6 The Wold, Claverley, Wolverhampton, WV5 7BD, England",58210; 62011; 62012; 63120
2258,RODENT STUDIO LTD,16882699,active,ltd,2025-12-01,,,"82a James Carter Road, Mildenhall, IP28 7DE, United Kingdom",58210; 62011
2259,ROEHAMPTON UNIVERSITY,05161359,active,private-limited-guarant-nsc-limited-exemption,2004-06-23,,,"Grove House, Roehampton Lane, London, SW15 5PJ",85421; 85422
2260,ROGUE DIGITAL STUDIOS LTD,17271235,active,ltd,2026-06-09,,,"128 City Road, London, EC1V 2NX, United Kingdom",62011
2261,ROGUEBYTE INTERACTIVE LTD,16262250,active,ltd,2025-02-19,,,"128 City Road, London, EC1V 2NX, United Kingdom",58210; 58290; 62011
2262,ROLLINGMEDIA LIMITED,06580350,active,ltd,2008-04-30,,,"7 Savoy Court, London, WC2R 0EX, United Kingdom",62011; 74909
2263,ROOM 17 STUDIO LTD,10791672,active,ltd,2017-05-26,,"[{'ceased_on': '2022-06-15', 'effective_from': '2017-05-26', 'name': 'ROOM 17 GAMES LTD'}]","11 High Street, Ruddington, Nottingham, NG11 6DT, England",62011
2264,ROSPEATH STUDIOS LTD,10458884,active,ltd,2016-11-02,,,"2 Morningside Close, Cheltenham, Glos, GL52 3BY, England",58210; 58290; 62090
2265,ROUGH RIDE GAMES LIMITED,09041032,active,ltd,2014-05-15,,,"Unit W3a Danny Morson Way, Birch Coppice Business Park, Dordon, Tamworth, Staffs, B78 1SE",62011
2266,ROUND SQUARES STUDIOS LTD,10954172,active,ltd,2017-09-08,,,"20 Lon Dderwen, Connah's Quay, Deeside, CH5 4WG, United Kingdom",62011
2267,ROVIO UK LIMITED,09081846,active,ltd,2014-06-11,,,"10 John Street, London, WC1N 2EB",58290
2268,ROWAN GAMES LTD,SC829907,active,ltd,2024-11-25,,,"2/3, 48 West George Street, Glasgow, G2 1BP, United Kingdom",62011
2269,ROXOR GAMING LIMITED,11881927,active,ltd,2019-03-14,,"[{'ceased_on': '2019-07-12', 'effective_from': '2019-03-14', 'name': 'RABBITFOOT GAMES (UK) LIMITED'}]","27 Old Gloucester St, London, WC1N 3AX, United Kingdom",62011
2270,RS GAMES LTD,16930016,active,ltd,2025-12-23,,,"39 Dartmouth Road, London, NW4 3HY, England",58210
2271,RPG RAID ROLEPLAYING GAMES LTD,13397694,active,ltd,2021-05-14,,,"2nd Floor, Bureau, 90 Fetter Lane, London, EC4A 1EN, England",62011
2272,RSM UK GROUP LLP,OC325346,active,llp,2007-01-15,,"[{'ceased_on': '2015-10-26', 'effective_from': '2007-01-15', 'name': 'BAKER TILLY UK GROUP LLP'}]","6th Floor 25 Farringdon Street, London, EC4A 4AB",
2273,RSM UK MANAGEMENT LIMITED,03077999,active,ltd,1995-07-10,,"[{'ceased_on': '2018-03-02', 'effective_from': '2008-10-01', 'name': 'BAKER TILLY MANAGEMENT LIMITED'}, {'ceased_on': '2008-10-01', 'effective_from': '1995-07-10', 'name': 'BAKER TILLY SERVICES LIMITED'}]","6th Floor 25 Farringdon Street, London, EC4A 4AB",82990
2274,RUBBERDUCKYSNACKS LIMITED,15150490,active,ltd,2023-09-20,,,"30 The Street, Upper Sheringham, Sheringham, Norfolk, NR26 8AD, England",62011
2275,RUBBER ROAD LTD,08233870,active,ltd,2012-09-28,,,"Attimore Barn, Ridgeway, Welwyn Garden City, AL7 2AD, England",62011
2276,RUBICON MOBILE LTD,05397209,active,ltd,2005-03-17,,,"Spring Cottage Lynch Lane, Calbourne, Newport, Isle Of Wight, PO30 4JQ, England",62011
2277,RUDE RAVEN GAMES LTD,SC749302,active,ltd,2022-11-03,,,"24 Woodburn Park, Hamilton, ML3 6AL, Scotland",62011
2278,RUISHENG HOLDINGS LIMITED,14635014,active,ltd,2023-02-02,,,"16 Great Queen Street, Covent Garden, London, WC2B 5AH, United Kingdom",46190; 58210; 73120
2279,RUMPUS ANIMATION LIMITED,07637023,active,ltd,2011-05-17,,,"56 Willway Yard Willway Street Bedminster, Bedminster, Bristol, BS3 4AZ, England",58210; 59113; 62011
2280,RUNE CUBE STUDIOS LTD,16577713,active,ltd,2025-07-11,,,"26 Heol Pant-Yr-Awel, Pantyrawel, Bridgend, CF32 7LA, Wales",62011
2281,RUNEHUSTLE LTD.,16500739,active,ltd,2025-06-06,,,"Suite 302 4 Station Square, Cambridge, CB1 2GE, England",58290; 62011; 62020; 73110
2282,RUNESTONE GAMES LIMITED,05091036,active,ltd,2004-04-01,,,"1-2 Johnston Road, Woodford Green, IG8 0XA, England",62011
2283,RUNNER DUCK GAMES INDEPENDENT LTD,17247567,active,ltd,2026-05-28,,,"19 Windmill Close, Hove, BN3 7LJ, England",62011
2284,RUNNER DUCK GAMES LIMITED,10473771,active,ltd,2016-11-10,,,"2nd Floor 44-46 Sekforde Street, London, EC1R 0HA, United Kingdom",62011
2285,RUPAGENCY LIMITED,16516388,active,ltd,2025-06-13,,,"16516388 - COMPANIES HOUSE DEFAULT ADDRESS, Cardiff, CF14 8LH",58210; 61900; 62011; 62020
2286,RXLJY LTD,17215644,active,ltd,2026-05-12,,,"Director's Office No.49, Unit 7 Wilsons Business Park, Manchester, M40 8WN, United Kingdom",47910; 58210; 62011
2287,S6 LONDON LIMITED,16190806,active,ltd,2025-01-17,,,"62 Ruskin Avenue, Essex, Southend-On-Sea, SS2 5HA",62011; 62020; 63990
2288,S2 ENTERTAINMENT LIMITED,09362263,active,ltd,2014-12-19,,,"111 Shrubland Street, Leamington Spa, Warwickshire, CV31 2AR",62011
2289,SACRIFICE GAMES LTD,16693151,active,ltd,2025-09-03,,"[{'ceased_on': '2026-03-20', 'effective_from': '2025-09-03', 'name': 'CHESS WAGER LTD'}]","115 Baker Street, London, W1U 6RT, England",58210; 62011; 63120; 93290
2290,SAD OWL STUDIOS LIMITED,13384882,active,ltd,2021-05-10,,"[{'ceased_on': '2022-11-15', 'effective_from': '2021-05-10', 'name': 'ROBOT TURTLE LIMITED'}]","102 Bromstone Road, Broadstairs, CT10 2HX, England",62011
2291,SALICA INVESTMENTS LIMITED,08760647,active,ltd,2013-11-04,,"[{'ceased_on': '2024-06-20', 'effective_from': '2013-11-04', 'name': 'HAMBRO PERKS LTD'}]","6-8 Greencoat Place, London, SW1P 1PL, United Kingdom",70229
2292,SAKORA STUDIOS LIMITED,NI729727,active,ltd,2025-05-23,,,"17 Cairnshill Green, Belfast, BT8 6RN, United Kingdom",58290; 62011
2293,SALIENT ENTERTAINMENT LTD,16835518,active,ltd,2025-11-06,,,"55a Battersea Bridge Road, Battersea Bridge Road, London, SW11 3AX, England",62011
2294,SALTLIGHT CITY LTD,16249204,active,ltd,2025-02-13,,,"56 William Bull Place, Springfield, Chelmsford, Essex, CM1 6GP, England",62011; 62020; 63120; 63990
2295,SALIX GAMES LTD,10097915,active,ltd,2016-04-01,,,"Preston Park House, South Road, Brighton, East Sussex, BN1 6SB, United Kingdom",62011
2296,SALT STONE STUDIOS LTD,NI634766,active,ltd,2015-11-11,,"[{'ceased_on': '2024-10-10', 'effective_from': '2024-02-15', 'name': 'BELLULAR STUDIOS LTD'}, {'ceased_on': '2024-02-15', 'effective_from': '2015-11-11', 'name': 'COFFEE BOX GAMES LTD'}]","Aisling House, 50 Stranmillis Embankment, Belfast, BT9 5FL, Northern Ireland",62011
2297,SALTY STUDIOS GAMES LTD,17232842,active,ltd,2026-05-20,,,"327 Stoughton Road, Guildford, GU2 9LR, United Kingdom",62011
2298,SAM CLAYDON GAMES LTD,14492122,active,ltd,2022-11-18,,,"5 Commercial Road, Shepton Mallet, BA4 5BU, England",62011
2299,SANDBANK STUDIOS LIMITED,11440187,active,ltd,2018-06-29,,,"Fortis House Vision Accounting, Fortis House, Westridge Business Park, Ryde, Isle Of Wight, PO33 1QT, United Kingdom",58210; 70229; 74100
2300,SANCTUARY WOODS LIMITED,12108265,active,ltd,2019-07-17,,,"Office Suite, 6a Market Place, Brigg, North Lincs, DN20 8HA, England",62011
2301,SANDCAT STUDIOS LTD,17355129,active,ltd,2026-07-22,,,"128 City Road, London, EC1V 2NX, United Kingdom",58210
2302,SAND DUNE GAMES LTD,16594406,active,ltd,2025-07-21,,,"13 Lyddesdale Avenue, Thornton-Cleveleys, FY5 3EQ, England",58210
2303,SANDFORD TECH LIMITED,13267496,active,ltd,2021-03-15,,,"32 Opal Way, Wokingham, RG41 3UL, England",58210
2304,SAND GARDENERS LTD,13188781,active,ltd,2021-02-09,,,"71-75 Shelton Street, Covent Garden, London, WC2H 9JQ, United Kingdom",58210; 62011; 90030
2305,SANITY CHECK GAMES LTD,16153020,active,ltd,2024-12-27,,,"47 Rowan Apartments Seven Sisters Road, London, N4 1FS, United Kingdom",47650; 58210; 63120
2306,SARACEN GAMES LTD,11524133,active,ltd,2018-08-17,,,"77 Grange Road, London, SE25 6TH, United Kingdom",58210
2307,SAPPHIRE REMAINCO LIMITED,07372832,active,ltd,2010-09-10,,"[{'ceased_on': '2025-06-17', 'effective_from': '2015-01-26', 'name': 'THE CHINESE ROOM LTD'}, {'ceased_on': '2015-01-26', 'effective_from': '2010-09-10', 'name': 'THECHINESEROOM LIMITED'}]","32 Jessops Riverside, Brightside Lane, Sheffield, S9 2RX, England",62011
2308,SARAGAN GAMES LIMITED,16316193,active,ltd,2025-03-14,,,"120 Cavendish Place, Eastbourne, BN21 3TZ, England",58210
2309,SASA ENTERTAINMENT LTD,12312400,active,ltd,2019-11-13,,,"56 Eldon House 56 Eldon Hose, 52 Aerodrome Road, London, NW9 5ZP, England",62011
2310,SAUCE GAMES LTD,17082929,active,ltd,2026-03-10,,,"8 Board Street, Ashton-Under-Lyne, OL6 9QA, England",58210; 58290
2311,SASHIMI GAMES LIMITED,11181634,active,ltd,2018-02-01,,,"C/O Shepherd And Wedderburn Llp, 1-6 Lombard Street, London, EC3V 9AA, England",62011
2312,SAVAGE GAME GROUP LIMITED,10865746,active,ltd,2017-07-14,,"[{'ceased_on': '2017-08-16', 'effective_from': '2017-07-14', 'name': 'SAVAGE GAME DESIGN LIMITED'}]","Preston Park House, South Road, Brighton, BN1 6SB, England",62011
2313,SAVAGE GAME DESIGN LIMITED,10870879,active,ltd,2017-07-18,,"[{'ceased_on': '2017-08-16', 'effective_from': '2017-07-18', 'name': 'SAVAGE GAME GROUP LIMITED'}]","Preston Park House, South Road, Brighton, BN1 6SB, England",62011
2314,SAVAGE GAME PROJECTS LIMITED,13701803,active,ltd,2021-10-25,,,"Preston Park House, South Road, Brighton, BN1 6SB, England",62011
2315,SAVAGE PIXEL STUDIOS LIMITED,12292220,active,ltd,2019-10-31,,,"Unit 29 Highcroft Industrial Estate, Enterprise Road, Waterlooville, Hampshire, PO8 0BT, England",62011
2316,SAYWHEN TECH LTD,17293699,active,ltd,2026-06-22,,,"66 Paul Street, London, England, EC2A 4NA, United Kingdom",58290; 62011
2317,SCALE OF DEEDS LTD,16459874,active,ltd,2025-05-19,,,"124-128 City Road, London, EC1V 2NX, England",47910; 58210; 62011
2318,SCAN COMPUTERS INTERNATIONAL LIMITED,02620081,active,ltd,1991-06-13,,,"56 Chorley New Road, Bolton, Lancs, BL1 4AP",26200; 47410; 62090
2319,SCANSION LTD,16276018,active,ltd,2025-02-25,,,"167-169 Great Portland Street 167-169 Great Portland Street, 5th Floor, London, W1W 5PF, England",58290; 62011
2320,SCARY BEASTIES LIMITED,06452322,active,ltd,2007-12-13,,,"Office 127 22 Notting Hill Gate, London, W11 3JE, England",62011
2321,SCARY STUDIOS LTD,SC874109,active,ltd,2026-01-05,,,"112 George Street, Edinburgh, EH2 4LH, Scotland",58210
2322,SCATTERBRAIN GAMES LTD,17354774,active,ltd,2026-07-22,,,"32 Cromwell Road, Tamworth, B79 8ND, England",58210; 62011
2323,SCENEGRAPH STUDIOS LTD,10903302,active,ltd,2017-08-07,,"[{'ceased_on': '2018-05-16', 'effective_from': '2017-08-07', 'name': 'JET ENGINE TECHNOLOGIES LTD'}]","Pod 14 Start-Yard, 108 Church Street, Birkenhead, Wirral, CH41 5JA, United Kingdom",62011; 62090
2324,SCIENCE: GAMED LTD,09578994,active,ltd,2015-05-07,,"[{'ceased_on': '2017-09-07', 'effective_from': '2015-05-07', 'name': 'SCIENCE GAMING LIMITED'}]","62 White Lion Road, Amersham, HP7 9JS, England",58210; 62011
2325,SCI GAMES LIMITED,02201262,active,ltd,1987-12-01,,"[{'ceased_on': '2002-04-11', 'effective_from': '1994-04-11', 'name': 'SCI (SALES CURVE INTERACTIVE) LIMITED'}, {'ceased_on': '1994-04-11', 'effective_from': '1988-04-21', 'name': 'THE SALES CURVE LIMITED'}, {'ceased_on': '1988-04-21', 'effective_from': '1987-12-01', 'name': 'MAINDRELL LIMITED'}]","C/O Square Enix Ltd, 240 Blackfriars Road, London, SE1 8NW, England",58210
2326,SCRAP ALLEY STUDIOS LTD,17145519,active,ltd,2026-04-09,,,"6 Meadow Gardens, Rishton, Blackburn, BB1 4RQ, England",62011
2327,SCOPELY UK LIMITED,12217303,active,ltd,2019-09-20,,,"3rd Floor 1 Ashley Road, Altrincham, Cheshire, WA14 2DT, United Kingdom",58210; 58290
2328,SCREAMING CAT STUDIOS LTD,14627660,active,ltd,2023-01-31,,,"22 Sykes Walk, Batley, WF17 0PR, England",58210; 58290; 62011; 62012
2329,SCREEN BURN INTERACTIVE LIMITED,SC500575,active,ltd,2015-03-16,,"[{'ceased_on': '2025-07-23', 'effective_from': '2015-03-16', 'name': 'NO CODE LIMITED'}]","243 West George Street, Glasgow, G2 4QE, Scotland",62011
2330,SCRIPTORIA ILLUMINATE LIMITED,14536999,active,ltd,2022-12-12,,,"30 Dale Road, Buxton, SK17 6ND, England",58210; 62011
2331,SCRIBBLE GAMES LTD,09280203,active,ltd,2014-10-24,,,"92 Kelham Hall Drive, Wheatley, Oxford, OX33 1YB, United Kingdom",62011
2332,SCYTE STUDIOS LTD,16493048,active,ltd,2025-06-03,,,"Victoria Building, Victoria Road, Middlesbrough, TS1 3AP, United Kingdom",62011
2333,SECOND IMPACT GAMES LIMITED,07764771,active,ltd,2011-09-07,,,"8 Winmarleigh Street, Warrington, Cheshire, WA1 1JW, England",62090
2334,SEACORP TECHNOLOGIES LIMITED,09639625,active,ltd,2015-06-15,,,"Office 43, 1000 Lakeside, North Harbour, Portsmouth, Hampshire, PO6 3EZ, United Kingdom",62011
2335,SECOND RIVER GAMES LTD,16705965,active,ltd,2025-09-09,,"[{'ceased_on': '2026-07-21', 'effective_from': '2025-09-09', 'name': 'MINDFUL CLOUD GAMES LTD'}]","Unit A, 82 James Carter Road, Mildenhall, IP28 7DE, United Kingdom",58210; 62011; 62012
2336,SECOND STAR GAMES LIMITED,16369582,active,ltd,2025-04-07,,,"The Brew House, Greenalls Avenue, Warrington, WA4 6HL, England",58210
2337,SECRET DEV DIGITAL LTD,17348332,active,ltd,2026-07-20,,,"Suite A, 82 James Carter Road, Mildenhall, IP28 7DE, United Kingdom",58210; 62011
2338,SEGA PUBLISHING EUROPE LIMITED,05562700,active,ltd,2005-09-13,,,"Building 12 Chiswick Business Park, 566 Chiswick High Road, London, W4 5AN, England",58210
2339,SEGA EUROPE LIMITED,01669057,active,ltd,1982-10-04,,"[{'ceased_on': '1991-09-03', 'effective_from': '1989-10-17', 'name': 'VIRGIN MASTERTRONIC LIMITED'}, {'ceased_on': '1989-10-17', 'effective_from': '1988-06-23', 'name': 'VIRGIN GAMES LIMITED'}, {'ceased_on': '1988-06-23', 'effective_from': '1987-04-22', 'name': 'VIRGIN INTERACTIVE PUBLISHING LIMITED'}, {'ceased_on': '1987-04-22', 'effective_from': '1983-02-21', 'name': 'VIRGIN GAMES LIMITED'}, {'ceased_on': '1983-02-21', 'effective_from': '1982-10-04', 'name': 'STOCKMAROON LIMITED'}]","Building 12 Chiswick Business Park, 566 Chiswick High Road, London, W4 5AN, England",96090
2340,SECRET SORCERY LIMITED,09550581,dissolved,ltd,2015-04-20,2026-09-29,,"71 Queen Victoria Street, London, EC4V 4BE, United Kingdom",62011
2341,SERENDIPITUNE LIMITED,17350474,active,ltd,2026-07-20,,,"167 - 169 Great Portland Street, 5th Floor, London, W1W 5PF, England",58290; 62011
2342,SEGA PUBLISHING EUROPE VGDC LIMITED,12431834,active,ltd,2020-01-29,,,"Building 12 Chiswick Business Park, 566 Chiswick High Road, London, W4 5AN, England",62011
2343,SEPTAGRAM GAMES LTD,14732739,active,ltd,2023-03-15,,,"11 Queens Corner, West Mersea, Colchester, CO5 8RG, England",62011
2344,SERENE CONTENT STUDIOS LTD,16220664,active,ltd,2025-01-31,,,"3rd Floor, 86-90 Paul Street, London, England, EC2A 4NE, United Kingdom",62011
2345,SEMAEOPUS LTD.,08905783,active,ltd,2014-02-21,,,"The Cartlodge Brookend, Stebbing, Dunmow, Essex, CM6 3AA, England",62011
2346,SELF TAPE BATTLE LTD,16783175,active,ltd,2025-10-14,,,"131 Finsbury Pavement, London, EC2A 1NT, United Kingdom",58210; 62011
2347,SEVENTH DISORDER LTD,16377689,active,ltd,2025-04-09,,,"9 Lawrie Avenue, Ramsbottom, Bury, BL0 9NW, England",58210; 62011
2348,SERVICES ALM LTD,14236016,active,ltd,2022-07-15,,"[{'ceased_on': '2023-08-11', 'effective_from': '2022-07-15', 'name': 'ALM ENTERTAINMENT LIMITED'}]","20 Rose Tree Grove, New Earswick, York, YO32 4AX, England",43999; 46730; 82990
2349,SERIOUS POINT GAMES LTD,15564475,active,ltd,2024-03-15,,,"10 Queensway, Maidenhead, SL6 7SB, United Kingdom",62011; 73120
2350,SESH GAMING LTD,16081539,active,ltd,2024-11-15,,,"124 City Road, Sesh Gaming Ltd, London, EC1V 2NX, United Kingdom",58210; 62011
2351,SEVON DIGITAL LTD,16268806,active,ltd,2025-02-21,,,"71-75 Shelton Street, Covent Garden, London, WC2H 9JQ, United Kingdom",58290; 62011
2352,SEYMOUR STUDIOS LTD,16278197,active,ltd,2025-02-26,,,"124 City Road, London, EC1V 2NX, United Kingdom",58210
2353,SHARED WORLDS ENTERTAINMENT LTD,17335989,active,ltd,2026-07-13,,,"82a James Carter Road, Mildenhall, IP28 7DE, United Kingdom",58210; 62011
2354,SFB GAMES LIMITED,08072089,active,ltd,2012-05-16,,,"Unit 119 The Light Bulb, Filament Walk, London, SW18 4GQ, England",62011
2355,SHAD0W REALM STUDIOS LTD,17284312,active,ltd,2026-06-18,,,"19 Salisbury Road, Grays, RM17 6DG, United Kingdom",58190; 58210; 59112; 62011
2356,SHARK INFESTED CUSTARD LTD,08545385,active,ltd,2013-05-28,,,"Stannards Cottage Pound Hill, Bacton, Stowmarket, Suffolk, IP14 4LP",62011
2357,SHARKBOWL GAMES LTD,10898873,active,ltd,2017-08-03,,"[{'ceased_on': '2018-01-02', 'effective_from': '2017-08-03', 'name': 'SHARK BOWL GAMES LTD'}]","55 Cooks Road, London, SE17 3NG, United Kingdom",62011
2358,SHARKMOB LONDON LTD.,12604807,active,ltd,2020-05-15,,,"6th Floor One London Wall, London, EC2Y 5EB, United Kingdom",62011
2359,SHARP GLASS GAMES LTD,NI731744,active,ltd,2025-07-25,,,"Opus House, 137 York Road, Belfast, BT15 3GZ, Northern Ireland",62011; 74100
2360,SHAVEN PUPPY LIMITED,03956602,active,ltd,2000-03-27,,,"42 Lytton Road, Barnet, EN5 5BY",62011
2361,SHEDWORKS DIGITAL LIMITED,09889570,active,ltd,2015-11-26,,,"37 Sylvester Road, N2 8hn, N2 8HN, United Kingdom",62011; 62012
2362,SHELDON RESEARCH LTD,14206452,active,ltd,2022-06-30,,"[{'ceased_on': '2026-05-15', 'effective_from': '2026-01-07', 'name': 'BOT RESEARCH LTD'}, {'ceased_on': '2026-01-07', 'effective_from': '2022-06-30', 'name': 'PAVIA GAMES LTD'}]","Seven Grange Lane, Pitsford, Northampton, NN6 9AP, England",62011; 62020
2363,SHELF GAMES LTD,11932377,active,ltd,2019-04-08,,,"68 Kempston Street, Does Liverpool, Liverpool, L3 8HL, England",62011
2364,SHERIMEDIA LTD,11210550,active,ltd,2018-02-16,,"[{'ceased_on': '2018-02-23', 'effective_from': '2018-02-16', 'name': 'DOUBLE JUMP MARKETING LTD'}]","102 Bromstone Road, Broadstairs, CT10 2HX, England",70210; 70229
2365,SHELLSCRAPE GAMES LTD,16860402,active,ltd,2025-11-17,,,"Flat 10 35 Coombe Road, Kingston Upon Thames, KT2 7AY, England",58210
2366,SHIFTY EYED STUDIOS LTD,12525918,active,ltd,2020-03-19,,,"27 Wham Bar Drive, Heywood, OL10 4PZ, England",62011
2367,SHIDUL LTD,16988866,active,ltd,2026-01-26,,,"65 London Wall, London, EC2M 5TU, United Kingdom",58210; 59112; 62011
2368,SHINY HAPPY STUDIOS 1 LTD,10488833,active,ltd,2016-11-21,,,"38 Crossfield Road, Southend-On-Sea, SS2 4LS, United Kingdom",62011
2369,SHIVERS STORY TIME LTD,17308527,active,ltd,2026-06-30,,,"71-75 Shelton Street, Covent Garden, London, WC2H 9JQ, United Kingdom",58210; 62011
2370,SHOKIZM INTERACTIVE LTD,10905167,active,ltd,2017-08-08,,,"1c Green Dragon Lane, Brentford, TW8 0EN, United Kingdom",58210; 59200; 90030
2371,SHORTIES STUDIOS LTD,17090831,active,ltd,2026-03-13,,,"Glebe Business Park, Lunts Heath Road, Widnes, Cheshire, WA8 5SQ, United Kingdom",62011
2372,SHOWDIMOUND LTD,16235110,dissolved,ltd,2025-02-06,2026-08-04,,"2nd Floor College House, 17 King Edwards Road,, Ruislip,, London,, HA4 7AE, United Kingdom",58210; 58290; 61900; 63990
2373,SHOWROOM DUMMIES LIMITED,17362346,active,ltd,2026-07-27,,,"Apartment 302 Beetham Plaza 25 The Strand, Liverpool, L2 0XJ, England",58290; 62011
2374,SHOWSTORM LIMITED,06781684,active,ltd,2008-12-31,,,"Tower Point,, 44 North Road, Brighton, BN1 1YR, England",62011
2375,SHRAPNELWORKS LTD,16801654,active,ltd,2025-10-22,,,"128 City Road, London, EC1V 2NX, United Kingdom",58210; 62011; 62090; 63110
2376,SHUNYAT STUDIOS LTD,16980890,active,ltd,2026-01-22,,,"3rd Floor, 86-90 Paul Street, London, England, EC2A 4NE, United Kingdom",58290; 62011; 62012; 71129
2377,SIDEWALK GAMES LIMITED,16802646,active,ltd,2025-10-22,,,"8th Floor 167 Fleet Street, London, EC4A 2EA, United Kingdom",58210
2378,SIEGE4ENTERTAINMENT LIMITED,16925952,active,ltd,2025-12-22,,,"4a 4a West Hill, London, HA9 9RS, United Kingdom",58210; 62011
2379,SIGIL INITIATIVE LTD,11260032,active,ltd,2018-03-16,,,"62 High Street, Redbourn, St. Albans, AL3 7LN, England",58210; 63110
2380,SIGMATAU DESIGN LTD,16357231,active,ltd,2025-04-01,,,"29 Hillside Road, Blidworth, Mansfield, NG21 0TR, England",58290; 62011; 74100; 90030
2381,SIGTRAP LTD,09197381,active,ltd,2014-09-01,,,"102 Bromstone Road, Broadstairs, CT10 2HX, England",62012
2382,SILENT GAMES LTD,11600265,active,ltd,2018-10-02,,,"Ground Floor, Tru-Knit House, 9-11 Carliol Sq, Newcastle Upon Tyne, NE1 6UF, United Kingdom",62011
2383,SILO GAMES LIMITED,09222602,active,ltd,2014-09-17,,,"18 Durand Lane, Flitch Green, Dunmow, Essex, CM6 3FT",62011; 68209
2384,SILVER HOARD STUDIOS LTD,16559806,active,ltd,2025-07-03,,,"Green Grove, Felinfach, Lampeter, SA48 8AG, Wales",62011
2385,SILVERLINE GAMES LIMITED,17282798,active,ltd,2026-06-18,,,"4 Underwood Rise, Tunbridge Wells, TN2 5RY, England",58210; 62011
2386,SILVERGAMING LTD,14788829,active,ltd,2023-04-10,,,"4 Glencoe Terrace, Millbridge, Liversedge, WF15 7HT, United Kingdom",58210; 62011
2387,SILVER RAIN GAMES LTD,12352047,active,ltd,2019-12-06,,,"C/O Affect Simpsons Fm, Pentlow, Sudbury, CO10 7JT, England",58210
2388,SILVERRUNE INTERACTIVE LIMITED,17218454,active,ltd,2026-05-13,,,"Unit 82a James Carter Road, Mildenhall, Bury St. Edmunds, IP28 7DE, England",47910; 58210; 59112; 62011
2389,SILVER SCRIPT GAMES LTD,14425695,active,ltd,2022-10-18,,,"102 Bromstone Road, Broadstairs, CT10 2HX, England",62011
2390,SILVERSUN STUDIOS LTD,16639853,active,ltd,2025-08-10,,,"3 Valley Road, Totton, Southampton, SO40 9FJ, England",58210; 62011
2391,SILVER STREAM STUDIO LTD,NI652117,active,ltd,2018-04-03,,,"Ormeau Baths, 18 Ormeau Avenue, Belfast, Co Antrim, BT2 8HS",58210
2392,SIM155 LIMITED,05722013,active,ltd,2006-02-27,,"[{'ceased_on': '2014-12-24', 'effective_from': '2006-02-27', 'name': 'SCIOSOCCER LIMITED'}]","38 Westminster Oval, Norton, TS20 1UX",62011
2393,SILVIX STUDIO LIMITED,17231964,active,ltd,2026-05-20,,,"82a James Carter Road, Mildenhall Suffolk, IP28 7DE, United Kingdom",32409; 47910; 58210; 62011
2394,SIMBIN STUDIOS UK LIMITED,10377580,active,ltd,2016-09-15,,,"The Barn 2 Ropers Green Lane, High Halstow, Rochester, Kent, ME3 8AD",62011; 62012; 62090
2395,SIMIAN STUDIOS LTD,16357132,active,ltd,2025-04-01,,,"116 High Street, Landbeach, Cambridge, CB25 9FT, England",58210
2396,SINGER GAME DEVELOPMENTS LIMITED,14003423,active,ltd,2022-03-25,,,"Preston Park House, South Road, Brighton, East Sussex, BN1 6SB, England",62011
2397,SINGER INTERACTIVE LIMITED,03664349,active,ltd,1998-11-09,,"[{'ceased_on': '2021-09-07', 'effective_from': '2017-04-05', 'name': 'SINGER FILMS ENTERTAINMENT LIMITED'}, {'ceased_on': '2017-04-05', 'effective_from': '1998-11-09', 'name': 'BARRIER HYGIENE LIMITED'}]","Preston Park House, South Road, Brighton, East Sussex, BN1 6SB, England",59111
2398,SINGULARITY LEAP LIMITED,16790476,active,ltd,2025-10-16,,,"Flat 107 25 Indescon Square, London, E14 9DG, England",58210; 62011; 62090
2399,SINGLEWAVE GAMES LIMITED,11860421,active,ltd,2019-03-05,,,"Labana Nursery, Doles Lane, Wokingham, Berkshire, RG41 4DZ, United Kingdom",58210; 62020
2400,SIRSPLAT GAME STUDIO LTD,17207181,active,ltd,2026-05-08,,,"66 Paul Street, London, England, EC2A 4NA, United Kingdom",58210; 58290
2401,SISTERHOOD GAMES LTD,16213718,active,ltd,2025-01-28,,,"2 Frederick Street, Kings Cross, London, WC1X 0ND, United Kingdom",58210; 62011
2402,SIX TO START LIMITED,06289098,active,ltd,2007-06-21,,,"Preston Park House, South Road, Brighton, East Sussex, BN1 6SB, United Kingdom",59111
2403,SIX OF ONE GAMES LTD,16123580,active,ltd,2024-12-09,,,"124-128 City Road, London, EC1V 2NX, England",62011
2404,SIZE FIVE GAMES LIMITED,06777512,active,ltd,2008-12-19,,"[{'ceased_on': '2011-05-18', 'effective_from': '2008-12-19', 'name': 'ZOMBIE COW STUDIOS LIMITED'}]","6, Round Chimneys, Glanvilles Wootton, Sherborne, Dorset, DT9 5QQ",62011
2405,SKC STUDIOS LIMITED,12042744,active,ltd,2019-06-10,,"[{'ceased_on': '2025-10-07', 'effective_from': '2019-06-10', 'name': 'SKC GAMES STUDIO LIMITED'}]","The Epicentre Enterprise Way, Withersfield, Haverhill, CB9 7LR, England",58210
2406,SKELETON GAMES LTD,14275121,active,ltd,2022-08-03,,,"32 Snowberry Walk, Bristol, BS5 7DG, United Kingdom",62011
2407,SKETCHBOOK GAMES LTD,10522172,active,ltd,2016-12-13,,,"The Green House, Block C, Unit 2, Parkside Office Village, Nesfield Road,, Knowledge Gateway,, Colchester,, Essex,, CO4 3ZL, United Kingdom",62011
2408,SKILLSEARCH LIMITED,05735564,active,ltd,2006-03-09,,,"4th Floor Huntingdon House, 20 North Street, Brighton, BN1 1EB, England",82990
2409,SKETCHY LOGIC LTD,09328865,active,ltd,2014-11-26,,,"Flat 6 7 Banister Road, London, W10 4AG, United Kingdom",62011
2410,SKYBOUND GAMES UK LIMITED,11668599,active,ltd,2018-11-08,,,"Jubilee House 32 Duncan Close, Moulton Park, Northampton, NN3 6WL, United Kingdom",58210
2411,SKYBOUND INTERACTIVE LTD,07730209,active,ltd,2011-08-05,,,"F25 Waterfront Studios, 1 Dock Road, London, E16 1AH, United Kingdom",62020
2412,SKYFOX GAMES UK LTD,16267366,active,ltd,2025-02-21,,,"16267366 - COMPANIES HOUSE DEFAULT ADDRESS, Cardiff, CF14 8LH",58210
2413,SKYHOOK GAMES STUDIO LTD,06289588,active,ltd,2007-06-22,,"[{'ceased_on': '2014-06-24', 'effective_from': '2007-06-22', 'name': 'PRESENTWISE LIMITED'}]","Studio H, Digital House, 44 Simpson Street, Liverpool, L1 0AX, England",62012
2414,SKYLE GAMES LIMITED,14094608,active,ltd,2022-05-09,,,"3rd Floor 86-90 Paul Street, London, EC2A 4NE, England",62011
2415,SKY TRAVELLER STUDIOS LTD,17119095,active,ltd,2026-03-26,,,"1 Park Drive, Ferring, Worthing, BN12 5DX, England",58210
2416,SKYLIX GAMES LIMITED,17317210,active,ltd,2026-07-03,,,"Suite A, 82 James Carter Road, Mildenhall, IP28 7DE, United Kingdom",58210
2417,SKYROCKET U.K. LIMITED,04840993,active,ltd,2003-07-22,,"[{'ceased_on': '2019-02-27', 'effective_from': '2004-03-02', 'name': 'HOTGEN LIMITED'}, {'ceased_on': '2004-03-02', 'effective_from': '2003-07-22', 'name': 'NETHEROCK LIMITED'}]","Airport House Suite 43 - 45, Purley Way, Croydon, Surrey, CR0 0XZ, United Kingdom",82990
2418,SKYVIEW ENTERTAINMENT LIMITED,NI646288,active,ltd,2017-06-08,,,"7 Knowledge House, Down Business Park, 46 Belfast Road, Downpatrick, BT30 9UP, Northern Ireland",46900
2419,SKYWARD DIGITAL LIMITED,10810095,active,ltd,2017-06-08,,,"6 Hillside Terrace, Yeovil, BA21 4HR, England",62011
2420,SLATE GAMES LTD,14155265,active,ltd,2022-06-07,,,"128 City Road, London, EC1V 2NX, United Kingdom",32409; 58210; 58290; 62011
2421,SKYWARD DRAGON LIMITED,17222075,active,ltd,2026-05-15,,,"Unit 82a James Carter Road, Mildenhall, Bury St. Edmunds, IP28 7DE, England",47910; 58210; 59112; 62011
2422,SKYWARD SONIC STUDIOS LTD,14824203,active,ltd,2023-04-24,,,"71-75 Shelton Street Shelton Street, Covent Garden, London, WC2H 9JQ, England",62011
2423,SLEEPY BARD STUDIOS LIMITED,SC849988,active,ltd,2025-05-27,,,"11 Swallowtail Court, Dundee, DD4 0LX, Scotland",58210
2424,SLEEPING BEAR GAMES LTD,17340170,active,ltd,2026-07-14,,,"Unit 6 Lincoln Park Industrial Site, Lincoln Way, Clitheroe, BB7 1QD, England",58210; 62011
2425,SLAWTER STUDIOS LTD,11926466,active,ltd,2019-04-04,,,"Endeavour House, 2 Maxwell Way, Crawley, West Sussex, RH10 9SY, England",58290; 62011
2426,SLEEPY KITTEN LTD,11121837,active,ltd,2017-12-21,,,"Unit 9 Talargoch Industrial Estate, Meliden Road, Rhyl, Denbighshire, LL18 6DJ, Wales",47910; 58210
2427,SLINGSHOT CARTEL LLP,OC413640,active,llp,2016-09-09,,,"Slingshot Cartel Llp, 20-22 Wenlock Road, London, N1 7GU, England",
2428,SLIGHTLY MAD STUDIOS LIMITED,06552778,active,ltd,2008-04-02,,"[{'ceased_on': '2008-12-04', 'effective_from': '2008-12-03', 'name': 'BLUE DAWN GAMES LIMITED'}, {'ceased_on': '2008-12-03', 'effective_from': '2008-04-02', 'name': 'SLIGHTLY MAD STUDIOS LIMITED'}]","Onslow House, Onslow Street, Guildford, Surrey, GU1 4TN, United Kingdom",62090
2429,SLITHERINE SOFTWARE UK LIMITED,04040067,active,ltd,2000-07-25,,,"34 Anyards Road, Cobham, Surrey, KT11 2LA",46510
2430,SLIPSTREAM STUDIOS LTD,17234117,active,ltd,2026-05-21,,,"9 Humber Road, Ferndown, BH22 8XN, England",58210
2431,SLOT MONKEY STUDIOS LIMITED,16728708,active,ltd,2025-09-19,,,"Rubis House, Friarn Street, Bridgwater, Somerset, TA6 3LH, England",58210; 92000
2432,SLOTSFIGHTER ENTERTAINMENT LTD,16368242,active,ltd,2025-04-07,,,"16368242 - COMPANIES HOUSE DEFAULT ADDRESS, Cardiff, CF14 8LH",47710; 59112; 62011
2433,SLUG DISCO STUDIOS LIMITED,08862352,active,ltd,2014-01-27,,,"C/O Does Liverpool The Tapestry, 68-76 Kempston Street, Liverpool, Merseyside, L3 8HL, England",62011
2434,SLURP GAMES LTD,16988501,active,ltd,2026-01-26,,,"Flat 5 5 Moreton Road, South Croydon, CR2 7DN, England",62011
2435,SMAC GAMES LTD,09686658,active,ltd,2015-07-15,,,"Flat 4, 36 East Dulwich Grove, London, SE22 8PP, England",58210
2436,SMART INTERACTIVE LTD,05318923,active,ltd,2004-12-22,,"[{'ceased_on': '2009-10-11', 'effective_from': '2006-10-24', 'name': 'SMART PRESENTATIONS LTD'}, {'ceased_on': '2006-10-24', 'effective_from': '2004-12-22', 'name': 'FIRST4FLASH LIMITED'}]","3 Church Lane, Bradley, Grimsby, DN37 0AB, England",62011
2437,SMASHMOUTH GAMES LTD,05846219,active,ltd,2006-06-14,,,"Reedham House, 31 King Street West, Manchester, M3 2PJ",62090
2438,S&M ENTERTAINMENT LTD,16656124,active,ltd,2025-08-18,,,"5 Craven Close, Hayes, UB4 0SB, England",62011
2439,SMILEY GAMES LTD,07544773,active,ltd,2011-02-28,,,"246 Waterloo Quay, Waterloo Road, Liverpool, L3 0BS",62011
2440,SMOKE & MIRRORS LTD.,13707480,active,ltd,2021-10-27,,"[{'ceased_on': '2025-05-13', 'effective_from': '2021-10-27', 'name': 'SMOKE & MIRRORS GAMES LTD'}]","4 Stoke Newington High Street, Flat B, London, N16 7PL, England",62011
2441,SNACKBOX GAMES LTD,16841906,active,ltd,2025-11-09,,,"Flat 27 Waterlow Court, Heath Close, London, NW11 7DT, England",58210
2442,SMOOGLE GAMES LTD,16979668,active,ltd,2026-01-21,,,"26 Lady Acre Close, Lymm, WA13 0SR, England",58210
2443,SNAIL KITTY LTD,16852609,active,ltd,2025-11-13,,,"61 Bridge Street 61 Bridge Street, Kington, Herefordshire, HR5 3DJ, United Kingdom",58210; 62011; 74100
2444,SNAPBACK INTERACTIVE LTD,17145654,active,ltd,2026-04-09,,,"45 Ivy Graham Close, Manchester, M40 3AS, England",58210
2445,SNAP DOG GAMES LTD,16805365,active,ltd,2025-10-23,,,"34 Fields Court, Warwick, CV34 5HP, England",58210
2446,SNAP FINGER CLICK LIMITED,09422021,active,ltd,2015-02-04,,,"James House, 2 Brunswick Terrace, Hove, BN3 1HN, England",62011
2447,SNAPPY MEDIA LTD,11708878,active,ltd,2018-12-03,,"[{'ceased_on': '2023-02-24', 'effective_from': '2018-12-03', 'name': 'SNAPPY GAMES LIMITED'}]","71 - 75 Shelton Street, Covent Garden, London, WC2H 9JQ, England",58210
2448,SNEAK PREVIEW E-COMMERCE DEVELOPMENT LTD,10694842,active,ltd,2017-03-28,,"[{'ceased_on': '2025-04-30', 'effective_from': '2017-03-28', 'name': 'FEZ DIGITAL LIMITED'}]","1 Glen Cottages, Allendale, Hexham, NE47 9QN, England",62011
2449,SNOW FOX STUDIO LTD,17158001,active,ltd,2026-04-14,,,"62 Woburn Drive, Thorney, Peterborough, PE6 0SN, England",58210; 62011; 62020; 62090
2450,SNOWGLOW GAMES LTD,14076615,active,ltd,2022-04-28,,,"18 Markenfield Road, Guildford, GU1 4PB, England",62011
2451,SOFTLOCK STUDIOS LTD,SC848876,active,ltd,2025-05-17,,,"46 Bailie Drive, Bearsden, Glasgow, G61 3AH, Scotland",58210; 62011
2452,SOFT EXIT STUDIOS LTD,17024826,active,ltd,2026-02-10,,,"Flint Barn, Park Road Lane, Birchington, CT7 0EP, England",62011
2453,SOFTWARE FOR PUBLISHING AND DEVELOPING ENTERTAINMENT AND INTERACTIVE APPLICATIONS AND GAMES LTD,16387275,active,ltd,2025-04-15,,,"4 Portal Way, London, W3 6RT, England",58210; 58290; 62011; 62012
2454,SOLD OUT SALES & MARKETING LIMITED,06989121,active,ltd,2009-08-12,,"[{'ceased_on': '2013-11-25', 'effective_from': '2009-08-12', 'name': 'INTERNATIONAL BUSINESS NINJAS SALES & MARKETING LIMITED'}]","Second Floor, 3 Dorset Rise, London, EC4Y 8EN, United Kingdom",82990
2455,SOLE SURVIVOR GAMES LTD,10875649,active,ltd,2017-07-20,,,"71-75 Shelton Street, Covent Garden, London, WC2H 9JQ, England",58210; 58290; 62012; 62090
2456,SOLSTICE DEVELOPMENT STUDIOS LTD,17049322,active,ltd,2026-02-23,,,"71-75 Shelton Street, Covent Garden, London, WC2H 9JQ, United Kingdom",58210; 62011
2457,SOLUS STUDIOS LTD,17217442,active,ltd,2026-05-13,,,"124 City Road, London, EC1V 2NX, United Kingdom",58210
2458,SOMETHING SOMETHING GAMES LTD.,11335555,active,ltd,2018-04-28,,,"128 City Road, London, EC1V 2NX, United Kingdom",58210
2459,SOMEWHAT UNSETTLING LTD,SC642210,active,ltd,2019-09-20,,,"5 South Charlotte Street, Edinburgh, EH2 4AN, Scotland",58210; 62011
2460,SOMNIUM SPACE LTD.,11137993,active,ltd,2018-01-08,,,"159 High Street, Barnet, EN5 5SU, England",58210; 58290; 62011
2461,SONA INSURANCE SOLUTIONS LTD,12300506,active,ltd,2019-11-06,,"[{'ceased_on': '2023-07-17', 'effective_from': '2020-08-06', 'name': 'POZITIVE INSURANCE SOLUTIONS LTD'}, {'ceased_on': '2020-08-06', 'effective_from': '2019-11-06', 'name': 'POZITIVE INSURE LTD'}]","The Innovation Centre Knowledge Gateway, Boundary Road, Colchester, Essex, CO4 3ZQ, England",66220
2462,SONIC BOOM LIMITED,06837616,active,ltd,2009-03-05,,,"Alpha House, 4 Greek Street, Stockport, Cheshire, SK3 8AB, United Kingdom",62090
2463,SONY DADC UK LIMITED,05640889,active,ltd,2005-11-30,,"[{'ceased_on': '2021-03-28', 'effective_from': '2017-05-02', 'name': 'SONY DADC EUROPE LIMITED'}, {'ceased_on': '2017-05-02', 'effective_from': '2006-05-18', 'name': 'SONY DADC UK LIMITED'}, {'ceased_on': '2006-05-18', 'effective_from': '2005-11-30', 'name': 'MUTANDERIS 513 LIMITED'}]","C/O Company Secretarial Dept, 280 Bishopsgate, London, EC2M 4AG, United Kingdom",18201; 18202; 26800; 52103
2464,SONY INTERACTIVE ENTERTAINMENT DIRECT EUROPE LIMITED,03754597,active,ltd,1999-04-20,,"[{'ceased_on': '2021-06-15', 'effective_from': '1999-07-07', 'name': 'EVOLUTION STUDIOS LIMITED'}, {'ceased_on': '1999-07-07', 'effective_from': '1999-04-20', 'name': 'TWINNEXT LIMITED'}]","10 Great Marlborough Street, London, W1F 7LP",62020; 62090; 63110
2465,SONY INTERACTIVE ENTERTAINMENT UK LIMITED,02829355,active,ltd,1993-06-22,,"[{'ceased_on': '2016-07-29', 'effective_from': '1998-04-01', 'name': 'SONY COMPUTER ENTERTAINMENT UK LIMITED'}, {'ceased_on': '1998-04-01', 'effective_from': '1993-08-25', 'name': 'SONY ELECTRONIC PUBLISHING LIMITED'}, {'ceased_on': '1993-08-25', 'effective_from': '1993-06-22', 'name': 'BANNERWARE LIMITED'}]","10 Great Marlborough Street, London, W1F 7LP",58190
2466,SONY INTERACTIVE ENTERTAINMENT EUROPE LIMITED,03277793,active,ltd,1996-11-13,,"[{'ceased_on': '2016-07-29', 'effective_from': '1996-11-25', 'name': 'SONY COMPUTER ENTERTAINMENT EUROPE LIMITED'}, {'ceased_on': '1996-11-25', 'effective_from': '1996-11-13', 'name': 'ELECTROCORP LIMITED'}]","10 Great Marlborough Street, London, W1F 7LP",62090
2467,SOOTHSAYER GAMES LIMITED,09298495,active,ltd,2014-11-06,,,"C/O Wilson Partners Tor, Saint-Cloud Way, Maidenhead, Berkshire, SL6 8BN, England",62011; 62012
2468,SOPHUN GAMES LIMITED,14486662,active,ltd,2022-11-15,,,"C/O Flb Accountants Llp 1010 Eskdale Road, Winnersh Triangle, Wokingham, RG41 5TS, United Kingdom",58210; 62011
2469,SORIVA ENTERTAINMENT LTD,17316799,active,ltd,2026-07-03,,,"Orchard Cottage, Cole Street Lane, Gillingham, SP8 5JQ, England",58210; 62011
2470,SO ROMANTIC LTD,11171456,active,ltd,2018-01-26,,,"6 South Lynn Drive, Eastbourne, East Sussex, BN21 2JF, England",62011
2471,SOUL ASSEMBLY LTD,12509624,active,ltd,2020-03-10,,"[{'ceased_on': '2022-05-17', 'effective_from': '2020-03-10', 'name': 'PIXEL TOYS GAMES LTD'}]","Regent Square House, Regent Street, Leamington Spa, Warwickshire, CV32 4NS, United Kingdom",62011
2472,SOUL LABS STUDIOS LTD,16451122,active,ltd,2025-05-14,,,"20 Wenlock Road, London, N1 7GU, England",47650; 47710; 58210; 58290
2473,SOULO GAMES LTD,NI731518,active,ltd,2025-07-18,,,"9 Aghaloughan Road, Randalstown, Antrim, BT41 3LG, Northern Ireland",58210; 62011
2474,SOUL SENSE INTERACTIVE LTD,13819537,active,ltd,2021-12-29,,,"2 Goseley Crescent, Hartshorne, Swadlincote, DE11 7HA, England",62011
2475,SOUNDCLASH137 LIMITED,17249134,active,ltd,2026-05-29,,,"Flat, 13 Carr Lane, Cleethorpes, DN35 7RZ, United Kingdom",58210; 62011
2476,SOUNDCUTS LTD,07906519,active,ltd,2012-01-11,,"[{'ceased_on': '2012-02-09', 'effective_from': '2012-01-11', 'name': 'SOUND CUTS LTD'}]","64 Abbey Road, Chertsey, KT16 8NG, England",59200; 74909
2477,SOUTH WESTERLY GAMES LTD,14212806,active,ltd,2022-07-04,,,"Preston Park House, South Road, Brighton, East Sussex, BN1 6SB, United Kingdom",62011
2478,SPACE APE GAMES (UK) LTD,07956131,active,ltd,2012-02-20,,"[{'ceased_on': '2012-06-06', 'effective_from': '2012-02-20', 'name': 'BETSNAP LTD'}]","First Floor, 100 New Oxford Street, London, WC1A 1HB, United Kingdom",58290; 93290
2479,SPACE APE STUDIOS LIMITED,11789118,active,ltd,2019-01-25,,,"First Floor 100 New Oxford Street, London, WC1A 1HB, United Kingdom",58210
2480,SPACEBOUND STUDIOS LTD,13124377,active,ltd,2021-01-11,,,"88 Hill Village Road, Four Oaks, Sutton Coldfield, B75 5BE, England",58210; 59112; 62011
2481,SPACE COLONY STUDIOS LTD,14464646,active,ltd,2022-11-06,,,"International House, 10 Churchill Way, Cardiff, CF10 2HE, Wales",62011
2482,SPACEHOPPER STUDIOS LIMITED,05089030,active,ltd,2004-03-30,,,"16 Hooking Green, Harrow, Middlesex, HA2 6AD",62011
2483,SPACE LIZARD STUDIO LTD,09637083,active,ltd,2015-06-12,,,"2 Birch Close, 2 Birch Close, Cambridge, CB4 1XN, England",62011
2484,SPACEMANSFX LTD,13707060,active,ltd,2021-10-27,,,"79 Phoenix Way, London, SW18 2PW, England",58210; 62011
2485,SPARROW GAMES LTD,16445397,active,ltd,2025-05-12,,,"Apartment 5 76 Wigan Road, Standish, Wigan, WN6 0BA, England",58210
2486,SPEAKSPROUT LTD,17289945,active,ltd,2026-06-20,,,"71-75 Shelton Street, Covent Garden, London, WC2H 9JQ, United Kingdom",58210; 62011
2487,SPAWNPOINT FOR KIDS LTD,16615769,active,ltd,2025-07-30,,,"24 Brookside Business Park, Stone, Staffordshire, ST15 0RZ, England",32401; 58210; 62011
2488,SPEARTOOTH STUDIOS LTD,12103532,active,ltd,2019-07-15,,,"8 Marsden Park, York, YO30 4WX, England",62011
2489,SPECIALEFFECT.ORG.UK LIMITED,06040232,active,private-limited-guarant-nsc,2007-01-03,,,"Units 9-12, Southill Business Park Cornbury Park, Charlbury, Chipping Norton, OX7 3EW, England",93290
2490,SPECTRUM48 LIMITED,10414596,active,ltd,2016-10-06,,,"Highlands, Gwel-An-Mor, Mawgan Porth, Cornwall, TR8 4DW, United Kingdom",62011; 74100
2491,SPHERE GAME STUDIOS LIMITED,10725534,active,ltd,2017-04-13,,,"380a Larkfield, Aylesford, ME20 6RZ, England",58210
2492,SPORT AND FINANCIAL LTD,11042076,active,ltd,2017-11-01,,,"20-22 Wenlock Road, London, N1 7GU, England",62011; 62012; 70229
2493,SPOREWORK STUDIOS LTD,16830277,active,ltd,2025-11-04,,,"71-75 Shelton Street, Covent Garden, London, WC2H 9JQ, United Kingdom",62011
2494,SPORTS INTERACTIVE LIMITED,02950954,active,ltd,1994-07-21,,"[{'ceased_on': '1994-11-09', 'effective_from': '1994-07-21', 'name': 'IMAGECHARM LIMITED'}]","Building 12 Chiswick Business Park, 566 Chiswick High Road, London, W4 5AN, England",96090
2495,SPORTY GAMES LIMITED,05145293,active,ltd,2004-06-04,,"[{'ceased_on': '2026-04-30', 'effective_from': '2004-06-04', 'name': 'TOWER STUDIOS LIMITED'}]","C/O Hns Accountants Limited 79 College Road,, Regus,, Harrow,, HA1 1BD, United Kingdom",62012
2496,SPRITE CONSULTANCY LTD,15420891,active,ltd,2024-01-17,,,"5 Lorraine Road, Camberley, Surrey, GU15 4EF, England",70229
2497,SPUDMACHINE STUDIOS LIMITED,12237094,active,ltd,2019-10-01,,,"34 Sumbler Drive, Calne, Wiltshire, SN11 8PB, United Kingdom",58210
2498,SPYDERWEB STUDIOS LTD,14366939,active,ltd,2022-09-21,,,"Lytchett House, 13 Freeland Park, Wareham Road, Poole, Dorset, BH16 6FA, United Kingdom",62011
2499,SPRYTOSAUR LTD,11340254,active,ltd,2018-05-01,,,"Flat 41 Pemberton House, Denman Avenue, Southall, UB2 4FX, England",58210; 62011; 62020
2500,SPYSQUAD STUDIOS LTD,16721332,active,ltd,2025-09-16,,,"50 Terras Road, St. Stephen, St. Austell, PL26 7RT, England",58210; 64209; 77400; 90030
2501,SQUARE ENIX LIMITED,01804186,active,ltd,1984-03-29,,"[{'ceased_on': '2009-11-09', 'effective_from': '1996-05-31', 'name': 'EIDOS INTERACTIVE LIMITED'}, {'ceased_on': '1996-05-31', 'effective_from': '1990-10-26', 'name': 'DOMARK GROUP LIMITED'}, {'ceased_on': '1990-10-26', 'effective_from': '1984-05-11', 'name': 'DOMARK LIMITED'}, {'ceased_on': '1984-05-11', 'effective_from': '1984-03-29', 'name': 'ANTROCROWN LIMITED'}]","240 Blackfriars Road, London, SE1 8NW",58210
2502,SQUAD INC LTD,12821368,active,ltd,2020-08-18,,,"8 Forsells End, Houghton-On-The-Hill, Leicester, LE7 9HQ, England",62011; 62012
2503,SQUAREHEAD STUDIOS LTD,09202387,active,ltd,2014-09-03,,,"49 Somerset Street, Abertillery, Gwent, NP13 1DL, Wales",62011
2504,SQUARE SLICE STUDIOS LIMITED,SC540428,active,ltd,2016-07-18,,,"30 Glasgow Road, Edinburgh, EH12 8HL, Scotland",62011
2505,SQUIRE CODE STUDIOS LTD,SC858871,active,ltd,2025-08-13,,,"32 Drummond Way, Perth, PH1 0AQ, Scotland",58210; 62011
2506,STACHE CAT STUDIOS LTD,16543260,active,ltd,2025-06-26,,,"461 Lodge Lane, New Addington, Croydon, CR0 0TA, England",58210; 62011
2507,STAINLESS GAMES LIMITED,04297229,active,ltd,2001-10-02,,"[{'ceased_on': '2002-04-23', 'effective_from': '2001-10-02', 'name': 'ACTION MERCURY LIMITED'}]","130 -132 High Street, Newport, Isle Of Wight, PO30 1TP",62011
2508,STARDUST COLLECTIVE LTD,12950931,active,ltd,2020-10-14,,,"Flat 16 South Mill Court, Southmill Road, Bishop's Stortford, CM23 3DA, England",62011
2509,STARFYRE GAMES LTD,16645791,active,ltd,2025-08-12,,,"Hi Tech Digital Business Centre, Office 3, Long Road, Paignton, TQ4 7EJ, United Kingdom",58290; 62011
2510,STAR GAME STUDIOS LIMITED,14160570,active,ltd,2022-06-09,,,"49 Valletort Road, First Floor & Second Floor Flat, Plymouth, Devon, PL1 5PN, England",62011
2511,STARGAZY STUDIOS LTD,10424485,active,ltd,2016-10-13,,,"79 Bishops Road, Whitchurch, Cardiff, CF14 1LW, Wales",62011
2512,STARMAGIC GAMES LTD,16632970,active,ltd,2025-08-06,,,"68 Holdenby Road, Northampton, NN2 7RG, England",58210
2513,STARLIT LION GAMES LTD,17038322,active,ltd,2026-02-17,,,"Lytchett House 13 Freeland Park, Wareham Road, Poole, Dorset, BH16 6FA, United Kingdom",62011
2514,STARRY HOLLOW GAMES LTD,09726963,active,ltd,2015-08-11,,"[{'ceased_on': '2023-07-31', 'effective_from': '2015-08-11', 'name': 'DINOBYTE LTD'}]","7 Bell Yard, London, WC2A 2JR, England",62011; 62020; 62090
2515,STATE OF PLAY GAMES LTD,06519943,active,ltd,2008-03-01,,,"Preston Park House, South Road, Brighton, East Sussex, BN1 6SB, United Kingdom",62011
2516,S T BEST GAMES & SECURITIES LTD,16154589,active,ltd,2024-12-30,,,"26 Ludgate Road, Manchester, M40 2RP, England",58210; 66110; 66120
2517,S-TECH INSURANCE SERVICES LIMITED,01655142,active,ltd,1982-07-29,,,"Prospect House, Rouen Road, Norwich, NR1 1RE, England",66220
2518,STEEL MEDIA LIMITED,04352070,active,ltd,2002-01-14,,"[{'ceased_on': '2006-03-15', 'effective_from': '2005-09-08', 'name': 'POCKET POWER MEDIA LIMITED'}, {'ceased_on': '2005-09-08', 'effective_from': '2002-01-14', 'name': 'HOT PUDDING PRODUCTIONS LIMITED '}]","Northgate House, Upper Borough Walls, Bath, BA1 1RG, England",58142; 82302
2519,STEEL RAT GAMES LTD,14741672,active,ltd,2023-03-20,,,"20 Fawn Drive, Aldershot, GU12 4FW, England",62011
2520,STELLAR DIGITAL LTD,16571407,active,ltd,2025-07-09,,"[{'ceased_on': '2025-09-16', 'effective_from': '2025-07-09', 'name': 'STELLAR DIGITAL LIMITED'}]","71-75 Shelton Street, London, WC2H 9JQ, England",58210; 62011
2521,STELLAR ENTERTAINMENT DEVELOPMENT LIMITED,NI684184,active,ltd,2021-12-01,,,"C/O Grant Thornton, 12-15 Donegall Square West, Belfast, BT1 6JH, Northern Ireland",62011
2522,STELLAR ENTERTAINMENT SOFTWARE LIMITED,NI640434,active,ltd,2016-08-25,,,"C/O Grant Thornton, 12-15 Donegall Square West, Belfast, BT1 6JH, Northern Ireland",62011
2523,STELLAR GAMES LIMITED,08917820,active,ltd,2014-02-28,,,"08917820 - COMPANIES HOUSE DEFAULT ADDRESS, Cardiff, CF14 8LH",58190; 58210
2524,STELLAR INTERACTIVE LIMITED,NI652306,active,ltd,2018-04-11,,,"C/O Grant Thornton (Ni) Llp, 12-15 Donegall Square West, Belfast, BT1 6JH, United Kingdom",62011
2525,STELLARVR LIMITED,09373717,active,ltd,2015-01-05,,,"8 Harley Drive, Walton, MK7 7EZ",62011
2526,STICK SPORTS LIMITED,05669174,active,ltd,2006-01-09,,,"27 Old Gloucester Street, London, WC1N 3AX, United Kingdom",58210; 62011; 63120
2527,STICKY PAW GAMES LTD,17063259,active,ltd,2026-03-02,,,"Amelia House, Crescent Road, Worthing, BN11 1RL, England",58210
2528,S-TIER CARDS LIMITED,16674850,active,ltd,2025-08-27,,,"34 Wetherby Road, Harrogate, HG2 7SA, England",32409; 47910; 58210; 62011
2529,STILL LOADING GAMES LTD,17264198,active,ltd,2026-06-05,,,"Wildwood Church Lane, Christow, Exeter, EX6 7NE, England",58210; 62011
2530,STILL NOT SURE LTD,11720632,active,ltd,2018-12-10,,,"7 Windsor Road, Farnborough, GU14 6QZ, England",58210; 62011
2531,STONECAT COLLECTIVE LTD,11573851,active,ltd,2018-09-18,,"[{'ceased_on': '2024-02-07', 'effective_from': '2018-09-18', 'name': 'STONE BAKED GAMES LTD'}]","4 John Martin Gardens, Standish, Stonehouse, Gloucestershire, GL10 3WB, England",59112; 62012; 90030
2532,STONE TURTLE GAMES LIMITED,16628616,active,ltd,2025-08-05,,,"Preston Park House, South Road, Brighton, East Sussex, BN1 6SB, United Kingdom",58210
2533,STMP APP LIMITED,17346893,active,ltd,2026-07-17,,,"Suite 7236a Tottenham Court Road, Fitzrovia, London, W1T 2EW, England",58210; 58290; 62011
2534,STORMCLOUD GAMES LIMITED,SC432035,active,ltd,2012-09-06,,,"Blackadders Llp, 10 Euclid Crescent, Dundee, DD1 1AG, Scotland",62011
2535,STORMLANTERN CONSULTING LTD,08361296,active,ltd,2013-01-15,,,"7 Orchard Gardens, Aldershot, Hampshire, GU12 4HP",58210
2536,STORM CHASER GAMES LIMITED,10544046,active,ltd,2017-01-03,,,"56a Poland Street, London, W1F 7NN, United Kingdom",62011
2537,STORY JUICE LIMITED,07905379,active,ltd,2012-01-11,,,"C3 Apollo Court, Neptune Park, Plymouth, PL4 0SJ, England",58190; 62011; 90030
2538,STORYTELLER STUDIOS LTD,16573232,active,ltd,2025-07-10,,,"127 Glendower Avenue, Coventry, CV5 8BD, England",62011
2539,STORYWORLDS STUDIOS LTD,12098181,active,ltd,2019-07-11,,,"1 C/O Phil Thomas, 1 The Old Yard, Warfield Park, Bracknell, RG42 3TA, England",58110; 58210; 90030; 93290
2540,STRAIGHTJACKIT ENTERTAINMENT LTD,12355330,active,ltd,2019-12-09,,,"12355330 - COMPANIES HOUSE DEFAULT ADDRESS, Cardiff, CF14 8LH",32401; 58210; 59200; 70229
2541,STRANGE HORIZONS LTD,12080612,active,ltd,2019-07-02,,,"Preston Park House, South Road, Brighton, East Sussex, BN1 6SB, United Kingdom",62011
2542,STRANGELY INTERACTIVE LIMITED,09084546,active,ltd,2014-06-12,,,"24 North Road, Bromley, BR1 3LG",62011
2543,STRANGE MOON DIGITAL LTD,11574723,active,ltd,2018-09-18,,"[{'ceased_on': '2023-06-28', 'effective_from': '2018-09-18', 'name': 'LYRELARK LTD'}]","Apartment 5, Westlegate Tower, Apartment 5, Westlegate Tower, 14-18 Westlegate, Norwich, Norfolk, NR1 3LJ, England",58210; 62011; 62012; 90030
2544,STRANGELY NAMED LIMITED,07878274,active,ltd,2011-12-12,,"[{'ceased_on': '2015-07-07', 'effective_from': '2011-12-12', 'name': 'LUDOPHOBIA LTD'}]","C/O Xeinadin, First Floor, Secure House, Lulworth Close,, Chandler's Ford, Hampshire, SO53 3TL, England",62090
2545,STRATA STUDIOS LTD,13634328,active,ltd,2021-09-21,,,"44-45 Beaufort Court, Admirals Way, London, E14 9XL, United Kingdom",62011; 62012; 62020
2546,STRATEGIC DESIGNS LTD,05038156,active,ltd,2004-02-09,,,"320 London Road, Hazel Grove, Stockport, SK7 4RF, England",62012
2547,STRATEGY FIRST LTD.,03366345,active,ltd,1997-05-07,,"[{'ceased_on': '2003-08-21', 'effective_from': '1997-05-07', 'name': 'DOG HOUSE DEVELOPMENTS LIMITED'}]","1 Thorold Road, Farnham, Surrey, GU9 7JY",70100
2548,STRAWDOG STUDIOS LIMITED,04816117,active,ltd,2003-07-01,,,"99 Friar Gate, Derby, DE1 1EZ, England",59120
2549,STRAY BASILISK LTD,11731235,active,ltd,2018-12-17,,,"37 Marlowes, Hemel Hempstead, Herts, HP1 1LD, England",62011
2550,STREAMSOFT LTD,11937757,active,ltd,2019-04-10,,,"Ealing Cross 1st Floor, 85 Uxbridge Road, London, W5 5TH, United Kingdom",62011; 62012
2551,STRAYLIGHT ENTERTAINMENT LIMITED,SC512587,active,ltd,2015-08-10,,,"22 Anderson Crescent Anderson Crescent, Elgin, Moray, IV30 4HJ, Scotland",62011
2552,STRIKEPOINT STUDIOS LTD,SC894395,active,ltd,2026-06-29,,,"48 West George Street, Clyde Offices 2nd Floor Strikepoint Studios Ltd, Glasgow, G2 1BP, Scotland",58210; 62011
2553,STRTL GAMES LTD,16987732,active,ltd,2026-01-26,,,"128 City Road, London, EC1V 2NX, United Kingdom",58210; 59112; 62011; 62012
2554,STRIKE TWO GAMES LIMITED,17268518,active,ltd,2026-06-08,,,"167-169 Great Portland Street, 5th Floor, London, W1W 5PF, England",58210
2555,STUDIO 316 LIMITED,13449923,active,ltd,2021-06-10,,,"Trevenson House Church Road, Pool, Redruth, Cornwall, TR15 3PT, England",62011; 62090
2556,STUDIO GOBO LIMITED,08132590,active,ltd,2012-07-05,,,"4th Floor, 110 High Holborn, London, WC1V 6JS, England",62011
2557,STUDIO DAIMON LIMITED,12293556,active,ltd,2019-11-01,,,"2nd Floor 1-5 Clerkenwell Road, London, EC1M 5PA, England",46510; 62011
2558,STUDIO HELGA LTD,13390285,active,ltd,2021-05-12,,,"10 Vernon Close Saughall, Chester, CH1 6BH, United Kingdom",58210; 59112; 62011; 74100
2559,STUDIO PEPWUPER LIMITED,08486624,active,ltd,2013-04-12,,,"57 Gunhild Way, Cambridge, CB1 8QZ, England",62011
2560,STUDIO SLOTH LTD,16306001,active,ltd,2025-03-11,,,"71-75 Shelton Street, Covent Garden, London, WC2H 9JQ, United Kingdom",58210; 62011
2561,STUDIOTYPES LTD,10308495,active,ltd,2016-08-02,,"[{'ceased_on': '2016-08-25', 'effective_from': '2016-08-02', 'name': 'NEON GAMING LTD'}]","10 Pierremont Crescent, Darlington, DL3 9PA, England",78109; 78200; 78300
2562,STUDY CHUNKS LTD,16585441,active,ltd,2025-07-16,,,"2 Tudor Close, Woking, GU22 7BN, England",58210; 62011; 85590
2563,STUN LIMITED,11748045,active,ltd,2019-01-03,,,"Preston Park House, South Road, Brighton, East Sussex, BN1 6SB, United Kingdom",62011
2564,SUBDIVISION GAMES LTD,10588555,active,ltd,2017-01-27,,,"Office 7 Ludgate Hill, London, EC4M 7JN, England",62011; 62020
2565,SUB5 STUDIOS LTD,17283636,active,ltd,2026-06-18,,,"71-75 Shelton Street, Covent Garden, London, WC2H 9JQ, United Kingdom",58210; 58290; 62011; 62012
2566,SUBSTANCE001 LIMITED,04905190,active,ltd,2003-09-19,,,"159 High Street, Barnet, Hertfordshire, EN5 5SU, England",73120
2567,SUBTERRANEAN GAMES LIMITED,08236967,active,ltd,2012-10-02,,,"30-34 North Street, Hailsham, BN27 1DW, England",58210; 62011
2568,SUKSERD GAME LTD,16725882,active,ltd,2025-09-18,,,"32 32 Greystone St, Dudley, DY1 1SH, United Kingdom",62011
2569,SUM-IT GAMES LTD,11642018,active,ltd,2018-10-25,,,"88 Wolsey Drive, Kingston, KT2 5DW, United Kingdom",58210
2570,SUMO DIGITAL (GENUS) LIMITED,09771556,active,ltd,2015-09-10,,"[{'ceased_on': '2016-07-28', 'effective_from': '2015-09-10', 'name': 'AGHOCO 1335 LIMITED'}]","32 Jessops Riverside, Brightside Lane, Sheffield, S9 2RX, United Kingdom",62011
2571,SUMO DIGITAL LTD.,04703224,active,ltd,2003-03-19,,,"32 Jessops Riverside Brightside, Lane, Sheffield, S9 2RX",62011; 62090
2572,SUMO GAMES DEVELOPMENT LIMITED,09784367,active,ltd,2015-09-18,,"[{'ceased_on': '2019-03-07', 'effective_from': '2015-10-15', 'name': 'RIVERSIDE GAMES LIMITED'}, {'ceased_on': '2015-10-15', 'effective_from': '2015-09-18', 'name': 'AGHOCO 1339 LIMITED'}]","32 Jessops Riverside, Brightside Lane, Sheffield, S9 2RX, United Kingdom",62011
2573,SUMO GROUP LIMITED,11071913,active,ltd,2017-11-20,,"[{'ceased_on': '2022-01-28', 'effective_from': '2017-12-14', 'name': 'SUMO GROUP PLC'}, {'ceased_on': '2017-12-14', 'effective_from': '2017-12-14', 'name': 'SUMO GROUP LIMITED'}, {'ceased_on': '2017-12-14', 'effective_from': '2017-11-20', 'name': 'AGHOCO 1611 LIMITED'}]","32 Jessops Riverside, Brightside Lane, Sheffield, S9 2RX, England",62011; 62090
2574,SUNSCORCHED STUDIOS LIMITED,11940842,active,ltd,2019-04-11,,,"Oxley House, Lincoln Way, Louth, Lincolnshire, LN11 0LS, United Kingdom",58210
2575,SUNLIGHT GAMES LTD,16766080,active,ltd,2025-10-06,,,"44-45 Beaufort Court Admirals Way, London, E14 9XL, United Kingdom",58190; 58210; 58290; 99999
2576,SUPER BAD SERIES LTD,14455357,active,ltd,2022-11-01,,,"T4 Consulting The Mount, Woodlands Road, Liverpool, L17 0AN, England",58210; 62011
2577,SUPERCELL UK LTD,11708306,active,ltd,2018-12-03,,"[{'ceased_on': '2025-10-22', 'effective_from': '2018-12-03', 'name': 'SPACE APE LIMITED'}]","First Floor 100 New Oxford Street, London, WC1A 1HB, United Kingdom",62011
2578,SUPERFLAT GAMES LTD,08199764,active,ltd,2012-09-03,,,"269 Newmarket Road, Cambridge, CB5 8JE, England",62012
2579,SUPERFLUID LTD,10176672,active,ltd,2016-05-12,,,"28 Ganna Park Road, Plymouth, PL3 4NN, England",62011
2580,SUPER ICON LIMITED,08156345,active,ltd,2012-07-25,,,"22 Polwithen Drive, Carbis Bay, St. Ives, TR26 2SN, England",62011
2581,SUPERFLY GAMES LTD,09458466,active,ltd,2015-02-25,,,"19 19 Mendip Close, Charvil, Reading, RG10 9QE, United Kingdom",62011
2582,SUPERMASSIVE GAMES LIMITED,06096443,active,ltd,2007-02-12,,"[{'ceased_on': '2007-04-25', 'effective_from': '2007-02-12', 'name': 'BLAKEDEW 655 LIMITED'}]","New Kings Court Tollgate, Chandler's Ford, Eastleigh, Hampshire, SO53 3LG",62011
2583,SUPERMELON STUDIOS LTD,11776843,active,ltd,2019-01-21,,,"15 Aylmer Parade Aylmer Road, London, N2 0PE, England",58210
2584,SUPER MEDIA GROUP LTD,16778711,active,ltd,2025-10-10,,,"The Tramshed, 19-21 St James Street, Derby, DE1 1RN, England",58210; 62011
2585,SUPERMONO LIMITED,07276910,active,ltd,2010-06-08,,,"8 Lanercost Crescent, Monkston, Milton Keynes, MK10 9EB, England",82990
2586,SUPERNAUT STUDIO LTD,10386290,active,ltd,2016-09-20,,"[{'ceased_on': '2019-11-21', 'effective_from': '2016-09-20', 'name': 'MIKE CREATIVE LTD'}]","2nd Floor Sterling House, Langston Road, Loughton, IG10 3TS, England",74100
2587,SUPER RARE DEVELOPMENT LIMITED,13515985,active,ltd,2021-07-16,,,"Omnibus Business Centre, 39-41 North Road, London, N7 9DP, United Kingdom",62012
2588,SUPERSOLID GAME DEVELOPMENTS LIMITED,12065774,active,ltd,2019-06-24,,,"Suite 528 43 Bedford Street, London, WC2E 9HA, England",62011
2589,SUPER SMITH BROS LTD,08883963,active,ltd,2014-02-10,,,"Bellacoil Currian Road, Nanpean, St. Austell, Cornwall, PL26 7YD",58210
2590,SUPERSOLID LTD,07948932,active,ltd,2012-02-14,,,"Suite 528 43 Bedford Street, London, WC2E 9HA, England",74909
2591,SUPER SPLINE STUDIOS LTD,10140198,active,ltd,2016-04-21,,,"9 Euston Place, Leamington Spa, Warwickshire, CV32 4LN, England",58210
2592,SUPERSTAR GAMES LTD,06916028,active,ltd,2009-05-27,,,"24 Gainsford Road, London, E17 6QB, England",62011
2593,SUPERSTRING LTD.,11034354,active,ltd,2017-10-26,,,"29 Crookham Road, Fleet, GU51 5DP, England",62011
2594,SURPRISED HOTDOG LIMITED,13769313,active,ltd,2021-11-28,,,"279 Harwich Road, Little Clacton, Clacton-On-Sea, CO16 9PX, England",47650; 58210; 62011
2595,SUSPICIOUS DEVELOPMENTS LIMITED,07922438,active,ltd,2012-01-24,,,"12b Hanham Hall Whittucks Road, Hanham, Bristol, BS15 3FR, England",96090
2596,SWAG BAG GAMES LIMITED,16488227,active,ltd,2025-06-02,,,"3 Juziers Drive, East Hoathly, Lewes, East Sussex, BN8 6AE, United Kingdom",62011
2597,SWEARSOFT LTD,10544832,active,ltd,2017-01-03,,,"20-22 Wenlock Road, London, N1 7GU, England",58210; 62011
2598,SWEETAPPLE LIMITED,04478660,active,ltd,2002-07-05,,,"54 Richmond Road New Barnet, Barnet, Hertfordshire, EN5 1SE, England",59112; 62011; 62090; 96090
2599,SWEET TOOTH GAMES LTD,11252901,active,ltd,2018-03-13,,,"30 Stone Lane, Worthing, BN13 2AX, England",58210; 62011
2600,SWERVED LTD,13987891,active,ltd,2022-03-18,,,"86-90 Paul Street, London, England, EC2A 4NE, United Kingdom",58210; 62011
2601,SWIPE RIGHT PR LTD,09394033,active,ltd,2015-01-19,,,"Ganwells Cottage, Bentley, Farnham, GU10 5NE, England",70210
2602,SWIPE STUDIOS INTERACTIVE LIMITED,10611477,active,ltd,2017-02-09,,,"202 St Bernards Road St. Bernards Road, Solihull, B92 7BJ, England",62011
2603,SWIPE THE GAME LIMITED,16541358,dissolved,ltd,2025-06-25,2026-09-29,,"114b Church Road, Redfield, Bristol, BS5 9LJ, England",32409; 47650; 58210
2604,SYCORAX GAMES LTD,17182000,active,ltd,2026-04-27,,,"51 Station Road, Marston Green, Birmingham, B37 7AB, England",62011
2605,SYMPHONIC GAMES LTD,16446862,active,ltd,2025-05-13,,,"103 Boverton Rd, Llantwit Major, The Vale Of Glamorgan, CF61 1YA, United Kingdom",58210
2606,SYNAPSEGAMES LTD,16325826,active,ltd,2025-03-19,,,"Office 15259 Initial Business Centre, Unit 7 Wilson Business Park, Manchester, M40 8WN, United Kingdom",46510; 58210; 62011
2607,SYNC GLOBAL LTD,NI607248,active,ltd,2011-04-28,,,"Emerson House 14b Ballynahinch Road, Carryduff, Belfast, BT8 8DN",63990
2608,SYNOPTICAL STUDIOS LIMITED,06730491,active,ltd,2008-10-22,,,"40 Crest Road, Neasden, London, NW2 7LX",96090
2609,SYNTHETIC CHIMERA STUDIOS LTD,SC859944,active,ltd,2025-08-22,,,"Office 54 18 Young St, Unit Lge, Edinburgh, EH2 4JB, United Kingdom",58210
2610,SYSTEM 3 SOFTWARE LIMITED,05087372,active,ltd,2004-03-29,,,"6 Cherry Tree Way, Stanmore, HA7 2QT, England",58290
2611,SYRIN STUDIOS LIMITED,08859140,active,ltd,2014-01-23,,,"C/O Shipleys Llp, 5 Woolsack Way, Godalming, Surrey, GU7 1XW, England",62011
2612,SZ INTERACTIVE LTD,11850916,active,ltd,2019-02-27,,,"International House, 12 Constance Street, London, E16 2DQ, United Kingdom",62011
2613,TAAGAMES LTD,16718186,active,ltd,2025-09-15,,,"71-75 Shelton Street, Covent Garden, London, WC2H 9JQ, United Kingdom",58210; 58290; 62011; 62012
2614,TACKORAMA LIMITED,09259894,active,ltd,2014-10-13,,,"71-75 Shelton Street, Covent Garden, London, WC2H 9JQ",58210
2615,TACS GAMES LIMITED,09256051,active,ltd,2014-10-09,,,"2 Nevill Place, Hove, BN3 7QJ, England",62011
2616,TACTILE GAMES LIMITED,11180461,active,ltd,2018-01-31,,,"99 Friar Gate, Derby, DE1 1EZ, United Kingdom",58210; 62011
2617,TAG GAMES LIMITED,SC300618,active,ltd,2006-04-11,,,"Unit6a The Vision Building, Greenmarket, Dundee, DD1 4QB, Scotland",74909
2618,TAKE TWO INTERACTIVE SOFTWARE EUROPE LIMITED,02739756,active,ltd,1992-08-14,,"[{'ceased_on': '1997-08-01', 'effective_from': '1993-02-15', 'name': 'GAMETEK (UK) LIMITED'}, {'ceased_on': '1993-02-15', 'effective_from': '1992-08-14', 'name': 'MARBLECROFT LIMITED'}]","7 Savoy Court, London, WC2R 0EX, United Kingdom",58290
2619,TAKEOVER INTERACTIVE LTD,09045814,active,ltd,2014-05-19,,,"225 Marsh Wall, Canary Wharf, London, E14 9FW, England",58210; 58290; 62011; 62012
2620,TAI CHI ELEMENTS LTD,08299988,active,ltd,2012-11-20,,"[{'ceased_on': '2023-09-29', 'effective_from': '2012-11-20', 'name': 'THE MUSKET33RS LTD'}]","1 Tor View Chapel Road, Foxhole, St. Austell, PL26 7UG, England",58210; 62011; 62012; 72200
2621,TAKE-TWO INTERACTIVE SOFTWARE UK LIMITED,09554939,active,ltd,2015-04-22,,,"7 Savoy Court, London, WC2R 0EX, United Kingdom",58290
2622,TALES TENSOR LTD,16264241,active,ltd,2025-02-19,,,"Suite Ra01 195-197 Wood Street, London, London, E17 3NU, England",58210; 62011; 79909; 93290
2623,TALESPINNERS STUDIOS LTD,10148203,active,ltd,2016-04-26,,,"102 Bromstone Road, Broadstairs, CT10 2HX, England",58210
2624,TALEWIND GAMES DEVELOPMENT LIMITED,14488614,active,ltd,2022-11-16,,,"27 Maxwell Road, Bournemouth, BH9 1DQ, England",62011
2625,TALL STUDIOS LIMITED,07415821,active,ltd,2010-10-22,,,"10 Ambassador Place Stockport Road, Altrincham, Cheshire, WA15 8DB",62012
2626,TALEWIND LIMITED,13199208,active,ltd,2021-02-12,,"[{'ceased_on': '2021-09-06', 'effective_from': '2021-02-12', 'name': 'TREEDEN LIMITED'}]","27 Maxwell Road, Bournemouth, Dorset, BH9 1DQ, England",74909
2627,TALEWORLDS ENTERTAINMENT UK PVT LTD,16233468,active,ltd,2025-02-06,,,"5 New Street Square, London, EC4A 3TW, United Kingdom",58210; 62011
2628,TALL TALE GAMES LTD,11593903,active,ltd,2018-09-28,,"[{'ceased_on': '2023-03-30', 'effective_from': '2018-09-28', 'name': 'TELLTALE GAMES LTD'}]","163 Herne Hill, London, SE24 9LR, England",62011
2629,TANDEM EVENTS LIMITED,05448099,active,ltd,2005-05-10,,,"188 High Street, Tonbridge, TN9 1BE, England",82302
2630,TANTRUM SOLUTIONS LIMITED,07011932,active,ltd,2009-09-08,,,"50 Eaton Drive, Kingston Upon Thames, KT2 7QX, England",62090
2631,TANGLEWOOD GAMES LIMITED,10707108,active,ltd,2017-04-04,,,"Tranquility House, Harbour Walk, Hartlepool, TS24 0UX, England",62020
2632,TAPPYNEST GAMES LIMITED,16739031,active,ltd,2025-09-24,,,"124 City  Road, London, EC1V 2NX, United Kingdom",58210
2633,TAPTAPBOOM LTD,07089868,active,ltd,2009-11-28,,"[{'ceased_on': '2012-03-01', 'effective_from': '2009-11-28', 'name': 'BRIGHTON7 LTD'}]","3 Warwick Drive, Atherstone, Warwickshire, CV9 3AS",62011
2634,TAYLABS LIMITED,17285833,active,ltd,2026-06-19,,,"53 Wickenden Road, Sevenoaks, TN13 3PL, England",58210; 62011
2635,TAZKUM GAMES LIMITED,14648007,active,ltd,2023-02-08,,,"71-75 Shelton Street, Covent Garden, London, WC2H 9JQ, United Kingdom",62011
2636,TEA IMP GAMES LIMITED,13478389,active,ltd,2021-06-25,,,"16 Furrow Drive, Wallsend, NE28 9FG, United Kingdom",62011
2637,TEABOY GAMES LTD,09547563,active,ltd,2015-04-17,,,"36 Wimpole Road, Colchester, CO1 2DL, England",62011
2638,TEAM 17 DIGITAL LIMITED,02621976,active,ltd,1991-06-19,,"[{'ceased_on': '2012-06-12', 'effective_from': '1991-06-19', 'name': 'TEAM 17 SOFTWARE LIMITED'}]","3 Red Hall Avenue, Paragon Business Park, Wakefield, WF1 2UL, England",62011
2639,TEAM MANGO MILK LIMITED,16873582,active,ltd,2025-11-25,,"[{'ceased_on': '2026-06-05', 'effective_from': '2025-11-25', 'name': 'BYTESIZED MEDIA LIMITED'}]","71-75 Shelton Street, Covent Garden, London, WC2H 9JQ, United Kingdom",58210; 62011; 62020; 62090
2640,TEAM TERRIBLE LIMITED,SC674767,active,ltd,2020-09-18,,,"Unit 4 Waters Edge, Camperdown Street, Dundee, DD1 3HY, Scotland",58210; 62011
2641,TEA-POWERED GAMES LIMITED,08589692,active,ltd,2013-06-28,,,"102 Bromstone Road, Broadstairs, CT10 2HX, England",62011
2642,TEA STAINED GAMES LTD,14175543,active,ltd,2022-06-15,,,"17 Fern Valley Chase, Todmorden, OL14 7HB, England",62011
2643,TEAZELCAT LTD,11555490,active,ltd,2018-09-06,,,"40 Treadcroft Drive, Horsham, RH12 4BQ, United Kingdom",62011
2644,TEAZEL LIMITED,05164294,active,ltd,2004-06-28,,,"9 Avon Carrow, Avon Dassett, Southam, Warks, CV47 2AR",62011; 62012; 62020
2645,TECHDOC LTD,16498153,active,ltd,2025-06-05,,,"Siu Offices 4 - 6 Greatorex Street London, E1 5nf, Siu Offices 4 - 6 Greatorex Street, London, E1 5NF, England",58290; 62011
2646,TECHNOLOGY AND CREATIVITY LIMITED,07884746,active,ltd,2011-12-16,,,"30 2nd Floor, St. Nicholas Street, Bristol, BS1 1TG, England",63110; 63120; 85600; 90030
2647,TEHSERVIS LTD,16548968,active,private-limited-guarant-nsc,2025-06-30,,,"5 East Grinstead Road, Lingfield, RH7 6EP, England",62011; 63120; 63990
2648,TEKRAR LTD,16743888,active,ltd,2025-09-25,,,"Flat 46 Seymour Court, Whitehall Road, London, E4 6DZ, England",58210; 62011
2649,TELEGAMES LIMITED,02243250,active,ltd,1988-04-11,,"[{'ceased_on': '1988-09-09', 'effective_from': '1988-04-11', 'name': 'LOOKSPIN LIMITED'}]","Christopher House, 94b London Road, Leicester, LE2 0QS",47910
2650,TEMPURA GAMES LIMITED,11181732,active,ltd,2018-02-01,,,"C/O Shepherd And Wedderburn Llp, 1-6 Lombard Street, London, EC3V 9AA, England",62011
2651,TENSHI PARTNERS LLP,OC353605,active,llp,2010-03-25,,"[{'ceased_on': '2014-04-15', 'effective_from': '2010-03-25', 'name': 'TENSHI VENTURES LLP'}]","Old Chapel House Lyburn Road, Hamptworth, Salisbury, SP5 2DR, England",
2652,TERRAK GAMES LIMITED,13613522,active,ltd,2021-09-10,,,"5 Singleton Court Business Centre, Wonastow Road, Monmouth, NP25 5JA, Wales",58210; 62011
2653,TERAHARD LTD,08286007,active,ltd,2012-11-08,,,"160 Eureka Park Upper Pemberton, Kennington, Ashford, TN25 4AZ, England",62011
2654,TERRA TEK STUDIOS LIMITED,08794645,active,ltd,2013-11-28,,,"Labs Atrium 3.18 Stables Market, Chalk Farm Road, London, NW1 8AH, England",58210
2655,TERRIBLE GAMES LTD,13237092,active,ltd,2021-03-01,,,"Forma House, 40 Bowling Green Lane, London, EC1R 0NE, England",58210; 59112; 59120; 62011
2656,TERRITORY GAMES LIMITED,14076101,active,ltd,2022-04-28,,,"Preston Park House, South Road, Brighton, East Sussex, BN1 6SB, United Kingdom",62011
2657,TERROR DOG STUDIO LTD,11792059,active,ltd,2019-01-28,,,"167-169 Great Portland Street, Fifth Floor, London, W1W 5PF, England",58210; 62011; 62090
2658,TG INTERACTIVE LIMITED,16236972,active,ltd,2025-02-07,,,"167 Winchester Road, Basingstoke, RG21 8YF, England",58210
2659,THALAMUS DIGITAL PUBLISHING LTD,10838302,active,ltd,2017-06-27,,,"102 Bromstone Road, Broadstairs, CT10 2HX, England",58210
2660,TESTRONIC LABORATORIES LIMITED,03414065,active,ltd,1997-08-04,,"[{'ceased_on': '1998-06-05', 'effective_from': '1997-08-04', 'name': 'TESTRONIC LIMITED'}]","Suffolk House, George Street, Croydon, CR0 1PE, England",62090
2661,THAT SILLY STUDIO LIMITED,10516045,active,ltd,2016-12-07,,,"22 Harwell Road, Sheffield, S8 0ZN, England",62090
2662,THE 21ST FLOOR STUDIOS LTD,11009575,active,ltd,2017-10-12,,,"34 Fairway Road, Marton, Blackpool, Lancs, FY4 4AZ, United Kingdom",62011; 77291
2663,THE ALCHEMYTHS LTD,14095023,active,ltd,2022-05-09,,,"Preston Park House, South Road, Brighton, East Sussex, BN1 6SB, England",58210; 62011
2664,THE BOOTH GAMES LTD,17044501,active,ltd,2026-02-20,,,"Launchpad Penryn Campus, Falmouth University, Penryn, Cornwall, TR10 9FE, United Kingdom",62011
2665,THE CHILDREN'S MEDIA CONFERENCE LIMITED,07186979,active,private-limited-guarant-nsc,2010-03-11,,,"No. 1 Velocity, 2 Tenter Street, Sheffield, S1 4BY, England",82302
2666,THE CREATIVE ASSEMBLY LIMITED,03425917,active,ltd,1997-08-28,,"[{'ceased_on': '1997-09-05', 'effective_from': '1997-08-28', 'name': 'TAWPIA LIMITED'}]","Building 12 Chiswick Business Park, 566 Chiswick High Road, London, W4 5AN, England",62011
2667,THE CREATIVE ASSEMBLY VGDC LIMITED,09304455,active,ltd,2014-11-11,,,"Building 12 Chiswick Business Park, 566 Chiswick High Road, London, W4 5AN, England",62011
2668,THE DAIRYMEN LTD,04078295,active,ltd,2000-09-26,,"[{'ceased_on': '2017-10-12', 'effective_from': '2000-09-26', 'name': 'REALITY FOOTBALL LIMITED'}]","St Georges House, George Street, Huntingdon, PE29 3GH, England",58210
2669,THE DANGEROUS KITCHEN LIMITED,07503681,active,ltd,2011-01-24,,,"1-3 Manor Road, Chatham, Kent, ME4 6AE",62011
2670,THE DIGI MONSTERS LTD,10211851,active,ltd,2016-06-02,,,"Fulford House, Newbold Terrace, Leamington Spa, Warwickshire, CV32 4EA, England",74100
2671,THEDIGITAL LTD,09175720,active,ltd,2014-08-14,,"[{'ceased_on': '2016-02-24', 'effective_from': '2016-02-23', 'name': 'THE D1G1TAL LTD'}, {'ceased_on': '2016-02-23', 'effective_from': '2014-08-14', 'name': 'PORTOBELLO DIGITAL LIMITED'}]","4th Floor, Silverstream House, 45 Fitzroy Street, Fitzrovia, London, W1T 6EB, England",58210; 59111; 59113; 62011
2672,THE FYZZ FACILITY LIMITED,07380091,active,ltd,2010-09-17,,,"7 Freeman Way, Hornchurch, RM11 3PH, England",59111
2673,THE GAME ASSEMBLY LIMITED,13881612,active,ltd,2022-01-31,,,"3rd Floor 86-90 Paul Street, London, EC2A 4NE, England",85590
2674,THE GAME BOYS LIMITED,16452849,active,ltd,2025-05-15,,,"2nd Floor, North Barn, Broughton Hall, Skipton, BD23 3AE, United Kingdom",58210; 58290; 62011; 63110
2675,THE GAME PRODUCTION COMPANY LTD,09691780,active,ltd,2015-07-17,,,"East Meats,, White Knowle,, Chinley,, SK23 6EA, United Kingdom",62011
2676,THE GAME SITE LIMITED,11950391,active,ltd,2019-04-16,,,"108 Bridge End, Warwick, CV34 6PD, United Kingdom",58210; 58290
2677,THE GAMES COLLECTIVE LTD,13738096,active,ltd,2021-11-11,,,"32 High Street, Guildford, GU1 3EL, England",62011
2678,THE GREEN FILMMAKER LTD,16366480,active,ltd,2025-04-04,,,"Flat 2 206 Amyand Park Road, Twickenham, TW1 3HY, England",58110; 58210; 59111; 62011
2679,THE INDIE STONE LTD,08650737,active,ltd,2013-08-14,,,"Northern Design Centre Abbott's Hill, Baltic Business Quarter, Gateshead, Tyne And Wear, NE8 3DF",62011
2680,THE HONEST VIDEOGAME COMPANY LIMITED,12129442,active,ltd,2019-07-30,,,"Nwd Accountancy Business Central, Central Park, Darlington, County Durham, DL1 1GL, England",70210
2681,THE IRREGULAR CORPORATION LIMITED,09911973,active,ltd,2015-12-10,,,"C/O Shepherd And Wedderburn Llp, 1-6 Lombard Street, London, EC3V 9AA, England",62011
2682,THELEASHLESSSTUDIO LIMITED,16753480,active,ltd,2025-09-30,,,"12-14 Dale Street Dale Street, Blackpool, FY1 5BP, England",32409; 58142; 58210; 62011
2683,THE LUCID FRAME STUDIO LTD,16551468,active,ltd,2025-06-30,,,"61 Bridge Street, Kington, HR5 3DJ, United Kingdom",58210; 62011
2684,THE MATHEMATICAL GAMES COMPANY LIMITED,08093051,active,ltd,2012-06-01,,,"1-7 Park Road, Caterham, Surrey, CR3 5TB",74100; 74909; 82990
2685,THEMESIC INTERACTIVE LTD,09325797,active,ltd,2014-11-25,,,"50 Princes Street, Ipswich, 50 Princes Street, Ipswich, IP1 1RJ, England",62011
2686,THE MULTIPLAYER GROUP LTD,11254980,active,ltd,2018-03-14,,"[{'ceased_on': '2022-02-10', 'effective_from': '2018-03-14', 'name': 'THE MULTIPLAYER GUYS LTD'}]","4th Floor 110 High Holborn, London, WC1V 6JS, England",62011
2687,"THE POKEMON COMPANY INTERNATIONAL, INC.",BR008420,open,uk-establishment,2005-10-01,,,"3rd Floor  Building 10 Chiswick Business Park, London, 566 Chiswick High Road, W4 5XS",
2688,THE POLYGON LOFT LTD,11255561,active,ltd,2018-03-14,,,"The Polygon Loft Henleaze House Business Centre, 13 Harbury Road, Henleaze, Bristol, BS9 4PN, England",62011; 62012; 62020; 71122
2689,THE PRODUCERS LIMITED,08901690,active,ltd,2014-02-19,,"[{'ceased_on': '2016-06-10', 'effective_from': '2014-02-19', 'name': 'LONGMENTOR LTD'}]","The Barn House, Marston Meysey, Swindon, Wilts, SN6 6LQ",58210
2690,THE SECRET GAMES COMPANY LIMITED,08073100,active,ltd,2012-05-17,,"[{'ceased_on': '2015-03-03', 'effective_from': '2012-05-17', 'name': 'THE SECRET GAME COMPANY LIMITED'}]","Preston Park House, South Road, Brighton, East Sussex, BN1 6SB, United Kingdom",62011
2691,THE STARBOY STUDIOS LIMITED,17019380,active,ltd,2026-02-09,,,"23 Milford Road, Bolton, BL3 3DH, England",58210; 73110
2692,THE SEND ENTERTAINMENT LTD,16613681,active,ltd,2025-07-29,,,"1 West Street, Middleton, Manchester, M24 6BE, England",62011
2693,THE TRAILERFARM LIMITED,07670603,active,ltd,2011-06-15,,,"4th Floor, 110 High Holborn, London, WC1V 6JS, England",58290
2694,THE TALL TREES GAMES LIMITED,09173327,active,ltd,2014-08-13,,,"Cherry Tree Church Street, Croscombe, Wells, Somerset, BA5 3QS",62011
2695,THE TRANSFER TUTOR LTD,NI670225,active,ltd,2020-06-15,,,"159a Shore Road, Newtownabbey, BT37 9SZ, Northern Ireland",58210; 58290; 62011; 85200
2696,THE UK INTERACTIVE ENTERTAINMENT ASSOCIATION LIMITED,02420400,active,private-limited-guarant-nsc,1989-09-06,,"[{'ceased_on': '2010-03-22', 'effective_from': '2002-10-07', 'name': 'ENTERTAINMENT & LEISURE SOFTWARE PUBLISHERS ASSOCIATION LIMITED'}, {'ceased_on': '2002-10-07', 'effective_from': '1996-02-13', 'name': 'THE EUROPEAN LEISURE SOFTWARE PUBLISHERS ASSOCIATION (UK) LTD.'}, {'ceased_on': '1996-02-13', 'effective_from': '1989-09-06', 'name': 'EUROPEAN LEISURE SOFTWARE PUBLISHERS ASSOCIATION LIMITED'}]","Lower Ground Floor Black Bull Yard 18a, 24 -28 Hatton Wall, London, EC1N 8JH, England",94110
2697,THE UNIVERSITY OF CHICHESTER,04740553,active,private-limited-guarant-nsc-limited-exemption,2003-04-22,,"[{'ceased_on': '2006-01-06', 'effective_from': '2003-04-22', 'name': 'UNIVERSITY COLLEGE CHICHESTER'}]","Bishop Otter Campus, College Lane, Chichester, West Sussex, PO19 6PE",85421; 85422
2698,THE UNKNOWN GREATS LTD,SC886796,active,ltd,2026-04-17,,,"7 Greenfield View, Leven, KY8 4FE, Scotland",58210; 62011; 74100; 90030
2699,THE VOICES GAMES LTD,07962156,active,ltd,2012-02-23,,,"18 Marshall Street, Darlington, County Durham, DL3 6NN",62011
2700,THE WALT DISNEY COMPANY LIMITED,00530051,active,ltd,1954-03-08,,"[{'ceased_on': '2022-10-05', 'effective_from': '2022-10-05', 'name': 'THE WALT DISNEY COMPANY LIMITED LIMITED'}, {'ceased_on': '2022-10-05', 'effective_from': '1987-04-08', 'name': 'WALT DISNEY COMPANY LIMITED(THE)'}, {'ceased_on': '1987-04-08', 'effective_from': '1954-03-08', 'name': 'WALT DISNEY PRODUCTIONS LIMITED '}]","3 Queen Caroline Street, Hammersmith, London, W6 9PE",90030
2701,THINMATRIX LTD,11203662,active,ltd,2018-02-13,,,"81 Baston Road, Bromley, Kent, BR2 7BS, United Kingdom",58210
2702,THIRD EYE GAMES LTD,11651882,active,ltd,2018-10-31,,,"82 Frances Street, Chesham, HP5 3ES, United Kingdom",58210
2703,THIRD KIND GAMES LIMITED,10449910,active,ltd,2016-10-27,,,"The Old School, Holly Walk, Leamington Spa, Warwickshire, CV32 4JG, England",62011
2704,THIRD JAR STUDIOS LTD,16636954,active,ltd,2025-08-08,,,"68 Silcoates Street, Wakefield, WF2 0DX, England",58210
2705,THISTLE AND THORN GAMES LTD,SC841976,dissolved,ltd,2025-03-19,2026-09-01,,"2nd Floor 48 West George Street, Glasgow, G2 1BP, United Kingdom",58210
2706,THIS WAY UP STUDIOS LTD,16720999,active,ltd,2025-09-16,,,"Launchpad Building, Penryn Campus, Penryn, Cornwall, TR10 9FE, United Kingdom",62011
2707,THISTLE STUDIOS CYF.,17248390,active,ltd,2026-05-28,,,"10 Thistle Street, Penllergaer, Swansea, SA4 9FR, Wales",58210
2708,THORIUMCUBE OPERATIONS LTD,13860322,dissolved,ltd,2022-01-20,2026-09-01,"[{'ceased_on': '2024-02-06', 'effective_from': '2022-01-20', 'name': 'THORIUMCUBE LTD'}]","Lytchett House Unit 13 Freeland Park, Wareham Road, Lytchett Matravers, Poole, Dorset, BH16 6FA, England",62011; 62012; 62090; 63110
2709,THNDR LTD,12291373,active,ltd,2019-10-31,,,"71-75 Shelton Street, London, Greater London, WC2H 9JQ, United Kingdom",58210; 73110
2710,THREAD WEB STUDIOS LTD,09559928,active,ltd,2015-04-24,,,"Jasmine Cottage 84 Broad Lane, Stapeley, Nantwich, Cheshire, CW5 7QL, England",62011
2711,THREE FIELDS ENTERTAINMENT LIMITED,08908878,active,ltd,2014-02-24,,,"Station House Station Approach, East Horsley, Leatherhead, KT24 6QX, England",62011
2712,THREE HEADED EAGLE LIMITED,08482876,active,ltd,2013-04-10,,,"124 Finchley Road, London, NW3 5JS, England",58210; 62011
2713,THRILLS AND CHILLS GAMES LTD,17349238,active,ltd,2026-07-20,,,"82a James Carter Road, Mildenhall, Bury St. Edmunds, IP28 7DE, England",62011
2714,THUMB FLAME GAMES LTD,17184643,active,ltd,2026-04-27,,,"Apartment 47 Sorting Office Building, 7 Mirabel Street, Manchester, M3 1NJ, England",58210
2715,THUNDERBOX ENTERTAINMENT LTD,11970717,active,ltd,2019-04-30,,,"33 Chetwynd Road, Southsea, Hampshire, PO4 0LZ, England",58210; 62011
2716,THUNDERCLAP INTERACTIVE LTD,10194453,active,ltd,2016-05-23,,"[{'ceased_on': '2020-10-03', 'effective_from': '2016-05-23', 'name': 'THUNDERCLAP PUBLISHING LTD'}]","124 City Road, London, London, EC1V 2NX, United Kingdom",62011
2717,THUNDERFUL GAMES LIMITED,05252507,active,ltd,2004-10-06,,"[{'ceased_on': '2023-09-23', 'effective_from': '2004-10-06', 'name': 'RISING STAR GAMES LIMITED'}]","260 - 270 Butterfield, Great Marlings, Luton, Bedfordshire, LU2 8DL, England",58210
2718,THUNDERSNOW LIMITED,08697352,active,ltd,2013-09-19,,,"17 Broughton Road, London, SW6 2LE, England",62011
2719,TIBITH LTD,13367852,active,ltd,2021-04-29,,,"Level 5a Maple House, 149 Tottenham Court Road, London, W1T 7NF, United Kingdom",58210; 62011
2720,THUNKD GAMES LTD,11557848,active,ltd,2018-09-07,,,"3 Throstle Nest View, Horsforth, Leeds, LS18 4LR, United Kingdom",62011
2721,TICKTOCK GAMES LIMITED,06357704,active,ltd,2007-08-31,,,"Riverside House, Osney Mead, Oxford, OX2 0ES, United Kingdom",62011
2722,TIDY GAMES LTD,12099869,dissolved,ltd,2019-07-12,2026-08-11,,"Farm Cottage, Faenol Isaf, Tywyn, LL36 0DR, Wales",62011
2723,TIE44 GLOBAL FINANCE LTD,16785938,active,ltd,2025-10-15,,,"14b Woburn Walk, London, WC1H 0JL, United Kingdom",58210; 62011; 93199; 93290
2724,TIGER DEVELOPMENTS (ENTERTAINMENT) LIMITED,02281922,active,ltd,1988-07-29,,"[{'ceased_on': '1988-10-10', 'effective_from': '1988-07-29', 'name': 'FLAIRSPACE LIMITED'}]","The Studios, Colorado Way, Castleford, West Yorkshire, WF10 4TA",62011
2725,TIGERLILY GAMES LTD,17016742,active,ltd,2026-02-06,,,"20 Wenlock Road, London, N1 7GU, England",58210
2726,TIFFIN GAMES LTD,08181853,active,ltd,2012-08-16,,,"The Chapel Hallbankgate, Hallbankgate, Brampton, Cumbria, CA8 2NJ, England",99999
2727,TIK TOK TECHNOLOGIES LTD,10221419,active,ltd,2016-06-08,,,"Unit 21 Henfield Business Park, Shoreham Road, Henfield, BN5 9SL, England",58210; 58290; 62020
2728,TIK TOK INTERNATIONAL LIMITED,11820737,active,ltd,2019-02-12,,,"Unit 21 The Henfield Business Park, Shoreham Road, Henfield, West Sussex, BN5 9SL, England",46510; 47410; 62011; 62012
2729,TILKI AI LIMITED,15647907,active,ltd,2024-04-15,,,"Ideaspace West, The Hauser Forum, 3 Charles Babbage Rd, Cambridge, CB3 0GT, United Kingdom",62012
2730,TILL THE END GAMES LTD,16997563,active,ltd,2026-01-29,,,"31 Priory Lane, Bishops Cleeve, Cheltenham, GL52 8JL, England",58210
2731,TINYGOOSE LTD,10285773,active,ltd,2016-07-19,,"[{'ceased_on': '2016-11-15', 'effective_from': '2016-07-19', 'name': 'JAVAWAG LTD'}]","7 Bell Yard, London, WC2A 2JR, England",58210; 62011
2732,TIN EAR GAMES LTD,09034936,active,ltd,2014-05-12,,,"66 Onslow Gardens, London, N10 3JX",62011
2733,TIME TRACER LIMITED,03680526,active,ltd,1998-12-08,,,"3 Steeple Court, Vicarage Road, Egham, Surrey, TW20 9GL, United Kingdom",58110; 58210; 62011; 69201
2734,TINY HOME STUDIOS LTD,14056146,active,ltd,2022-04-20,,,"Unit A8 8-9 Hoxton Square, London, N1 6NU, England",62011
2735,TINY INTERACTIVE STUDIOS LTD,13124806,active,ltd,2021-01-11,,,"6 Streamside, Clevedon, Avon, BS21 6YL, United Kingdom",58210; 62011; 62012
2736,TIRONIAN GAMES LTD,17283160,active,ltd,2026-06-18,,,"62 Exeter Street, Cottingham, HU16 4LU, England",58210
2737,TISSUE INU LTD,14268010,active,ltd,2022-08-01,,,"3rd Floor Suite, 207 Regent Street, London, W1B 3HH, England",58210
2738,TINY REBEL GAMES LIMITED,10185630,active,ltd,2016-05-18,,,"101 New Cavendish Street, 1st Floor South, London, W1W 6XH, United Kingdom",62011
2739,TLK GAME DEVELOPMENT LTD,09915107,active,ltd,2015-12-14,,,"127 Southfields Drive, Leicester, LE2 6QT, England",58210
2740,TOASTIELABS LTD,14031845,active,ltd,2022-04-07,,,"Toastielabs, 30 Half Moon Lane, Gateshead, Tyne And Wear, NE8 2AN, United Kingdom",58210
2741,TONES STUDIOS LIMITED,17161383,active,ltd,2026-04-16,,,"3rd Floor Salt Quay House, 4 North East Quay, Plymouth, Devon, PL4 0BN, United Kingdom",58210; 62011; 62090; 63110
2742,TOGETHER GAMES LIMITED,13356475,active,ltd,2021-04-26,,,"8 Fordhook Avenue, Ground Floor, London, W5 3LP, England",62011
2743,TOIKIDO LTD,12877756,active,ltd,2020-09-14,,,"99 Strawberry Vale, Twickenham, TW1 4SJ, England",77400
2744,TOPDO LIMITED,17115516,active,ltd,2026-03-25,,,"Suite 302 4 Station Square, Cambridge, CB1 2GE, United Kingdom",58290; 62011; 62020; 73110
2745,TONIC GAMES LIMITED,09882916,active,ltd,2015-11-20,,"[{'ceased_on': '2019-08-15', 'effective_from': '2015-11-20', 'name': 'MEDIATONIC HOLDINGS LIMITED'}]","C/O Shepherd And Wedderburn Llp, 1-6 Lombard Street, London, EC3V 9AA, England",62011
2746,TOP DRAWER GAMES LIMITED,10637849,active,ltd,2017-02-24,,,"4 Becket Wood, Newdigate, Dorking, Surrey, RH5 5AQ, England",62011
2747,TOPMAX70 LTD,16982074,active,ltd,2026-01-22,,,"20 Wenlock Road, London, N1 7GU, England",46510; 47410; 58290; 62011
2748,TOP OF GAMES LTD,16307661,dissolved,ltd,2025-03-11,2026-09-22,,"5 Canon Court, Institute Street, Bolton, BL1 1PZ, England",47410; 58210; 63110
2749,TOP ROW GAMES LIMITED,11554804,active,ltd,2018-09-05,,,"33 Top Row, Jacksdale, Nottingham, NG16 5LJ, England",62011
2750,TORCHBEARER INTERACTIVE LTD,10437501,active,ltd,2016-10-20,,,"7 St. Georges Square, Huddersfield, HD1 1LA, England",62011; 62012
2751,TOPOGRAPH INTERACTIVE LTD,16098011,active,ltd,2024-11-25,,,"102 Bromstone Road, Broadstairs, Kent, CT10 2HX, England",62011
2752,TORN PAGE GAMES LIMITED,09846870,active,ltd,2015-10-28,,,"Onega House, 112 Main Road, Sidcup, Kent, DA14 6NE, United Kingdom",58210
2753,TOTEBO LTD,09037787,active,ltd,2014-05-13,,,"135 Wimbledon Park Road, Wimbledon, London, SW18 5TU, England",58210
2754,TOUCH MECHANICS LIMITED,05035136,active,ltd,2004-02-05,,"[{'ceased_on': '2006-08-21', 'effective_from': '2004-02-05', 'name': 'SERIES ONE SOFTWARE LIMITED'}]","Room 5, Graphic House, Druid Street, Hinckley, LE10 1QH, England",62011
2755,TOUCHSTONE GAMES LIMITED,06485169,active,ltd,2008-01-28,,,"Top Cottage, Abbots Morton, Worcester, Worcestershire, WR7 4NA, United Kingdom",62011
2756,TOXIC GAMES LIMITED,07382475,active,ltd,2010-09-21,,,"Preston Park House, South Road, Brighton, East Sussex, BN1 6SB, United Kingdom",47650; 62011
2757,TOYUMI LTD,14255143,active,ltd,2022-07-25,,,"71-75 Shelton Street, Covent Garden, London, WC2H 9JQ, United Kingdom",58210; 58290; 60200; 62011
2758,TRAILMIX GAMES LTD,11706210,active,ltd,2018-11-30,,,"Third Floor, 20 Old Bailey, London, EC4M 7AN, United Kingdom",58210; 62011
2759,TRANQUIL TURTLE STUDIOS LTD,16204689,active,ltd,2025-01-23,,,"35 Forest Drive, Tidworth, SP9 7PF, England",58210; 62011; 85600
2760,TRANSCENDENT GAMES LTD,16260039,active,ltd,2025-02-18,,,"65b Barker Lane, Chesterfield, Derbyshire, S40 1EQ, England",58210
2761,TRASHGAMES LTD,08070583,active,ltd,2012-05-16,,,"14 Bonhill Street, London, EC2A 4DJ, England",58210; 62020
2762,TRAVELBUG GAMES LTD,16338388,active,ltd,2025-03-24,,,"124 City Road, London, EC1V 2NX, England",58210
2763,TR CONNECT LIMITED,13795281,active,ltd,2021-12-10,,,"Flat 4 7 Shaftesbury Avenue, Southampton, SO17 1SB, England",47910; 58210; 62011; 85590
2764,TREBUCHET GAMES LTD,08829095,active,ltd,2014-01-02,,,"20 Dovecote Road, Bromsgrove, B61 7BP",47610; 62011
2765,TREE DEN GAMES LTD,16713682,active,ltd,2025-09-12,,,"12 Reigate Close, Thornhill, Cardiff, CF14 9EE, Wales",62011
2766,TREKKER PARTNERS LTD,16174907,active,ltd,2025-01-10,,,"25 Southerton Road, London, W6 0PJ, United Kingdom",58210; 62011
2767,TREESPLEASE GAMES LTD,12223638,active,ltd,2019-09-24,,,"Preston Park House, South Road, Brighton, East Sussex, BN1 6SB, United Kingdom",58210
2768,TRIANGULAR PIXELS LTD,09113479,active,ltd,2014-07-02,,,"1 Broadclose Court, Bude, Cornwall, EX23 8DR, England",58210
2769,TRIBUTARY GAMES LTD,13397210,active,ltd,2021-05-14,,,"International House, 12 Constance Street, London, E16 2DQ, England",62011
2770,TRICKJUMP GAMES LIMITED,10764104,active,ltd,2017-05-10,,"[{'ceased_on': '2017-11-28', 'effective_from': '2017-05-10', 'name': 'ELEPHANTINE STUDIOS LIMITED'}]","Unit 2a Railway Triangle Industrial Estate, Dorchester, DT1 2PJ, England",62011
2771,TRICKY PIXELS LTD,06827716,active,ltd,2009-02-23,,,"Avoca, 160 Portsmouth Road, Cobham, Surrey, KT11 1HS, England",62011
2772,TRIGPOINT GAMES LTD,11136947,active,ltd,2018-01-08,,"[{'ceased_on': '2022-09-16', 'effective_from': '2018-01-08', 'name': 'ARCHWAY INTERACTIVE LTD'}]","12 Burr Tree Garth, Colton, Leeds, West Yorkshire, LS15 9EE, United Kingdom",62011
2773,TRILUNATIC LTD.,SC590356,active,ltd,2018-03-05,,,"18 Dunkeld Lane, Chryston, Glasgow, G69 0HF, Scotland",58210; 62011
2774,TRINITY SPIRES STUDIOS LIMITED,17191159,active,ltd,2026-04-30,,,"6a Little Aston Lane, Sutton Coldfield, B74 3UF, England",58210
2775,TRIPLE B GAMES LTD,SC368946,active,ltd,2009-11-23,,,"2 2 Comiston Farm Close, Edinburgh, EH10 6BF, Scotland",62011
2776,TRIPLEDOT STUDIOS LIMITED,10245307,active,ltd,2016-06-22,,,"First Floor, The Lantern, 75 Hampstead Road, London, NW1 2PL, England",58210
2777,TRIPLE EH LTD,09070938,active,ltd,2014-06-04,,,"27 Thomas Hill Close, Llanfoist, Abergavenny, NP7 9FJ, Wales",62011
2778,TRIPOLIS GAMES LIMITED,14386936,active,ltd,2022-09-29,,,"Lytchett House 13 Freeland Park, Wareham Road, Poole, Dorset, BH16 6FA, England",58210; 62011
2779,TRIPLEVISION GAMES LIMITED,12327551,active,ltd,2019-11-21,,,"411 Oxford Street, Office 1.01, London, W1C 2PE, England",58210
2780,TRITON GAME STUDIO LTD,11478793,active,ltd,2018-07-23,,,"18 18 Elton Lane, Bishopston, Bristol, BS7 8AB, England",58210
2781,TRIUMPH GAMES LTD,11767850,active,ltd,2019-01-15,,"[{'ceased_on': '2019-04-04', 'effective_from': '2019-01-15', 'name': 'BATTLE RISE GAMES LIMITED'}]","163 Herne Hill, London, SE24 9LR, England",62011
2782,TRIUMVIRATE LABS LTD,16673197,active,ltd,2025-08-26,,,"71-75 Shelton Street, Covent Garden, London, WC2H 9JQ, United Kingdom",58210; 62011
2783,TRUE RONIN GAMES LTD,10522414,active,ltd,2016-12-13,,,"213a Kilburn Park Road, London, NW6 5LG, England",58210; 58290; 62011
2784,TRYLINE STUDIOS LTD,17301879,active,ltd,2026-06-25,,,"Flat 18 Beechworth House, 40 High Street, London, W3 6LG, England",62011; 62090; 93290
2785,TSUMANGA STUDIOS LIMITED,SC428137,active,ltd,2012-07-12,,,"Office 1 Technology House,, 9 Newton Place, Glasgow, G3 7PR, Scotland",46730; 47910; 58210; 61300
2786,TT ANIMATION LIMITED,05986997,active,ltd,2006-11-02,,,"Chiswick Park Building 2, 566 Chiswick High Road, London, W4 5YB, England",59111
2787,TTBEEF LTD,17139502,active,ltd,2026-04-07,,,"71-75 Shelton Street, Covent Garden, London, WC2H 9JQ, United Kingdom",58210; 62011
2788,TT GAMES LIMITED,05340126,active,ltd,2005-01-24,,"[{'ceased_on': '2005-02-24', 'effective_from': '2005-01-24', 'name': 'BEALAW(MAN)4 LIMITED'}]","Chiswick Park Building 2, 566 Chiswick High Road, London, W4 5YB, England",70100
2789,TT GAMES STUDIOS LIMITED,03149992,active,ltd,1996-01-23,,"[{'ceased_on': '2018-12-11', 'effective_from': '1996-03-15', 'name': 'TRAVELLERS TALES (UK) LIMITED'}, {'ceased_on': '1996-03-15', 'effective_from': '1996-01-23', 'name': 'CURRENTCLASS LIMITED'}]","Chiswick Park Building 2, 566 Chiswick High Road, London, W4 5YB, England",62090
2790,TUMBLEWEED GAMES LTD,11914083,active,ltd,2019-03-29,,,"31 Mary Seacole Road, The Millfields, Plymouth, Devon, PL1 3JY, England",62011
2791,TUNA TECHNOLOGIES LIMITED,03616869,active,ltd,1998-08-17,,,"Capital House, 61 Amhurst Road, London, London, E8 1LL",62011
2792,TUBBY MEDIA LTD,13378160,active,ltd,2021-05-05,,,"9 9 Kenilworth, Newcastle Upon Tyne, NE12 6NW, England",32409; 58210; 59113; 62011
2793,TUR4N LTD,17275083,active,ltd,2026-06-17,,,"128 City Road, London, EC1V 2NX, United Kingdom",58210; 59120; 62011; 62090
2794,TURBULENZ LIMITED,06921988,active,ltd,2009-06-02,,,"71 Queen Victoria Street, London, EC4V 4BE, United Kingdom",62011
2795,TUTOTOONS LIMITED,SC498895,active,ltd,2015-02-25,,,"Torridon House, Beechwood Park, Inverness, IV2 3BW, Scotland",58210
2796,TWISTED TREE GAMES LIMITED,08169995,active,ltd,2012-08-07,,,"115c Milton Road, Cambridge, CB4 1XE",58290
2797,TWICE CIRCLED LIMITED,08242058,active,ltd,2012-10-05,,,"Holm Cottage Beach Road, Kewstoke, Weston-Super-Mare, BS22 9UD, England",62011
2798,TWISTPLAY LTD,08288080,active,ltd,2012-11-09,,,"128 City Road, London, EC1V 2NX, England",62011
2799,TWOFIVESIX LIMITED,08098863,active,ltd,2012-06-08,,,"11 Sarson Street, Quorn, Loughborough, LE12 8EA, England",62011
2800,TWO POINT STUDIOS LIMITED,10196328,active,ltd,2016-05-24,,,"Building 12 Chiswick Business Park, 566 Chiswick High Road, London, W4 5AN, England",62011
2801,TWO POINT DEVELOPMENT CO LIMITED,10285629,active,ltd,2016-07-19,,,"Building 12 Chiswick Business Park, 566 Chiswick High Road, London, W4 5AN, England",62011
2802,TWO TAILS LTD,07219353,active,ltd,2010-04-11,,"[{'ceased_on': '2013-09-09', 'effective_from': '2010-04-11', 'name': 'ONIMOBI LIMITED'}]","10 Heron Drive, Witney, Oxfordshire, OX28 6NP, United Kingdom",58210; 62011; 62012
2803,TYP1 GAMES LTD,SC843545,active,ltd,2025-04-01,,,"60 Constitution Street, Edinburgh, Lothian, EH6 6RR, Scotland",62011
2804,UBISOFT LIMITED,02409000,active,ltd,1989-07-28,,"[{'ceased_on': '2003-12-02', 'effective_from': '1997-09-19', 'name': 'UBI SOFT ENTERTAINMENT LIMITED'}, {'ceased_on': '1997-09-19', 'effective_from': '1989-07-28', 'name': 'UBI SOFT LIMITED'}]","Forge, Church Street West, Woking, Surrey, GU21 6HT, England",58210
2805,UAY BALAM STUDIOS LTD,SC890633,active,ltd,2026-05-22,,,"5 South Charlotte Street, Edinburgh, EH2 4AN, Scotland",58210; 62011; 62012; 62020
2806,UBISOFT REFLECTIONS LIMITED,05785442,active,ltd,2006-04-19,,"[{'ceased_on': '2012-03-06', 'effective_from': '2006-05-23', 'name': 'UBISOFT ENTERTAINMENT LIMITED'}, {'ceased_on': '2006-05-23', 'effective_from': '2006-04-19', 'name': 'MUNDAYS (797) LIMITED'}]","2nd Floor, Partnership House, Regent Farm Road, Newcastle Upon Tyne, Tyne And Wear, NE3 3AF, United Kingdom",62011
2807,UCB PAY LTD,16698316,active,ltd,2025-09-05,,,"71-75 Shelton Street, Covent Garden, London, WC2H 9JQ, United Kingdom",47410; 58290; 62011
2808,UDACHA GAMES LIMITED,09568444,active,ltd,2015-04-30,,,"Flat 23 Torridon Drive, Peterborough, PE7 8PF, England",62011
2809,"UK YINGSHANYAO INTERACTIVE ENTERTAINMENT MEDIA CO., LTD",16900100,active,ltd,2025-12-09,,,"L220 Beaconside Business Village, Stafford Enterprise Park,Weston Road, Stafford, ST18 0BF, United Kingdom",62011; 62020; 62090; 73110
2810,UKIYO PUBLISHING LIMITED,10543440,active,ltd,2017-01-03,,,"78 De Frene Road, Sydenham, London, SE26 4AG, England",58210
2811,ULTIMA TESTING LIMITED,07672257,active,ltd,2011-06-16,,,"2 Piries Place, Horsham, West Sussex, RH12 1EH, United Kingdom",62011; 62020
2812,ULTRAHORSE GAMES DEVELOPMENT LTD,14097083,active,ltd,2022-05-10,,,"71-91 Aldwych, London, WC2B 4HN, England",62011
2813,ULTRALEAP LIMITED,08781720,active,ltd,2013-11-19,,"[{'ceased_on': '2019-09-18', 'effective_from': '2013-11-19', 'name': 'ULTRAHAPTICS LIMITED'}]","326/327 Stean Street, London, E8 4ED, United Kingdom",62012; 62090
2814,UNDER THE STAIRS LIMITED,10571279,active,ltd,2017-01-18,,,"Great Portland Street 5th Floor 167-169 Great Portland Street, 5th Floor, London, W1W 5PF, England",62011
2815,UNBLOCKABL STUDIOS LTD,14750662,active,ltd,2023-03-22,,,"Orchard Cottage Mill Street, Gislingham, Eye, IP23 8JT, England",62012
2816,UNFIT PARENT LIMITED,14350359,active,ltd,2022-09-12,,,"71-75 Shelton Street, Covent Garden, London, WC2H 9JQ, United Kingdom",58210; 62011
2817,UNEXPECTED DEVELOPMENTS LTD,10460240,active,ltd,2016-11-03,,"[{'ceased_on': '2017-03-10', 'effective_from': '2016-11-03', 'name': 'NINJAR HOLDINGS LIMITED'}]","Fenchurch House, 12 King Street, Nottingham, NG1 2AS, England",62011
2818,UNICUBE STUDIOS LIMITED,09135662,active,ltd,2014-07-17,,,"9 Claremont Bank, Shrewsbury, Shropshire, SY1 1RW, United Kingdom",62011
2819,UNIT GAMES LTD,16662199,active,ltd,2025-08-20,,,"21 Eaton Close, Beeston, Nottingham, NG9 2WB, England",58210
2820,UNITED COMMAND INTERNATIONAL LTD,06983173,active,ltd,2009-08-06,,,"2nd Floor, C/O Wynchwood Cottage, Old Avenue, Weybridge, Surrey, KT13 0QB, England",62011; 68209
2821,UNIVERSALLY SPEAKING LIMITED,05431888,active,ltd,2005-04-21,,"[{'ceased_on': '2008-08-28', 'effective_from': '2005-04-21', 'name': 'PARTNERTRANS UK LIMITED'}]","Knowledge Centre, Wyboston Lakes, Wyboston, Bedfordshire, MK44 3BY, England",58290
2822,LONDON AND SOUTH EAST UNIVERSITY GROUP,00986729,active,private-limited-guarant-nsc,1970-08-12,,"[{'ceased_on': '2026-07-31', 'effective_from': '1992-06-25', 'name': 'UNIVERSITY OF GREENWICH'}, {'ceased_on': '1992-06-25', 'effective_from': '1970-08-12', 'name': 'THAMES POLYTECHNIC(THE)'}]","Old Royal Naval College, Park Row, Greenwich, London, SE10 9LS",85421; 85422
2823,UNLIMITED ENTERTAINMENT LIMITED,11548679,active,ltd,2018-09-03,,,"5 Nook Close, Stamford Bridge, York, YO41 1SR, England",62011; 62020; 70229; 73120
2824,UNLIMITED ESCAPE LTD,17111367,active,ltd,2026-03-23,,,"18 Tudor Gardens, Stony Stratford, Milton Keynes, MK11 1HX, England",32401; 58210; 58290; 62011
2825,UNNAMED DEV COMPANY LTD,16726126,active,ltd,2025-09-18,,,"167-169 Great Portland Street, London, W1W 5PF, England",58210; 62011
2826,UNRATIONAL GAMES LTD,07844108,active,ltd,2011-11-11,,,"66 Paul Street, London, EC2A 4NA, England",62011
2827,UPLOAD MEDIA LTD,09755546,active,ltd,2015-09-01,,,"Chilworth Point, 1 Chilworth Road, Southampton, Hampshire, SO16 7JQ, England",96090
2828,UPRISE STUDIOS LTD,17048965,active,ltd,2026-02-23,,,"3rd Floor, 86-90 Paul Street, London, England, EC2A 4NE, United Kingdom",58210; 62011; 62012
2829,UPRISING GAMES LIMITED,06655337,active,ltd,2008-07-24,,,"29 Foster Road, Abingdon, Oxfordshire, OX14 1YN, England",62011
2830,UPSIDE DOWN GAMES LTD,07309217,active,ltd,2010-07-08,,,"Rosemont Venn Lane, Stoke Fleming, Dartmouth, Devon, TQ6 0QF",62011
2831,UPSTREAM ARCADE LTD,12441569,active,ltd,2020-02-04,,,"8 May Close, Godalming, GU7 2NU, England",62011
2832,URBANSCAN LIMITED,07073986,active,ltd,2009-11-12,,,"7 The Green, Totley, Sheffield, Yorkshire, S17 4AT, England",62011
2833,URBANWARFARE STUDIOS LIMITED,08481419,active,ltd,2013-04-09,,,"16 Warwick Road, Ash Vale, Aldershot, GU12 5PL",62020
2834,USEFUL SLUG LTD,09423442,active,ltd,2015-02-05,,,"56 Kingsgate Estate Kingsgate Estate, Tottenham Road, London, N1 4DD, United Kingdom",58210; 62020
2835,U. S. CART GAMES LIMITED,10752370,active,ltd,2017-05-03,,,"Rose Bank Station Road, Grassington, Skipton, BD23 5LS, England",58190; 58210; 62011
2836,UTOPIA MACHINA LIMITED,16433326,active,ltd,2025-05-07,,,"Apartment 310 Madison Court 52 Broadway, Salford, M50 2UD, England",58210; 58290; 62011
2837,VANTREL INTERACTIVE LTD,17350648,active,ltd,2026-07-20,,,"104 Gatis Street, Wolverhampton, WV6 0EW, England",58210
2838,VECTORMATRIX LIMITED,11859028,active,ltd,2019-03-04,,,"40 Eastbourne Road, Brentford, TW8 9PE, United Kingdom",62011; 62012
2839,VEGA DIGITAL LIMITED,17352513,active,ltd,2026-07-21,,,"27 Old Gloucester Street, London, WC1N 3AX, United Kingdom",58210; 62011
2840,VEGAGAME SPORTS LTD,17262927,active,ltd,2026-06-05,,,"37 Croydon Road, Beckenham, BR3 4AB, United Kingdom",58210; 58290; 62011; 62090
2841,VECTOR STUDIOS LIMITED,17267554,active,ltd,2026-06-08,,,"23 Chivers Close, Basingstoke, RG22 6SF, England",62011
2842,VERGENCE LAB LTD,10457976,active,ltd,2016-11-02,,,"Office 7, 35/37 Ludgate Hill, London, EC4M 7JN, United Kingdom",58210; 62011
2843,VARIABLE STATE LIMITED,09374339,active,ltd,2015-01-05,,,"Preston Park House, South Road, Brighton, East Sussex, BN1 6SB, United Kingdom",58210; 62011
2844,VENTURE FORTH GAMES LTD,16076449,active,ltd,2024-11-12,,"[{'ceased_on': '2024-12-31', 'effective_from': '2024-11-12', 'name': 'CARD CURVE LTD'}]","Stores Farm Barn, Swineyard Lane, Knutsford, WA16 0SB, United Kingdom",58210; 62011
2845,VERRAN LTD,09588315,active,ltd,2015-05-13,,,"9 Gwendroc Close, Truro, Cornwall, TR1 2BX, England",62011
2846,VERTEX PLAY LTD,17008692,active,ltd,2026-02-03,,,"54 Arena Avenue, Coventry, CV6 4BS, England",58210; 58290; 62011; 63120
2847,VERTEX DIGITAL ENTERTAINMENT LTD,17110190,active,ltd,2026-03-23,,,"52 Langley Walk, Leicester, LE4 2TY, England",62011
2848,VERY GOOD FRIEND LIMITED,09792472,active,ltd,2015-09-24,,,"Upfield Leamington Road, Princethorpe, Rugby, CV23 9PU, England",62011
2849,VESPER DESIGN LIMITED,11221740,active,ltd,2018-02-23,,"[{'ceased_on': '2023-03-10', 'effective_from': '2018-02-23', 'name': 'LOOSE.GAMES LTD'}]","Beech Tree Barn, Muse Lane, Harehill, Boylestone, Derbyshire, DE6 5HJ, United Kingdom",74100
2850,VICTORSIX GAMES MORBUS STUDIO LTD,17172304,active,ltd,2026-04-21,,,"4 Hall View, Chesterfield, S41 8AS, United Kingdom",47410; 47710; 58210; 62011
2851,VIDEOJAMES LIMITED,08932407,active,ltd,2014-03-11,,,"40 Hoghton Street, Southport, Merseyside, PR9 0PQ",58210
2852,VIDEOKID GAMES LIMITED,09626704,active,ltd,2015-06-06,,,"Acre House, 11/15 William Road, London, NW1 3ER, United Kingdom",62011; 62012
2853,VIDE01 LTD,14200203,active,ltd,2022-06-28,,,"29 Woodford Walk, Alresford, CO7 8FN, United Kingdom",58210; 62011
2854,VIE GAMES LTD,12176640,active,ltd,2019-08-28,,,"19 Cleeve Lodge Road, Downend, Bristol, BS16 6AF, United Kingdom",62011
2855,VIEWPOINT GAMES LIMITED,09141996,active,ltd,2014-07-22,,,"10 Saxon Close, Southam, Warwickshire, CV47 0NN, United Kingdom",96090
2856,VIKER LIMITED,06290437,active,ltd,2007-06-22,,"[{'ceased_on': '2007-09-24', 'effective_from': '2007-06-22', 'name': 'PUZZLE GAMER LIMITED'}]","167-169 Great Portland Street, 5th Floor, London, W1W 5PF, England",62020
2857,VIOLOKEN LIMITED,16401384,active,ltd,2025-04-23,,,"128 City Road, London, EC1V 2NX, England",58210; 62011
2858,VIPER STUDIOS LTD,SC892325,active,ltd,2026-06-08,,,"46 Redwood Crescent, Hamilton, ML3 8SZ, Scotland",58210
2859,VIPERANTE LTD,04969232,active,ltd,2003-11-19,,,"56 Ryeland Street, Cross Hills, Keighley, BD20 8SR, England",99999
2860,VIRAL REACH LTD,16348545,active,ltd,2025-03-27,,,"Suite G04 1 Quality Court, Chancery Lane, London, WC2A 1HR, England",58290; 62011
2861,VIRTUAL PLAYGROUND LIMITED,04589879,active,ltd,2002-11-13,,,"Aston House, Redburn Road, Newcastle Upon Tyne, Tyne & Wear, NE5 1NB",62011
2862,VIRTTRADE DEVELOPMENTS LIMITED,10478273,active,ltd,2016-11-15,,,"8 High Street, Heathfield, TN21 8LS, United Kingdom",58210
2863,VIRTUS CREATIVE STUDIOS LTD,11802494,active,ltd,2019-02-01,,,"1 Long Garden Walk, Farnham, Surrey, GU9 7HX, England",62012
2864,VIRTUAL PROGRAMMING LIMITED,04131603,active,ltd,2000-12-28,,,"8a Bassett Court, Newport Pagnell, MK16 0JN, England",90030
2865,VIS GAMES LTD,17244502,active,ltd,2026-05-26,,,"215 Pendlebury Road, Swinton, Manchester, M27 4BB, England",58210; 62011
2866,VISION GAMES PUBLISHING LTD,09453260,active,ltd,2015-02-23,,"[{'ceased_on': '2015-10-21', 'effective_from': '2015-07-27', 'name': 'VISION GAMES OPERATIONS LTD'}, {'ceased_on': '2015-07-27', 'effective_from': '2015-04-29', 'name': 'VISION GAMES PUBLISHING LTD'}, {'ceased_on': '2015-04-29', 'effective_from': '2015-02-23', 'name': 'STANDFAST INTERDIGITAL LIMITED'}]","Fawley House 2 Regatta Place, Marlow Road, Bourne End, Buckinghamshire, SL8 5TD, United Kingdom",58210
2867,WELSGLOBAL ENTERTAINMENT LTD,17090477,active,ltd,2026-03-13,,"[{'ceased_on': '2026-09-09', 'effective_from': '2026-03-13', 'name': 'VIVEON ENTERTAINMENT LTD'}]","128 City Road, London, EC1V 2NX, United Kingdom",58210; 62011; 62012; 92000
2868,VITOZ LTD,12467178,active,ltd,2020-02-17,,,"194 Milton Street North, Northampton, NN2 7DD, England",58210; 58290; 62011
2869,VK GAMES LTD.,SC655009,active,ltd,2020-02-19,,,"28 Rutland Square, Edinburgh, EH1 2BW, Scotland",58210; 58290; 62011; 62020
2870,VIVIDSEED INTERACTIVE LIMITED,16790390,active,ltd,2025-10-16,,,"19 King Street, Gillingham, ME7 1EP, England",58210; 62011; 62090
2871,VIYA STUDIOS LIMITED,14443935,active,ltd,2022-10-26,,,"18 Skinner Avenue, Upton, Northampton, NN5 4AG, England",62011; 62020
2872,VLAD GOTH LTD,12098393,active,ltd,2019-07-11,,,"Suite 207 15 Ingestre Place, London, W1F 0DU, England",59112; 59200; 90010; 90030
2873,VOID ENTERTAINMENT LTD,14308262,active,ltd,2022-08-19,,,"9 Leafield Road, Sutton, SM1 2NH, England",58290; 62011
2874,VOID APPLICATIONS LIMITED,08189216,active,ltd,2012-08-23,,"[{'ceased_on': '2021-04-09', 'effective_from': '2012-09-06', 'name': 'VOID GAMES LIMITED'}, {'ceased_on': '2012-09-06', 'effective_from': '2012-08-23', 'name': 'VOID APPLICATIONS LIMITED'}]","Technology Centre, Wolverhampton Science Park, Glaisher Drive, Wolverhampton, West Midlands, WV10 9RU",62011
2875,VOIDLEGACY ENTERTAINMENT LTD,16395374,active,ltd,2025-04-17,,,"71-75 Shelton Street, Covent Garden, London, WC2H 9JQ, United Kingdom",62011; 62090
2876,VOLCANIC GAMES LTD,12278672,active,ltd,2019-10-24,,,"2 Frederick Street, Kings Cross, London, WC1X 0ND, United Kingdom",62011
2877,VOLTAIC ISLAND GAMES (SCOTLAND) LTD,SC707884,active,ltd,2021-08-27,,,"Townhead Old Cottage, Townhead, Kirkcudbright, DG6 4XQ, United Kingdom",62011
2878,VON BISMARK LIMITED,FC032238,active,oversea-company,2014-10-01,,,"Branch Registration, Refer To Parent Registry",
2879,VORPAL GAMES LTD,09319740,active,ltd,2014-11-20,,,"146 Northgate Road, Stockport, SK3 9NL, England",58210
2880,VOODOO GAMING UK LIMITED,08666924,active,ltd,2013-08-28,,"[{'ceased_on': '2019-10-03', 'effective_from': '2015-02-27', 'name': 'GUMBUG LIMITED'}, {'ceased_on': '2015-02-27', 'effective_from': '2013-08-28', 'name': 'ICOPLAY LTD'}]","Burlington House Botleigh Grange Business Park, Hedge End, Southampton, SO30 2AF, United Kingdom",62011
2881,VORT STUDIOS LTD,16297956,dissolved,ltd,2025-03-06,2026-09-01,,"Lytchett House 13 Freeland Park, Wareham Road, Poole, Dorset, BH16 6FA, United Kingdom",58210
2882,VRISE STUDIOS LTD,16468103,active,ltd,2025-05-22,,,"71-75 Shelton Street, Covent Garden, London, WC2H 9JQ, United Kingdom",58210; 62011; 90030
2883,VUE ENTERTAINMENT LIMITED,04699504,active,ltd,2003-03-17,,"[{'ceased_on': '2003-04-09', 'effective_from': '2003-03-17', 'name': 'MAWLAW 596 LIMITED'}]","3rd Floor One Ariel Way, Westfield, London, W12 7SL, United Kingdom",59140
2884,VULCAN SOFTWARE LIMITED,02884900,active,ltd,1994-01-05,,,"The Willows Quarry View, Southrop, Lechlade, Gloucestershire, GL7 3PG",62090
2885,VYBER LTD,16980875,active,ltd,2026-01-22,,,"128 City Road, London, EC1V 2NX, United Kingdom",47910; 58210; 62011; 62090
2886,VYRONOX STUDIOS LIMITED,17007546,active,ltd,2026-02-02,,,"Suite Ra01 Suite Ra01, 195-197 Wood Street, London, E17 3NU, United Kingdom",58210; 62011
2887,WAKU DOKI GAMES LTD,08356894,active,ltd,2013-01-11,,"[{'ceased_on': '2014-05-20', 'effective_from': '2013-01-11', 'name': 'WAKU DOKI LTD'}]","20-22 Wenlock Road, London, N1 7GU, England",62011
2888,WALES INTERACTIVE GROUP LIMITED,10991490,active,ltd,2017-10-02,,,"Tec Marina, Terra Nova Way, Penarth, CF64 1SA, Wales",62011
2889,WALES INTERACTIVE LIMITED,07819945,active,ltd,2011-10-24,,,"Tec Marina, Terra Nova Way, Penarth, CF64 1SA, Wales",62011
2890,WALL WEST LTD,09240576,active,ltd,2014-09-30,,,"13b The Vale, London, W3 7SH, England",64991
2891,WAMPA LIMITED,07202439,active,ltd,2010-03-25,,,"F25 Waterfront Studios, 1 Dock Road, London, E16 1AH, United Kingdom",62011
2892,WARBLIUM STUDIOS LTD,16497672,active,ltd,2025-06-05,,,"Shangri La, Goldenbank, Falmouth, TR11 5GA, England",62011
2893,WARCHEST LIMITED,07783664,active,ltd,2011-09-22,,,"Royal Court, 81 Tweedy Road, Bromley, BR1 1RG, England",58210
2894,WAR CHILD,03610100,active,private-limited-guarant-nsc-limited-exemption,1998-07-30,,,"Part Fourth Floor East Dunn's Hat Factory, 106-110 Kentish Town Road, London, NW1 9PX, England",99000
2895,WARDOG STUDIOS LIMITED,SC692714,active,ltd,2021-03-18,,,"22/A Calton Road, Edinburgh, EH8 8DP, Scotland",90030
2896,WARNER BROS. GAMES MANCHESTER LIMITED,05527190,active,ltd,2005-08-03,,"[{'ceased_on': '2021-01-29', 'effective_from': '2007-02-26', 'name': 'TT FUSION LIMITED'}, {'ceased_on': '2007-02-26', 'effective_from': '2005-08-03', 'name': 'EMBRYONIC STUDIOS LIMITED'}]","Chiswick Park Building 2, 566 Chiswick High Road, London, W4 5YB, England",62090
2897,WARNER BROS. GAMES LIMITED,04946940,active,ltd,2003-10-29,,"[{'ceased_on': '2021-01-29', 'effective_from': '2006-01-25', 'name': 'TT GAMES PUBLISHING LIMITED'}, {'ceased_on': '2006-01-25', 'effective_from': '2004-04-26', 'name': 'GIANT INTERACTIVE ENTERTAINMENT LIMITED'}, {'ceased_on': '2004-04-26', 'effective_from': '2004-03-01', 'name': 'GET-GO-GAMES LIMITED'}, {'ceased_on': '2004-03-01', 'effective_from': '2003-10-29', 'name': 'OVAL (1925) LIMITED'}]","Chiswick Park Building 2, 566 Chiswick High Road, London, W4 5YB, England",58290
2898,WARP DIGITAL ENTERTAINMENT LIMITED,08851354,active,ltd,2014-01-20,,"[{'ceased_on': '2016-12-17', 'effective_from': '2014-11-13', 'name': 'CARBON GAMES LIMITED'}, {'ceased_on': '2014-11-13', 'effective_from': '2014-01-20', 'name': 'PLAYTHING INC LTD'}]","Unit 14, Princeton Mews, 167 London Road, Kingston Upon Thames, KT2 6PT, England",62012
2899,WASTE CREATIVE LIMITED,05838412,active,ltd,2006-06-06,,,"4th Floor, 110 High Holborn, London, WC1V 6JS, England",73110
2900,WATERDUDE STUDIOS LTD,12382607,active,ltd,2020-01-02,,,"50 Princes Street, Ipswich, IP1 1RJ, England",58210; 62011; 62012
2901,WATERHOUSE GAMES LIMITED,16443875,active,ltd,2025-05-12,,,"45 Leaper Street, Derby, DE1 3NB, United Kingdom",58210
2902,WATERSIDE GAMES LIMITED,17124287,active,ltd,2026-03-30,,,"124 City Road, London, EC1V 2NX, England",58210; 62011
2903,WAVING BEAR STUDIO LTD,12160732,active,ltd,2019-08-16,,,"83 Queens Road, Brighton, BN1 3XE, England",62011
2904,WAYNE MADE A GAME LTD,SC839847,active,ltd,2025-03-03,,,"48 Boydstone Path, Glasgow, G43 1AJ, United Kingdom",62011
2905,WAYFARER GAMES LIMITED,11253038,active,ltd,2018-03-13,,,"1 Mulehouse Road, Sheffield, S10 1TA, England",58210
2906,WAY.T.D PVT LTD,17026567,active,ltd,2026-02-11,,,"399-405 Oxford Street,, Office 219 Unit 5, Mayfair,London, W1C 2BU, United Kingdom",62011; 63990
2907,WE AMAZE GROUP LIMITED,11730341,active,ltd,2018-12-17,,"[{'ceased_on': '2022-07-19', 'effective_from': '2018-12-17', 'name': 'LOTTO STUDIOS LIMITED'}]","124 City Road, London, EC1V 2NJ, England",62011
2908,WE ARE RISING INTERACTIVE LTD.,08502237,active,ltd,2013-04-24,,,"Devonshire House, 582 Honeypot Lane, Stanmore, HA7 1JS, England",62011
2909,WEASELTRON ENTERTAINMENT LIMITED,06395170,active,ltd,2007-10-10,,,"10-12 East Parade, Leeds, LS1 2BH, England",62020
2910,WEATHER FACTORY LIMITED,10183376,active,ltd,2016-05-17,,,"11 Old Bond Street, London, W1S 4PN, England",58210
2911,WEBCAM GAMES LTD,10315326,active,ltd,2016-08-05,,,"47 Brook Drive, London, SE11 4TU, United Kingdom",58210
2912,WEBSTER ENTERTAINMENT LTD,14399825,active,ltd,2022-10-05,,,"10 Tower Road, Melksham, SN12 7JG, England",62011; 90030
2913,WELL PLAYED GAMES LIMITED,10678161,active,ltd,2017-03-20,,,"3rd Floor Walton House, 11-15 Parade, Leamington Spa, Warwickshire, CV32 4DG, England",58210
2914,WELL DONE ENTERTAINMENT LTD,16136619,dissolved,ltd,2024-12-15,2026-09-22,,"Unit 82a James Carter Road, Mildenhall, Bury St. Edmunds, IP28 7DE, England",62011
2915,WEN MOON STUDIOS LTD,16499373,active,ltd,2025-06-05,,,"71-75 Shelton Street, London, WC2H 9JQ, England",58210
2916,WERKFLOW GAMES LTD,12316908,active,ltd,2019-11-15,,,"Devonshire House 582 Honeypot Lane, Stanmore, Middlesex, HA7 1JS, United Kingdom",58210
2917,WERKFLOW LTD,09496438,active,ltd,2015-03-18,,,"Devonshire House 582 Honeypot Lane, Stanmore, Middlesex, HA7 1JS, United Kingdom",90030
2918,WESTOWN DIGITAL LTD,17231774,active,ltd,2026-05-20,,,"17231774 - COMPANIES HOUSE DEFAULT ADDRESS, Cardiff, CF14 8LH",58210; 58290; 59120; 62011
2919,WHARF STREET STUDIOS LIMITED,11887385,active,ltd,2019-03-18,,,"Level 39 One Canada Square, Canary Wharf, London, E14 5AB, England",58210
2920,WHAT A KNOB GAMES LTD,17197324,active,ltd,2026-05-05,,,"31 Willow Wren, Great Linford, Milton Keynes, MK14 5AQ, England",32409; 46499; 47910; 58210
2921,WHEN WAS I HERE LTD,16770686,dissolved,ltd,2025-10-08,2026-09-29,,"60 Tottenham Court Road, Office 428, London, W1T 2EW, England",58290; 62011; 63120
2922,WHIMBEAR STUDIOS LTD,16665319,active,ltd,2025-08-21,,,"Heathcot, Abbotskerswell, Newton Abbot, TQ12 5PW, England",58210
2923,WHIMSEE LTD,17353256,active,ltd,2026-07-21,,,"134 Lakeside Avenue, Lydney, GL15 5QB, England",47910; 58290; 62011; 63120
2924,WHISK WORLD STUDIOS LTD,12055652,active,ltd,2019-06-18,,,"109 Kendal Avenue, Southampton, SO16 9LX, England",58210; 58290; 62020
2925,WHITE HOT GAMES LIMITED,11201020,active,ltd,2018-02-12,,,"4 Price Road, Cubbington, Leamington Spa, Warwickshire, CV32 7LQ, United Kingdom",58210
2926,WHITE KITE GAMES LIMITED,17143834,active,ltd,2026-04-08,,,"16 Brecknock Chase, Milton Keynes, MK8 1DU, United Kingdom",58210; 58290; 62011; 62012
2927,WHITE PAPER GAMES LTD,08122034,active,ltd,2012-06-28,,,"142 Chapel Street, Salford, M3 6AF",58210
2928,WHITEPOT STUDIOS LIMITED,NI642313,active,ltd,2016-11-23,,,"137 York Road, Belfast, BT15 3GZ, Northern Ireland",62011; 62012
2929,WHITE ROOM STUDIOS LIMITED,03777189,active,ltd,1999-05-26,,,"Weatherstones, Crowborough Hill, Crowborough, East Sussex, TN6 2DA, England",62011
2930,WHOOP GROUP LTD,10769963,active,ltd,2017-05-15,,,"71-75 Shelton Street, Covent Garden, London, WC2H 9JQ, United Kingdom",62011
2931,WICKFORD GAMES LIMITED,16557419,active,ltd,2025-07-02,,,"4 Melville Road, Southsea, PO4 9TA, England",58210; 62011
2932,WICK ENTERTAINMENT LIMITED,13853762,active,ltd,2022-01-17,,"[{'ceased_on': '2022-05-10', 'effective_from': '2022-01-17', 'name': 'HEDONE LIMITED'}]","C/O Alexander & Co Centurion House, 129 Deansgate, Manchester, M3 3WR, England",62011
2933,WIGGIN LLP,OC308767,active,llp,2004-07-28,,,"Jessop House, Jessop Avenue, Cheltenham, Gloucestershire, GL50 3WG, United Kingdom",
2934,WIHURA GAMES LTD,11366229,active,ltd,2018-05-16,,,"Kemp House, City Road, London, EC1V 2NX, England",58110; 58190; 74100; 85590
2935,WILD CLAW GAMES LTD,17250717,active,ltd,2026-05-30,,,"6 Preston Lane, Norwich, NR14 6ST, United Kingdom",32409; 47650; 58190; 58210
2936,WILDERCROFT LTD,13340600,dissolved,ltd,2021-04-16,2026-09-22,,"71-75 Shelton Street, London, Greater London, WC2H 9JQ, United Kingdom",47910; 58142; 58210; 62011
2937,WILD FROG STUDIOS LTD,16151946,active,ltd,2024-12-26,,,"Bluebell Cottage Bullocks Farm Lane, Wheeler End, High Wycombe, HP14 3NQ, England",58210
2938,WILDFIRE GAMES LTD,11236612,active,ltd,2018-03-06,,"[{'ceased_on': '2018-03-19', 'effective_from': '2018-03-06', 'name': 'BATTLEAXE SOFTWARE LTD'}]","83 South Moor Drive, Goldthorpe, Rotherham, S63 9QA, England",62011
2939,WILDLOGICGAMES LTD,11489950,active,ltd,2018-07-30,,,"137 Mansfield Road, Alfreton, DE55 7JQ, United Kingdom",58210
2940,WILD LOOP GAMES LTD,17057891,active,ltd,2026-02-26,,,"71-75 Shelton Street, Covent Garden, London, WC2H 9JQ, United Kingdom",58210; 62011; 62012; 62020
2941,WILLIAMS ASSOCIATES LTD,11866361,active,ltd,2019-03-07,,"[{'ceased_on': '2023-04-08', 'effective_from': '2019-08-28', 'name': 'KILN HOLDINGS LIMITED'}, {'ceased_on': '2019-08-28', 'effective_from': '2019-05-10', 'name': 'WE ARE KILN LTD'}, {'ceased_on': '2019-05-10', 'effective_from': '2019-03-07', 'name': 'SHIBDEN LIMITED'}]","348 Goswell Road, London, Greater London, EC1V 7LQ, England",70229; 82990
2942,WINSTON TAYLOR UK LLP,OC322935,active,llp,2006-10-05,,"[{'ceased_on': '2026-04-14', 'effective_from': '2006-10-05', 'name': 'TAYLOR WESSING LIMITED LIABILITY PARTNERSHIP'}]","5 New Street Square, London, EC4A 3TW",
2943,WIRED PRODUCTIONS LIMITED,06593922,active,ltd,2008-05-15,,,"Unit 4 Watford Interchange, Colonial Way, Watford, WD24 4WP",62011
2944,WISE GAMES LTD,13984394,active,ltd,2022-03-17,,,"Flat 26 Yashin House, Matthews Close, Wembley, HA9 8FG, England",62011; 62020
2945,WISE MONKEY ENTERTAINMENT LTD,12464054,active,ltd,2020-02-14,,,"Flat 1 Carisbrooke House, 17-19 Carisbrooke Road, Walthamstow, Greater London, E17 7EE, United Kingdom",62011
2946,WITCH BREW LTD,17232844,active,ltd,2026-05-20,,,"128 City Road, London, EC1V 2NX, United Kingdom",58210; 62011
2947,WITHQWERTY LTD.,16791134,active,ltd,2025-10-16,,,"Flat 16 Ment House 1b Mentmore Terrace, London, E8 3DQ, England",47410; 58290; 62011
2948,WIX GAMES LIMITED,08000001,active,ltd,2012-03-21,,,"42 St. Anselms Road, Worthing, BN14 7EN, England",58210
2949,WIZKID GAMES LTD,17067847,active,ltd,2026-03-03,,,"12 Page Road, Feltham, TW14 8DR, England",58210
2950,WOBBLY TOOTH LTD.,SC407079,active,ltd,2011-09-08,,,"30 Macdonald Drive, Lossiemouth, Morayshire, IV31 6LR",62011
2951,WOLF & WOOD INTERACTIVE LTD,09410363,active,ltd,2015-01-28,,,"Clavering House, Clavering Place, Newcastle Upon Tyne, NE1 3NG, United Kingdom",62011
2952,WOLF ESCAPE GAMES LTD,13397625,active,ltd,2021-05-14,,,"16 Fleetwood Apartments 2 Northwold Road, London, N16 7HG, England",58210; 62011
2953,WONDERFULBEAR LTD,11948239,active,ltd,2019-04-15,,,"20-22 Wenlock Road, London, N1 7GU, England",58210; 62011
2954,WONDERFUL WORLDS 5G LTD,14252711,active,ltd,2022-07-25,,,"5 Cromwell Place, London, England, N6 5HR, United Kingdom",58210; 62011
2955,WONDER-STATE GAMES LTD,16732911,active,ltd,2025-09-22,,,"69 Lambton Road, Liverpool, L17 7DA, England",58210
2956,WOOKANANA LIMITED,09967742,active,ltd,2016-01-25,,,"26 Burnetts Fields, Horton Heath, Eastleigh, SO50 7DH, England",58210; 62011
2957,WOODLOUSE STUDIOS LTD,NI733611,active,ltd,2025-09-22,,,"65 Hill Street, Lisburn, BT28 1YE, Northern Ireland",58210; 90030
2958,WOOHOO APP LTD,17267031,active,ltd,2026-06-08,,,"13 Progress Court, Braintree, CM7 2PS, England",62011; 63990
2959,WOOLFORD STUDIOS LTD,11257833,active,ltd,2018-03-15,,,"28 Hawes Place, Newton Aycliffe, DL5 7ED, England",58210; 62011; 62012
2960,WORD PERSON GAMES LIMITED,10111926,active,ltd,2016-04-08,,,"Suite 7a, Building 6, Croxley Park, Hatters Lane, Watford, Hertfordshire, WD18 8YH, England",58210
2961,WORLD AWAY GAMES LIMITED,14067866,active,ltd,2022-04-25,,,"124 City Road, London, EC1V 2NX, England",62011
2962,WORLD MAKERS LIMITED,12123186,active,ltd,2019-07-25,,"[{'ceased_on': '2021-04-07', 'effective_from': '2019-07-25', 'name': 'BASELINE GAMES LIMITED'}]","C/O Flb Accountants Llp 1010 Eskdale Road, Winnersh Triangle, Wokingham, RG41 5TS, United Kingdom",58210
2963,WORKOUT GAMES AND EDUCATION LTD,17283417,active,ltd,2026-06-18,,,"66 Paul Street, London, EC2A 4NA, England",58290; 62011; 62012
2964,WRECK TANGLE GAMES LTD,10166075,active,ltd,2016-05-06,,,"Suite A, 82 James Carter Road, Mildenhall, IP28 7DE, England",62011
2965,WREN GAMES LTD,11273508,active,ltd,2018-03-23,,,"Silvernook, The Crescent, Romsey, SO51 7NG, England",58210; 62012; 70229
2966,WUSHU STUDIOS LTD,10934182,active,ltd,2017-08-25,,"[{'ceased_on': '2017-09-04', 'effective_from': '2017-08-25', 'name': 'WUSHUSTUDIOS LTD'}]","4th Floor 110 High Holborn, London, WC1V 6JS, England",58210; 62012
2967,W.R.K.S GAMES LTD,10874435,active,ltd,2017-07-19,,,"East Phoenix Heights 4 Mastmaker Road, Flat 902, London, E14 9AJ, England",62011
2968,WXY SOCIAL LTD,11363058,active,ltd,2018-05-15,,,"124 City Road, London, EC1V 2NX, England",70210
2969,WUTECH LTD,16126151,active,ltd,2024-12-09,,,"Suite 14589 61 Bridge Street, Kington, HR5 3DJ, United Kingdom",58210; 58290; 62011; 63120
2970,WYRD PIXEL LTD,16279911,active,ltd,2025-02-26,,,"No. 2 Agricultural Hall Plain, Wyrdpixel, Hardwick House, Norwich, Norfolk, NR1 3FS, United Kingdom",58210
2971,WYCH WAY STUDIOS LTD,10730531,active,ltd,2017-04-19,,,"Union House, 111 New Union Street, Coventry, CV1 2NT, England",62011
2972,XAEO LTD,11241457,active,ltd,2018-03-08,,,"44 Leahouse Road, Birmingham, B68 8PE, United Kingdom",26400; 58190; 58210; 62011
2973,XEADMO LTD,17312414,active,ltd,2026-07-01,,,"Flat 1, 282a Bethnal Green Road, London, E2 6AH, United Kingdom",58290; 62011; 74100; 90030
2974,X-FLOW II LIMITED,12088596,active,ltd,2019-07-06,,,"Dorset House Office 116b, Regent Park, Kingston Road, Leatherhead, KT22 7PL, England",47910; 62011; 62090
2975,XINGHUOZHIMEN GAMES LIMITED,NI740654,active,ltd,2026-05-15,,,"Office 98 92 Castle Street, Area 1/1, Belfast, Northern Ireland, BT1 1HE, United Kingdom",58210; 59111; 62011; 63990
2976,XISLE GAMES LIMITED,11720389,active,ltd,2018-12-10,,,"82a James Carter Road, Mildenhall, Suffolk, IP28 7DE, England",62011
2977,XIOTEX STUDIOS LTD,06219572,active,ltd,2007-04-19,,,"46 Worlds End Lane, Orpington, BR6 6AG, England",32409; 58210; 62011
2978,XMPT GAMES LIMITED,08523021,active,ltd,2013-05-09,,,"The Hollies, Cinder Path, Woking, Surrey, GU22 0ER, England",62012
2979,XOHHO LTD,09119097,active,ltd,2014-07-07,,,"35 Thomas Street, Grimsby, DN32 9HP, United Kingdom",47910; 62011; 95110; 95210
2980,XSERIES LIMITED,07136727,active,ltd,2010-01-26,,,"Castle Chambers C/O Dsg, Chartered Accountants, Castle Chambers, 43 Castle Street, Liverpool, Merseyside, L2 9TL, United Kingdom",63990
2981,XWIRED GAMES LLP,OC357632,active,llp,2010-09-03,,,"39 Blenheim Avenue, Blackpool, Lancashire, FY1 4ER",
2982,XX7-JR2C-2223 LTD,17193711,active,ltd,2026-05-01,,,"80 Coombe Road, Brighton, BN2 4EE, England",47410; 58290; 62011; 62020
2983,YAKUTO LIMITED,08924332,active,ltd,2014-03-05,,,"90 Fetter Lane, 2nd Floor, Bureau, London, EC4A 1EN, England",62090
2984,YAK YAK GAMES LIMITED,14072807,active,ltd,2022-04-27,,,"32 High Street, Guildford, GU1 3EL, England",62011
2985,YALDI GAMES LTD,SC652007,active,ltd,2020-01-20,,,"C/O Johnston Carmichael, 7-11 Melville Street, Edinburgh, EH3 7PE, Scotland",62011
2986,YAMMY ENTERTAINMENT LIMITED,13985872,active,ltd,2022-03-18,,,"Ground Floor, Woodland House Woodland Park, Bradford Road, Cleckheaton, West Yorkshire, BD19 6BW, England",62011
2987,YEAH US! LIMITED,08221946,active,ltd,2012-09-20,,,"C/O Delrose Consulting Ltd , Wittas House, Station Lane, Witney, OX28 4BH, England",62011
2988,YA & QUE ENTERTAINMENT LIMITED,SC859654,active,ltd,2025-08-20,,,"2/3 48 West George Street, Glasgow, G2 1BP, Scotland",58210
2989,YKSI GAMES LIMITED,16468635,active,ltd,2025-05-22,,,"483 Green Lanes, London, N13 4BS, England",58210; 62011
2990,YOHI LTD,16583398,active,ltd,2025-07-15,,,"38 Chancery Lane, London, WC2A 1EN, United Kingdom",58210; 62011; 64301; 64304
2991,YODKO LTD,17162173,active,ltd,2026-04-16,,,"71-75 Shelton Street, Covent Garden, London, WC2H 9JQ, United Kingdom",58210; 62011
2992,YOKO MEDIA LTD,07609419,active,ltd,2011-04-19,,"[{'ceased_on': '2013-01-22', 'effective_from': '2011-04-19', 'name': 'GAMES JOBS DIRECT LTD'}]","Unit 14 Nightingale Close, Rotherham, S60 2AB, England",73110
2993,YONDERNAUTS GAME STUDIOS LTD,08026654,active,ltd,2012-04-11,,"[{'ceased_on': '2019-01-16', 'effective_from': '2012-04-11', 'name': 'SURVIVALIST DEVELOPMENTS LTD'}]","Marnei Roseacre Road, Roseacre, Preston, Lancashire, PR4 3UE",62011
2994,YOURWAY STUDIOS LTD,12034765,active,ltd,2019-06-05,,,"124 City Road, London, EC1V 2NX, England",32500; 62011
2995,YOYO GAMES LIMITED,05260718,active,ltd,2004-10-15,,,"One, Fleet Place, London, EC4M 7WS, England",62011
2996,YSBRYD GAMES WORLDWIDE LIMITED,09864065,active,ltd,2015-11-09,,,"7 Bell Yard, London, WC2A 2JR, England",58210
2997,YRS TRULY LTD,11305361,active,ltd,2018-04-11,,,"Netil House, 1 Westgate Street, London, E8 3RL, England",58210; 59112; 70210; 73110
2998,YUMYUMYUKYUK LTD,16952912,active,ltd,2026-01-09,,,"International House, 100 Menzies Road, St. Leonards-On-Sea, Hastings, TN38 9BB, England",58210; 62011
2999,YUUSHIO GAMES LTD,16665921,active,ltd,2025-08-21,,,"19 Westfield Way, Bradley Stoke, Bristol, BS32 0EN, England",58210
3000,ZADBOX ENTERTAINMENT LTD,09467575,active,ltd,2015-03-03,,,"ZADBOX ENTERTAINMENT LTD, 20-22 Wenlock Road, London, N1 7GU",58210; 58290; 62011
3001,ZAVIINET STUDIOS LIMITED,12300525,active,ltd,2019-11-06,,,"Zaviinet Studios Limited Unit A, 82 James Carter Road, Mildenhall, IP28 7DE, England",62011
3002,ZAMZA GAMES LTD,16307159,active,ltd,2025-03-11,,,"26 Handley Grove, London, NW2 1TB, England",58210
3003,ZAZY HOSTING LTD,17260451,active,ltd,2026-06-04,,,"71-75 Shelton Street, Covent Garden, London, WC2H 9JQ, United Kingdom",58290; 62011; 63120
3004,ZEE 3 LIMITED,05553147,active,ltd,2005-09-02,,,"Flat 2 26 Bath Road, Buxton, Derbyshire, SK17 6HH, England",62090
3005,ZENIMAX EUROPE LIMITED,06333300,active,ltd,2007-08-03,,,"1 Blossom Yard, Fourth Floor, London, E1 6RS, United Kingdom",58290
3006,ZENOS INTERACTIVE LIMITED,12603895,active,ltd,2020-05-15,,"[{'ceased_on': '2024-10-23', 'effective_from': '2024-08-14', 'name': 'ZENOS TECHNOLOGY LIMITED'}, {'ceased_on': '2024-08-14', 'effective_from': '2020-05-15', 'name': 'VIRTEX ENTERTAINMENT LIMITED'}]","71-75 Shelton Street, London, Greater London, WC2H 9JQ, United Kingdom",58290; 62011; 63110
3007,ZEN PIGEON GAMES LIMITED,SC886087,active,ltd,2026-04-13,,,"16 Jutland Street Rosyth, Dunfermline, Fife, KY11 2ZL, Scotland",62011
3008,ZEPTOLAB UK LIMITED,07493468,active,ltd,2011-01-14,,,"80 Cheapside, London, EC2V 6EE, England",58210
3009,ZERO LIFE GAMES LIMITED,10377829,active,ltd,2016-09-15,,,"Preston Park House, South Road, Brighton, East Sussex, BN1 6SB, United Kingdom",62011
3010,"ZERO UP ENTERTAINMENT, (UK), LTD",13508781,active,ltd,2021-07-13,,"[{'ceased_on': '2021-07-15', 'effective_from': '2021-07-13', 'name': 'ZERO UP ENTERTAINMENT (UK) LTD'}]","Dane John Works, Gordon Road, Canterbury, Kent, CT1 3PP, United Kingdom",62011
3011,ZLODEY STUDIOS LTD,14548269,active,ltd,2022-12-19,,,"Wheeler House 2 Caxton Road, Flat 606, London, N22 6FG, England",62011; 62020
3012,ZIWAN LTD,17218462,active,ltd,2026-05-13,,,"61 Bridge Street, Kington, HR5 3DJ, United Kingdom",58210; 62011
3013,ZODIAC GAMES LIMITED,12086110,active,ltd,2019-07-04,,,"22 Vernon Drive, Battlefield Enterprise Park, Shrewsbury, Shropshire, SY1 3TF, England",32409; 58210
3014,ZOGOEX LTD,16773541,active,ltd,2025-10-09,,,"71-75 Shelton Street, Covent Garden, London, WC2H 9JQ, United Kingdom",58210; 62011; 62090; 63120
3015,ZRZSTUDIO LTD,10222261,active,ltd,2016-06-09,,,"71-75 Shelton Street, Covent Garden, London, WC2H 9JQ, United Kingdom",47910; 58210; 62011
3016,ZORG GAMES LIMITED,SC859725,active,ltd,2025-08-20,,,"Suite 1 141 High Street, Elgin, Moray, IV30 1DS, United Kingdom",58210
3017,ZUT GAMES LTD,07865006,active,ltd,2011-11-29,,,"Studio 3 Babel Studios, 82 Southwark Bridge Road, London, SE1 0AS, England",62012
3018,ZYRAXIS STUDIOS LTD,17034058,active,ltd,2026-02-15,,,"Flat 7 Chequers Court Palmers Leaze, Bradley Stoke, Bristol, BS32 0HD, England",58210
