name,company_number,category,is_ukie_member,activities,is_trading,incorporation_date,dissolution_date,gamesmap_url
10:10 Games,13443989,games-company,True,developer; publisher,True,2021-06-08,,https://app.gamesmap.uk/organisations/5f41d018-8d16-4b18-8eb2-bd2202830c67/map/
17 Blockchain Innovation,16805420,games-company,False,developer,True,2025-10-23,,https://app.gamesmap.uk/organisations/808fed2a-f848-4064-97a2-0b4af763104b/map/
17 Lucky Duck Studios,16805139,games-company,False,developer,True,2025-10-23,,https://app.gamesmap.uk/organisations/0af87baf-8377-41d2-a966-016aa35043dd/map/
17 Social Games,16805514,games-company,False,developer,True,2025-10-23,,https://app.gamesmap.uk/organisations/b5278342-347d-4afb-972e-1d838ba90804/map/
1Cc Games,12897535,games-company,False,developer,True,2020-09-22,,https://app.gamesmap.uk/organisations/a19fbd02-6ea8-4142-aafd-6cda4904a5e8/map/
1M Interactive,16796733,games-company,False,developer,True,2025-10-20,,https://app.gamesmap.uk/organisations/8a26a495-f2ea-4816-a21e-faf670a6fc3f/map/
1 Minus 1,04837228,games-company,True,developer,True,2003-07-18,,https://app.gamesmap.uk/organisations/552dd2c8-9157-46cc-92c9-17229a9d2c16/map/
1St Impact Games,10306854,games-company,False,developer,True,2016-08-02,,https://app.gamesmap.uk/organisations/58623f65-ad26-453b-9492-8a09b78d0402/map/
22Cans,07955622,games-company,True,developer,True,2012-02-20,,https://app.gamesmap.uk/organisations/60d34c09-6cd7-4898-945f-4aa70f953634/map/
232 Studios,07138771,games-company,False,developer,True,2010-01-28,,https://app.gamesmap.uk/organisations/35c497a3-2510-4df3-8239-0941f8e75af7/map/
241 Games,16551802,games-company,False,developer,True,2025-06-30,,https://app.gamesmap.uk/organisations/409960cb-c597-45f7-bace-ec3990b3782d/map/
2Bitpunks,10004489,service-company,False,developer,True,2016-02-15,,https://app.gamesmap.uk/organisations/1c4a8e51-6612-4b0d-8e49-44c88cb389c7/map/
2P Games,09019387,games-company,False,developer,True,2014-04-30,,https://app.gamesmap.uk/organisations/88488954-a41b-4dc3-91a2-29a83492ec9a/map/
30.06 Studios,07339208,games-company,False,developer,True,2010-08-09,,https://app.gamesmap.uk/organisations/b9bd1d7d-0406-4739-be0f-b9f7723d0662/map/
313 Studios,12944276,games-company,False,developer,True,2020-10-12,,https://app.gamesmap.uk/organisations/a51ce831-b1cb-415a-95f0-6eb2ace3206b/map/
39 Pictures,08874124,service-company,True,,True,2014-02-04,,https://app.gamesmap.uk/organisations/288f60e3-57bf-4ec0-a313-6a60e2eeb4b9/map/
3D Games,11473076,games-company,False,developer,True,2018-07-19,,https://app.gamesmap.uk/organisations/327051eb-4c78-4db9-94d3-b57c464b66e9/map/
3-Fold Games,12008086,games-company,False,developer,True,2019-05-21,,https://app.gamesmap.uk/organisations/69069436-d066-44a5-8fb8-3cdaa7492027/map/
3Ik,16467155,games-company,False,developer,True,2025-05-22,,https://app.gamesmap.uk/organisations/d1f8422d-c5e8-4800-b797-77124d9c56e7/map/
3Tk Games,16669485,games-company,False,developer,True,2025-08-24,,https://app.gamesmap.uk/organisations/bcf37a31-d647-4421-87b4-edcfaa3db0d5/map/
4Ai,10976044,games-company,False,developer,True,2017-09-22,,https://app.gamesmap.uk/organisations/dfec6612-4374-4cc7-9fbd-3663112506fa/map/
4Everfun Innovations,16166351,games-company,False,developer,True,2025-01-06,,https://app.gamesmap.uk/organisations/1cb25060-84a7-4bb3-bb15-72c75a0ddf13/map/
4Mb Interactive,09724677,games-company,False,developer,True,2015-08-10,,https://app.gamesmap.uk/organisations/06f646c8-fcfe-4697-83e6-5b1af8181cc9/map/
4 The Company,11461019,games-company,False,developer,True,2018-07-12,,https://app.gamesmap.uk/organisations/7dabb456-c423-456f-9094-fbbec955e03c/map/
505 Games,05660941,games-company,True,publisher,True,2005-12-22,,https://app.gamesmap.uk/organisations/30c3aed4-fc3a-43b9-9cc8-afbc3a9383c7/map/
54N,NI673844,service-company,True,,True,2020-10-30,,https://app.gamesmap.uk/organisations/30df3886-cb1a-4fbd-9b56-f4e1179f16f5/map/
5Bucks,17142612,games-company,False,developer,True,2026-04-08,,https://app.gamesmap.uk/organisations/33d18223-7487-4b25-8d4f-12d73ac92f77/map/
6-23 Games,16631667,games-company,False,developer,True,2025-08-06,,https://app.gamesmap.uk/organisations/29757a84-fdc2-49be-aed4-f82b9cf7b8e5/map/
87Kgames,16096870,games-company,False,developer,True,2024-11-22,,https://app.gamesmap.uk/organisations/ec859ba0-3d6d-487b-b35a-9cc19b0417b6/map/
8Bitskull,SC590474,games-company,False,developer,True,2018-03-05,,https://app.gamesmap.uk/organisations/33c8553a-c9a3-4aed-bbaa-e05a8f7643f6/map/
8Bit Sports,17251468,games-company,False,developer,True,2026-06-01,,https://app.gamesmap.uk/organisations/109c25a9-a2a1-43ff-9fcb-cfee6b83bd3b/map/
9Ja City Games,17228371,games-company,False,developer,True,2026-05-19,,https://app.gamesmap.uk/organisations/e0a3e7a9-fbd0-4d96-9ee2-5b4088481b8f/map/
A2Z Interactive,09119397,games-company,False,developer,True,2014-07-07,,https://app.gamesmap.uk/organisations/30e756fa-515c-471e-8b0c-eafe2c9fd9d3/map/
Aaa Games,08036471,games-company,False,developer,True,2012-04-18,,https://app.gamesmap.uk/organisations/fe6c13b6-ee4c-4f12-abb4-20e349ab02cb/map/
Aardman Animations,02050843,games-company,True,developer,True,1986-08-29,,https://app.gamesmap.uk/organisations/2af85469-9b1d-44d3-b3e7-fd778b2a6e87/map/
Aardvark Swift Recruitment,05481117,service-company,True,,True,2005-06-14,,https://app.gamesmap.uk/organisations/cad1bf58-984d-4fcd-8a43-fe2122b7e467/map/
Aartform,10433048,games-company,False,developer,True,2016-10-18,,https://app.gamesmap.uk/organisations/3e2213a0-d3ca-4152-9afe-91d423cd5b5a/map/
Aasta It,16205357,games-company,False,developer,True,2025-01-24,,https://app.gamesmap.uk/organisations/a6c2bbd8-9543-4264-a4c7-d5f9c92f111a/map/
Abbeytek,03609249,games-company,False,developer,True,1998-08-04,,https://app.gamesmap.uk/organisations/5fce0647-9541-4ab8-b06b-96b071c02ddb/map/
ABERTAY UNIVERSITY,,academic-institution,False,,True,,,https://app.gamesmap.uk/organisations/860bcedd-a920-43ae-9a60-1629f7aab635/map/
Ab Interactive,17231611,games-company,False,developer,True,2026-05-20,,https://app.gamesmap.uk/organisations/70573f98-6b0e-47b0-80c3-21a4f61a8ddb/map/
Ab Negative Games,SC721696,games-company,False,developer,True,2022-02-01,,https://app.gamesmap.uk/organisations/5a022f25-ecf8-4d44-872b-78c99e38a7b9/map/
A Brave Plan,08934538,games-company,True,developer,True,2014-03-12,,https://app.gamesmap.uk/organisations/4fcd595e-9f57-4708-b4f0-1218edb9601e/map/
Absolute Games,17116704,games-company,False,developer,True,2026-03-25,,https://app.gamesmap.uk/organisations/6c875a69-cecb-4720-8462-ed48e1a681ae/map/
Absolutely Amazingly Awesome Gaming Hardcore Heroes,17005017,games-company,False,developer,True,2026-01-31,,https://app.gamesmap.uk/organisations/f7353acb-46a4-47ac-a112-36b5da2b4a59/map/
Absolutely Games,12256483,games-company,True,developer,True,2019-10-11,,https://app.gamesmap.uk/organisations/6cdd80c8-6334-4528-a3bd-73f8d76ad3c7/map/
Abyssal Interactive,16963576,games-company,False,developer,True,2026-01-14,,https://app.gamesmap.uk/organisations/4d46a830-7fca-4d07-88de-b275d3c95c52/map/
Access Further Education,02749258,academic-institution,True,,True,1992-09-22,,https://app.gamesmap.uk/organisations/da544956-e687-4ef1-8ab3-5ecd582a07bb/map/
Ace Games Technology,14780827,games-company,False,developer,True,2023-04-04,,https://app.gamesmap.uk/organisations/7b761ff6-c0ea-4c51-b7a4-ac10656531c7/map/
Aceviral.Com,07351614,games-company,False,developer,True,2010-08-20,,https://app.gamesmap.uk/organisations/38b06a2b-e963-40af-9d6a-f10422ac0506/map/
Acid Nerve,09167417,games-company,False,developer,True,2014-08-08,,https://app.gamesmap.uk/organisations/074c8dad-47ff-494f-a810-e619c9ef337e/map/
ACM,,academic-institution,False,,True,,,https://app.gamesmap.uk/organisations/f4acf9f6-028d-410f-a5d6-0f62332e02dd/map/
Actioncy Tech,12195111,service-company,True,,True,2019-09-09,,https://app.gamesmap.uk/organisations/a5d75f5f-adcc-4554-9001-ff794fe19cab/map/
Activision Blizzard,01709830,games-company,True,publisher,True,1983-03-25,,https://app.gamesmap.uk/organisations/e6ebc812-069b-46d4-98b7-a3bcd47f85f2/map/
Actually Playable,16587112,games-company,False,developer,True,2025-07-16,,https://app.gamesmap.uk/organisations/22c4095d-7189-45e7-901c-862fb9c5f761/map/
Acuda,13304512,games-company,False,developer,True,2021-03-30,,https://app.gamesmap.uk/organisations/7c08828c-94ca-4356-9b4b-33f236eea7c5/map/
Acumed Data,07476614,service-company,True,,True,2010-12-22,,https://app.gamesmap.uk/organisations/f0fe30ee-3119-4e3f-8326-521bd4931144/map/
Adinmo,SC648449,service-company,False,,True,2019-11-29,,https://app.gamesmap.uk/organisations/27cd7d23-9459-4512-ba27-3230fac77606/map/
Adventura Studios,SC845274,games-company,False,developer,True,2025-04-15,,https://app.gamesmap.uk/organisations/997f77dc-877f-4633-9fb2-022ede7ae2b8/map/
Aegis Studios,17288162,games-company,False,developer,True,2026-06-19,,https://app.gamesmap.uk/organisations/f5f0c376-1803-4a06-800c-81bf7298b735/map/
Aerospike Games,16582619,games-company,False,developer,True,2025-07-15,,https://app.gamesmap.uk/organisations/bd998db4-74c4-4e35-ac9a-2846c7cdc5ec/map/
Aeterno Studios,NI685254,games-company,False,developer,True,2022-01-24,,https://app.gamesmap.uk/organisations/e87c9614-7fa9-4bf1-8ca5-8821c8af2b80/map/
Aether Forge Games,14283864,games-company,False,developer,True,2022-08-08,,https://app.gamesmap.uk/organisations/e12d6a35-37fd-444e-959f-855dfde2434b/map/
Aetherhelix Games,17266531,games-company,False,developer,True,2026-06-08,,https://app.gamesmap.uk/organisations/f6bd9b7b-88af-48e9-b0ff-944374d8a0d2/map/
Aexo Studios,17294912,games-company,False,developer,True,2026-06-22,,https://app.gamesmap.uk/organisations/07bbfe91-c396-46b8-b6ab-00848dd2d330/map/
Afterburner Genesis,16709909,games-company,False,developer,True,2025-09-11,,https://app.gamesmap.uk/organisations/0362822f-9a8c-4395-8288-1fda3fd39024/map/
Afterburner Stardust,16709911,games-company,False,developer,True,2025-09-11,,https://app.gamesmap.uk/organisations/a38fc65c-4c47-4426-a963-5757f1d2d2bb/map/
After Dark Games,14509709,games-company,False,developer,True,2022-11-28,,https://app.gamesmap.uk/organisations/522bc30d-4471-4a42-ad29-67fedb16343b/map/
After Dark Studios,07310270,games-company,False,developer,True,2010-07-09,,https://app.gamesmap.uk/organisations/52133c15-eda6-4870-9466-9172465f76f5/map/
Age Interactive,17126203,games-company,False,developer,True,2026-03-30,,https://app.gamesmap.uk/organisations/7ec0b899-9cdb-47ea-9dcc-72e09b25c14c/map/
Agency Games,16321175,games-company,False,developer,True,2025-03-17,,https://app.gamesmap.uk/organisations/e75f04ae-7dfb-4468-83f4-ec3532423620/map/
Age Of Stone Developers,16748260,games-company,False,developer,True,2025-09-29,,https://app.gamesmap.uk/organisations/1f66facd-70d3-4775-90c4-bfaee84b09d8/map/
Ai Cosmos Studios,14812174,games-company,False,developer,True,2023-04-18,,https://app.gamesmap.uk/organisations/cc861df2-741b-4715-a03b-44dc952cff07/map/
Ai Factory,04721316,games-company,False,developer,True,2003-04-02,,https://app.gamesmap.uk/organisations/d88d56ee-b0e1-44ae-9773-f466ae431a1a/map/
Airo Games,SC576545,games-company,False,developer,True,2017-09-18,,https://app.gamesmap.uk/organisations/737bdcb2-2ecb-478a-9ad0-7ea5c43f4f4a/map/
Akatsuki,06990097,games-company,False,developer,True,2009-08-13,,https://app.gamesmap.uk/organisations/a1e6bee1-090b-4e3c-b0e6-3b0f62d9c52a/map/
Akn Labs,05953059,games-company,False,developer,True,2006-10-02,,https://app.gamesmap.uk/organisations/5a535aaf-96c5-4a13-8e9e-67c354a7f477/map/
À La Mode Games,14108557,games-company,False,developer,True,2022-05-16,,https://app.gamesmap.uk/organisations/b2895295-fdb0-40b7-82fe-adb0808ba2bd/map/
Alans Games,16584291,games-company,False,developer,True,2025-07-15,,https://app.gamesmap.uk/organisations/194f1fbf-b1a2-4eb5-a681-4eec3db94d6d/map/
Alan Zucconi,08809767,games-company,False,developer,True,2013-12-11,,https://app.gamesmap.uk/organisations/872f78b7-36c1-451f-a0e8-347101001ea0/map/
Alcedo Games,16797136,games-company,False,developer,True,2025-10-20,,https://app.gamesmap.uk/organisations/f2c2fa8d-ce6d-4d86-a004-86cf37a64c99/map/
Alchemylabx,13925972,games-company,False,developer,True,2022-02-18,,https://app.gamesmap.uk/organisations/145ebe7c-ac1f-4b75-b605-0eddc34d90d9/map/
Aldmyn Game Studios,17021817,games-company,False,developer,True,2026-02-09,,https://app.gamesmap.uk/organisations/fca0e2f8-398b-4119-8341-5d4839faeeec/map/
Alexander Taylor,07998126,games-company,False,developer,True,2012-03-20,,https://app.gamesmap.uk/organisations/cfe0bb8a-8514-4590-9734-0001a5e95702/map/
Alex Makes Games,17300508,games-company,False,developer,True,2026-06-24,,https://app.gamesmap.uk/organisations/ded2c5a1-3e05-43f9-8014-1c0f7b17a96e/map/
Alivein Tech,10828369,games-company,False,developer,True,2017-06-21,,https://app.gamesmap.uk/organisations/b00cf9fe-e8f5-4d8d-9536-291b80a758d3/map/
Aljo Games,12542564,games-company,False,developer,True,2020-04-01,,https://app.gamesmap.uk/organisations/2d7139e4-fcb2-4686-92c0-196c834a2074/map/
Alkemi,07773252,games-company,False,developer,True,2011-09-14,,https://app.gamesmap.uk/organisations/26c1d213-38a1-4e8f-ac97-1e98a18a8947/map/
Alley Games,16251154,games-company,False,developer,True,2025-02-13,,https://app.gamesmap.uk/organisations/854c41a6-4b34-4607-9256-50f6974df08b/map/
Alliotts,OC430772,service-company,True,,True,2020-02-19,,https://app.gamesmap.uk/organisations/f97818e3-dee8-4a90-a9d7-9e2d99c3eb6c/map/
Allostasis,16988894,games-company,False,developer,True,2026-01-26,,https://app.gamesmap.uk/organisations/f72dc28b-e423-4cb8-97c5-04e24fff6e57/map/
All Seeing Eye,09309751,games-company,False,developer,True,2014-11-13,,https://app.gamesmap.uk/organisations/f0427436-f2e6-4894-98da-4256f45bf0ff/map/
All Thumbs Studios,16069804,games-company,False,developer,True,2024-11-08,,https://app.gamesmap.uk/organisations/2b7f12b1-3290-4862-bd1f-6dc63addc5d0/map/
Alpha Crc,02197452,service-company,False,,True,1987-11-23,,https://app.gamesmap.uk/organisations/562e6b80-b650-4d3e-83ce-4b7697805e18/map/
Alpha Innovation Game Studios,09753375,games-company,False,developer,True,2015-08-28,,https://app.gamesmap.uk/organisations/a77a7f5c-0bcc-4a2a-ae43-07c6227e1f90/map/
Alpha Strike Games,10649112,games-company,False,developer,True,2017-03-02,,https://app.gamesmap.uk/organisations/450b84e5-d330-40fa-8746-fc3ce044b893/map/
Alphirex Studio,16505188,games-company,False,developer,True,2025-06-09,,https://app.gamesmap.uk/organisations/32767d2a-8f2a-41e9-bfc7-4267091b5b89/map/
Alter Aspect,17217356,games-company,False,developer,True,2026-05-13,,https://app.gamesmap.uk/organisations/7cfd5807-c358-4f56-9e51-50fee76e7008/map/
Altered Gene,08774942,games-company,True,developer,True,2013-11-14,,https://app.gamesmap.uk/organisations/6d70b6d9-26af-467a-ac43-9f43a9a95dbb/map/
Altergaze,09067585,games-company,False,developer,True,2014-06-03,,https://app.gamesmap.uk/organisations/32b21f07-3057-49e1-9117-8404ba01b105/map/
Alternative Software,02025051,games-company,False,developer,True,1986-06-04,,https://app.gamesmap.uk/organisations/12501e53-f867-4994-8c99-7874953aac7a/map/
Alzheimer'S Research,03681291,service-company,True,,True,1998-12-10,,https://app.gamesmap.uk/organisations/fce77d77-6803-41e8-ac84-f093237c8b5f/map/
Amax Games,SC886000,games-company,False,developer,True,2026-04-11,,https://app.gamesmap.uk/organisations/8091eb57-961a-45f2-8677-0d215d787d48/map/
"Amazon Web Services Emea Sarl, Uk Branch",BR019315,service-company,True,,True,2017-04-07,,https://app.gamesmap.uk/organisations/97a20eb4-806e-44e8-b51a-3d6a05d04fc7/map/
Amberclaw Games,16998846,games-company,False,developer,True,2026-01-29,,https://app.gamesmap.uk/organisations/bdb34007-c255-4ab7-a731-db7078d97da5/map/
Amble Game,16357504,games-company,False,developer,True,2025-04-01,,https://app.gamesmap.uk/organisations/57daabc1-579c-4b96-9d2f-631f3cd81c1d/map/
Ambx Games,17342989,games-company,False,developer,True,2026-07-16,,https://app.gamesmap.uk/organisations/dd4a7037-9801-4551-bdbe-d3e4b3811574/map/
Amf Productions,07884763,games-company,False,developer,True,2011-12-16,,https://app.gamesmap.uk/organisations/93076e38-8d14-4a15-a653-b09cdc220bd7/map/
Amiqus,03930954,service-company,False,,True,2000-02-17,,https://app.gamesmap.uk/organisations/3b216045-0b6c-45fa-9769-72b56ebee746/map/
Ammar,03712039,games-company,False,developer,True,1999-02-11,,https://app.gamesmap.uk/organisations/451afa78-6196-42ea-b204-2da55ee59120/map/
Ammonite Design Studios,08289222,games-company,False,developer,True,2012-11-12,,https://app.gamesmap.uk/organisations/4f594ffb-3348-4372-9a62-96d0d52facca/map/
Ampersand Game Studios,11450747,games-company,False,developer,True,2018-07-05,,https://app.gamesmap.uk/organisations/8f68d814-641e-460e-b8fb-fb523169286c/map/
Amp Games,SC869405,games-company,False,developer,True,2025-11-08,,https://app.gamesmap.uk/organisations/39d271d2-0498-41d7-87f4-08ad82834192/map/
Amuzo Games,08722505,games-company,False,developer,True,2013-10-08,,https://app.gamesmap.uk/organisations/b9d267db-270e-4f79-9088-beb628aa9d33/map/
Anchorcite Games,16700063,games-company,False,developer,True,2025-09-08,,https://app.gamesmap.uk/organisations/b12724dd-d20c-45ff-af60-7622bc1349bb/map/
Andrea La Martina,16624941,games-company,False,developer,True,2025-08-04,,https://app.gamesmap.uk/organisations/beff5507-ac26-4b04-9bcb-8ea5f8cc9c95/map/
Andthereitis,17299901,games-company,False,developer,True,2026-06-24,,https://app.gamesmap.uk/organisations/a77bb6d6-c074-4c65-ae62-c4a93b7cb193/map/
Andy Coley Ctc,12365956,service-company,True,,True,2019-12-16,,https://app.gamesmap.uk/organisations/2f1df644-9e9e-45b0-8378-d35379ebe85c/map/
Anglia Ruskin University Higher Education,,academic-institution,False,,True,,,https://app.gamesmap.uk/organisations/5f5733ab-c617-4708-8edf-5381b1375727/map/
Angry Goblin Games,17326257,games-company,False,developer,True,2026-07-07,,https://app.gamesmap.uk/organisations/07cfc4d6-21bd-44e8-97f4-b60d9a10318c/map/
Aniode,09217367,games-company,False,developer,True,2014-09-15,,https://app.gamesmap.uk/organisations/22430601-1dc1-47a5-8752-ffc322d16d28/map/
Anjin Games,09523958,games-company,False,developer,True,2015-04-02,,https://app.gamesmap.uk/organisations/62a582ea-6018-4c68-bf82-1465c281b51b/map/
Annsa,SC175264,games-company,False,developer,True,1997-05-08,,https://app.gamesmap.uk/organisations/701f7848-2f20-47ca-97b6-3caa682fbef0/map/
An Nur Studios,16335618,games-company,False,developer,True,2025-03-23,,https://app.gamesmap.uk/organisations/04c898ae-2d73-418d-bb75-1509e16a950d/map/
Anommymousse Games,NI681556,games-company,False,developer,True,2021-08-14,,https://app.gamesmap.uk/organisations/68d7334a-a7b6-49f2-ad33-fd4ff149b3a4/map/
Another Draft,17222968,games-company,False,developer,True,2026-05-15,,https://app.gamesmap.uk/organisations/5f90cda2-bf44-4ba9-9731-c42bba8b93fd/map/
Another Level Games,SC896629,games-company,False,developer,True,2026-07-21,,https://app.gamesmap.uk/organisations/dff2d350-4537-4253-b064-5b138c0edbf3/map/
Antics App,17325612,games-company,False,developer,True,2026-07-07,,https://app.gamesmap.uk/organisations/d908f6a8-d61e-49bf-9ffc-9400f3561d99/map/
Antic Studio,17133620,games-company,False,developer,True,2026-04-02,,https://app.gamesmap.uk/organisations/ad9da27e-7aa1-43a7-9ba9-87a184d5833a/map/
Antiparallel Innovation,11209729,games-company,False,developer,True,2018-02-16,,https://app.gamesmap.uk/organisations/38f9bab8-09c5-41ae-a2fd-63f3d44909fb/map/
Ant-Ique Games,16410794,games-company,False,developer,True,2025-04-27,,https://app.gamesmap.uk/organisations/71176b1a-090c-4a69-9ebe-c4a5f1161db1/map/
Antler Studios,11283636,games-company,False,developer,True,2018-03-29,,https://app.gamesmap.uk/organisations/f54e216a-51a1-433d-bcf2-3ad9d1db0d83/map/
Anton Potapov Games,16153508,games-company,False,developer,True,2024-12-27,,https://app.gamesmap.uk/organisations/4b5d0565-88d8-4707-a38e-3d2936750747/map/
Antonym Games,16511809,games-company,False,developer,True,2025-06-11,,https://app.gamesmap.uk/organisations/3e67d814-0039-45c8-aee4-782d0bf5528d/map/
Antstream,08451828,games-company,True,developer,True,2013-03-19,,https://app.gamesmap.uk/organisations/72249662-5298-440e-8d54-d6e80ebbdc4a/map/
Ant Workshop,SC499519,games-company,True,developer,True,2015-03-04,,https://app.gamesmap.uk/organisations/0059833e-49f2-452a-9dad-83a9d520a6c0/map/
Anubis,16369707,games-company,False,developer,True,2025-04-07,,https://app.gamesmap.uk/organisations/1db4b7a3-6fae-4afc-8603-09e1177d425e/map/
Apero Games,10672570,games-company,False,developer,True,2017-03-15,,https://app.gamesmap.uk/organisations/4f6a5cf0-0692-41d5-bda5-23d3f585df44/map/
Apex Game Studios,16330126,games-company,False,developer,True,2025-03-20,,https://app.gamesmap.uk/organisations/1ea3efdb-63ad-4606-a561-bdee9ce07715/map/
Apex Turtle Studios,16980304,games-company,False,developer,True,2026-01-22,,https://app.gamesmap.uk/organisations/cfb0d14b-fe78-4fcd-be37-411940443827/map/
Aphelops,12587020,games-company,False,developer,True,2020-05-05,,https://app.gamesmap.uk/organisations/536782d8-bd45-4e25-b8aa-8a06519adf55/map/
Apocalypse Games,16081957,games-company,False,developer,True,2024-11-15,,https://app.gamesmap.uk/organisations/af0fa798-f6d0-4002-9706-138608a9ffb0/map/
Apparance,11667145,games-company,False,developer,True,2018-11-08,,https://app.gamesmap.uk/organisations/36ec6709-d026-469b-b496-48fc477059c9/map/
Apparance Studios,11667117,games-company,False,developer,True,2018-11-08,,https://app.gamesmap.uk/organisations/52e77bd9-a306-4a07-b6e9-98a4a2889f82/map/
Appchocolate,09245737,games-company,False,developer,True,2014-10-02,,https://app.gamesmap.uk/organisations/2fc05d87-864b-4fd4-8bc5-18af9b282c72/map/
Appey Studios,08552548,games-company,False,developer,True,2013-05-31,,https://app.gamesmap.uk/organisations/4dadc629-8e18-4d2d-8932-960e111afddd/map/
App Games,07497319,games-company,False,developer,True,2011-01-19,,https://app.gamesmap.uk/organisations/f858fbe4-d3fe-4acb-97f5-3119bd8acf8e/map/
App Global,09278453,games-company,False,developer,True,2014-10-23,,https://app.gamesmap.uk/organisations/a40755ee-6aed-4d46-abd5-5afb10fd33a8/map/
Applecart Entertainment,11597097,games-company,False,developer,True,2018-10-01,,https://app.gamesmap.uk/organisations/21293b6c-ac61-4b30-8870-b0042b802a5d/map/
Applied Computer Concepts,02622033,games-company,False,developer,True,1991-06-19,,https://app.gamesmap.uk/organisations/304e14ac-8999-4c4b-bb79-544896d8e6ab/map/
Appmania,12491032,games-company,False,developer,True,2020-03-02,,https://app.gamesmap.uk/organisations/a15a2d6b-633f-4438-ac9b-5fcd6b83f587/map/
Appnovate,17115503,games-company,False,developer,True,2026-03-25,,https://app.gamesmap.uk/organisations/b60f2ac0-17b7-4601-8f5f-58128591f8a3/map/
Appstroid Studios,16158505,games-company,False,developer,True,2025-01-01,,https://app.gamesmap.uk/organisations/a3fd2b7a-07e7-4d6c-9d08-073283488fee/map/
Appsubhub,17115534,games-company,False,developer,True,2026-03-25,,https://app.gamesmap.uk/organisations/702b1cf4-96e7-4527-8307-018fd402da45/map/
Appynation,07760616,games-company,False,developer,True,2011-09-02,,https://app.gamesmap.uk/organisations/789d5a60-5dca-4cc9-aa19-f0dbf7a87274/map/
Apriori Digital,08588795,games-company,False,developer,True,2013-06-28,,https://app.gamesmap.uk/organisations/06111e0d-babe-40aa-86dc-663748e5f24e/map/
Apt53,16566206,games-company,False,developer,True,2025-07-07,,https://app.gamesmap.uk/organisations/baa81934-6f4e-4c23-8d4d-0577aa154c01/map/
Aqtiv,SC891658,games-company,False,developer,True,2026-06-02,,https://app.gamesmap.uk/organisations/24870d8a-8b42-40eb-a38e-c6037f8d5f7b/map/
Arashi Studios,16870059,games-company,False,developer,True,2025-11-24,,https://app.gamesmap.uk/organisations/bd61b3f9-8e5e-44c8-8334-8b13b2c32978/map/
Arboreal Interactive,16584328,games-company,False,developer,True,2025-07-15,,https://app.gamesmap.uk/organisations/e0f2b045-f254-4bdf-8afd-af3590790824/map/
Arbor Root Games,SC896746,games-company,False,developer,True,2026-07-22,,https://app.gamesmap.uk/organisations/17e8d5a3-73c6-42c9-b79d-58de24166b78/map/
Arbuthnot Latham & Co.,00819519,service-company,True,,True,1964-09-15,,https://app.gamesmap.uk/organisations/f01c9aa9-a9c7-44ac-8b70-ce54c50e8af8/map/
Arcade Badgers,SC448825,games-company,False,developer,True,2013-04-30,,https://app.gamesmap.uk/organisations/1d13942e-961f-422e-8df1-ea3d6598fb9a/map/
Arcanum Games,13627378,games-company,False,developer,True,2021-09-16,,https://app.gamesmap.uk/organisations/2e74c8df-d5ad-4380-b641-0ce80cdeef0f/map/
Arcfire Games,09231181,games-company,False,developer,True,2014-09-23,,https://app.gamesmap.uk/organisations/4be43f84-f05d-4dac-be86-e724b3de528f/map/
Archer Studios,17156139,games-company,False,developer,True,2026-04-14,,https://app.gamesmap.uk/organisations/4484191d-080e-481a-bf06-d9e0dc7d87c8/map/
Archtor,09586910,service-company,False,,True,2015-05-12,,https://app.gamesmap.uk/organisations/3049861f-57bd-4d0c-9267-78882ed290ab/map/
Arctensor,SC849609,games-company,False,developer,True,2025-05-23,,https://app.gamesmap.uk/organisations/c709a1dd-facb-4e43-876e-334f68333b1f/map/
Arctic Lion Studios,17122505,games-company,False,developer,True,2026-03-27,,https://app.gamesmap.uk/organisations/ecb004b8-4cad-4276-a810-948f3beee5cc/map/
Ardalan Games,17304572,games-company,False,developer,True,2026-06-26,,https://app.gamesmap.uk/organisations/e2949d27-2131-4289-bb8b-86813a52d82c/map/
Area 1,08392629,games-company,False,developer,True,2013-02-07,,https://app.gamesmap.uk/organisations/9524b3d3-7a30-48eb-b61d-d1dedd21921e/map/
Are Apps,07674887,games-company,False,developer,True,2011-06-20,,https://app.gamesmap.uk/organisations/85152345-b938-44d3-a017-7e0d093b905d/map/
Arena Media,05536321,service-company,False,,True,2005-08-15,,https://app.gamesmap.uk/organisations/1c11992c-b71a-4098-b207-3998a1393f20/map/
Ariwell Studios,17321468,games-company,False,developer,True,2026-07-05,,https://app.gamesmap.uk/organisations/082cf4f2-5051-4e85-aa9a-e53e95a1bd02/map/
Arkhetech Software,14484691,games-company,False,developer,True,2022-11-15,,https://app.gamesmap.uk/organisations/8dd729fd-d236-424f-98af-f83907415168/map/
Arkwych,16943016,games-company,False,developer,True,2026-01-05,,https://app.gamesmap.uk/organisations/568d79e2-54b7-447e-b02f-941fd0fe0e40/map/
Arlea Studios,12560755,games-company,False,developer,True,2020-04-16,,https://app.gamesmap.uk/organisations/aa138091-c44c-4b77-9825-2aa9c3da0cf8/map/
Arrogant Pixel,09408346,games-company,True,developer,True,2015-01-27,,https://app.gamesmap.uk/organisations/c43c5674-fc60-4fc5-8d6a-7bae4d8f9bc7/map/
Arthurian Games,14224581,games-company,False,developer,True,2022-07-09,,https://app.gamesmap.uk/organisations/487918c6-d3c0-475b-9425-8b5dc9b4718a/map/
Artificial Entertainment,14335879,games-company,False,developer,True,2022-09-05,,https://app.gamesmap.uk/organisations/21233531-72e7-43df-b5bd-45ff65a9128e/map/
Artsense Games,12614958,games-company,False,developer,True,2020-05-20,,https://app.gamesmap.uk/organisations/d1e77b82-a2f4-421f-8cee-07f8fb208be2/map/
Artstamp,16284288,games-company,False,developer,True,2025-02-28,,https://app.gamesmap.uk/organisations/a9276f25-669f-463a-80a4-6a08e6b1e664/map/
Asa Studio,10708979,games-company,False,developer,True,2017-04-04,,https://app.gamesmap.uk/organisations/f81a8d48-0d5c-472c-8907-b7054beaddd9/map/
Asbo Interactive,09996546,games-company,False,developer,True,2016-02-09,,https://app.gamesmap.uk/organisations/004e126d-42b1-4683-8d6e-afe35ac4bb7f/map/
Ascend Games,16688441,games-company,False,developer,True,2025-09-02,,https://app.gamesmap.uk/organisations/f9256b26-f778-46fc-b219-374785abe114/map/
Ashbourne Studios,17216098,games-company,False,developer,True,2026-05-13,,https://app.gamesmap.uk/organisations/ce43d7e8-7369-4044-a032-5128f20756e6/map/
Ashpaw Games,16453684,games-company,False,developer,True,2025-05-15,,https://app.gamesmap.uk/organisations/40bc54a1-5db4-448d-a5df-596a8e6d2ca1/map/
Asmr Games,17276807,games-company,False,developer,True,2026-06-17,,https://app.gamesmap.uk/organisations/28318c5e-aed7-4639-9575-e056654a541a/map/
Aspyr Media Europe,05073853,games-company,False,developer,True,2004-03-15,,https://app.gamesmap.uk/organisations/a1813ead-79fa-4a08-9b4a-88beb11ab25e/map/
Association For Interactive Media And Micropayments,06520758,service-company,True,,True,2008-03-03,,https://app.gamesmap.uk/organisations/8dc86d5d-2298-49f6-9976-e6221851b797/map/
Astral Dawn Studios,12196293,games-company,False,developer,True,2019-09-09,,https://app.gamesmap.uk/organisations/30f45de7-2002-44f4-9ace-85cc18f76362/map/
Astraware,03940683,games-company,False,developer,True,2000-03-06,,https://app.gamesmap.uk/organisations/0e0e32e8-5edd-46ce-80d9-d5b575278773/map/
Astrid Entertainment,14637896,games-company,False,developer,True,2023-02-03,,https://app.gamesmap.uk/organisations/70296a6b-1e57-4367-9034-385f32d0f4cd/map/
Astrofox Studios,16129887,games-company,False,developer,True,2024-12-11,,https://app.gamesmap.uk/organisations/7d69ec19-904a-487d-be73-79116aab09f3/map/
Asylum,08265315,games-company,False,developer,True,2012-10-23,,https://app.gamesmap.uk/organisations/c604a752-f377-43d3-a1da-d03c5a7e505b/map/
Asymptopia,17354072,games-company,False,developer,True,2026-07-22,,https://app.gamesmap.uk/organisations/848e0bee-8dce-488b-821f-0a335634febf/map/
Ata Consultancy,10587523,games-company,False,developer,True,2017-01-27,,https://app.gamesmap.uk/organisations/8024d776-9c22-4207-9c55-28afd1f6c800/map/
Ataraxis Entertainment,SC748185,games-company,False,developer,True,2022-10-24,,https://app.gamesmap.uk/organisations/e0210a95-93b2-4cbe-bff0-7bac5173f303/map/
Atari Games International,16691978,games-company,False,developer,True,2025-09-03,,https://app.gamesmap.uk/organisations/05ad854f-5b94-4030-ad91-25838d4aedc9/map/
Athlima,14458653,games-company,False,developer,True,2022-11-02,,https://app.gamesmap.uk/organisations/a6106410-8d57-4e3c-be76-3e0015b020db/map/
Atlantic Sq,16467255,games-company,False,developer,True,2025-05-22,,https://app.gamesmap.uk/organisations/69461fdb-a46b-450d-a7f5-646c7750d360/map/
Atlantis Elements,12122215,games-company,False,developer,True,2019-07-25,,https://app.gamesmap.uk/organisations/59a2ad5d-2bea-48d0-8b43-17b6d803fdaf/map/
Atlantis Games,09771586,games-company,False,developer,True,2015-09-10,,https://app.gamesmap.uk/organisations/bc194cf3-0e5b-4d79-a2bf-55a8ffae158d/map/
Atmospheric Entertainment Group,16851262,games-company,False,developer,True,2025-11-12,,https://app.gamesmap.uk/organisations/8def3268-ce01-45e1-af14-e58961592cd2/map/
Atomic Age Games,16298732,games-company,False,developer,True,2025-03-06,,https://app.gamesmap.uk/organisations/b05b08e7-4f14-4c0d-aac8-ebd6e3122187/map/
Atomic Entertainment,11820780,service-company,True,,True,2019-02-12,,https://app.gamesmap.uk/organisations/69bb22b3-60f3-40f0-858e-f4c02a01e73e/map/
Atomicom,07471064,games-company,True,developer,True,2010-12-15,,https://app.gamesmap.uk/organisations/b5e17372-e3f5-42da-a6ac-331a3030b4a2/map/
Atom Universe,09337155,games-company,True,developer; publisher,True,2014-12-02,,https://app.gamesmap.uk/organisations/d02b1ad9-8b24-475b-9650-e4c14c06f475/map/
A To Play,10433337,games-company,False,developer,True,2016-10-18,,https://app.gamesmap.uk/organisations/53b16ba8-8533-4a1a-8835-77e788a0c34a/map/
Atrax Studios,17149882,games-company,False,developer,True,2026-04-10,,https://app.gamesmap.uk/organisations/69ad1139-0506-4b4f-b36d-3244b97c2408/map/
A Trillion Games,08057137,games-company,False,developer,True,2012-05-03,,https://app.gamesmap.uk/organisations/95130271-61b4-4750-9dc4-d47d8fefdb9a/map/
Attempted Murder Games,16755028,games-company,False,developer,True,2025-10-01,,https://app.gamesmap.uk/organisations/5d607b38-0338-45aa-91cc-7fb80bc62179/map/
Attic Entertainment,08696419,games-company,False,developer,True,2013-09-18,,https://app.gamesmap.uk/organisations/9a6933fc-96aa-477c-9e47-1e17ab50e868/map/
Attract Mode,11394934,games-company,False,developer,True,2018-06-04,,https://app.gamesmap.uk/organisations/c5af441a-0f74-4a68-8699-a492943c85f0/map/
Audiomob,11944173,service-company,True,,True,2019-04-12,,https://app.gamesmap.uk/organisations/bebe0047-4793-46e9-b200-91e41bab9fe2/map/
Aura Fr,16434878,games-company,False,developer,True,2025-05-07,,https://app.gamesmap.uk/organisations/0a23d388-f6e8-4dc7-9e70-f256cb72501f/map/
Aura Games,09241752,games-company,False,developer,True,2014-09-30,,https://app.gamesmap.uk/organisations/b19a7d8d-29b1-4295-9464-d47af52a288e/map/
Auroch Digital,07389229,games-company,True,developer,True,2010-09-28,,https://app.gamesmap.uk/organisations/6eea9a43-ea4f-45d9-a5b9-2116d063d9de/map/
Authentic Media Productions,07162102,service-company,False,,True,2010-02-18,,https://app.gamesmap.uk/organisations/5609c5a3-373b-43a6-bb53-7ad932fc6b95/map/
Autistica,05184164,service-company,True,,True,2004-07-20,,https://app.gamesmap.uk/organisations/f40ebd6c-3426-49d9-85c7-3cc50d039ae9/map/
Automatics Games Group,16560080,games-company,False,developer,True,2025-07-03,,https://app.gamesmap.uk/organisations/bf0fcb99-963f-4600-9ac4-345951295b27/map/
Automaton Systems,10852282,games-company,False,developer,True,2017-07-05,,https://app.gamesmap.uk/organisations/74d2b91b-7c3c-4466-8183-32892bc6213f/map/
Automigo,17075562,games-company,False,developer,True,2026-03-06,,https://app.gamesmap.uk/organisations/5dd6c014-6f91-4e39-bb09-3aeadefa0ff8/map/
Auto Studio,16914099,games-company,False,developer,True,2025-12-16,,https://app.gamesmap.uk/organisations/5dfae854-0ac4-47ac-ad52-ccbd5253d253/map/
Autumn Pioneer,13680147,games-company,False,developer,True,2021-10-14,,https://app.gamesmap.uk/organisations/c32fdb6a-62fa-4078-8d9a-ef785d6f3ab8/map/
Aux Entertainment,17318607,games-company,False,developer,True,2026-07-03,,https://app.gamesmap.uk/organisations/46af73fd-2c26-4bc7-b0a3-594133501262/map/
Avajora Games,17030540,games-company,False,developer,True,2026-02-12,,https://app.gamesmap.uk/organisations/e01c6654-dc49-4de5-ab7b-65c893e2511b/map/
Avalanche Studios Group,12625118,games-company,True,developer,True,2020-05-27,,https://app.gamesmap.uk/organisations/597f61d1-c70a-47e8-8915-f01af45d05ad/map/
Avasopht Games,16562785,games-company,False,developer,True,2025-07-07,,https://app.gamesmap.uk/organisations/886a89ef-3006-4a27-84eb-40f4d6044d7e/map/
Avatar Media Studios,16860779,games-company,False,developer,True,2025-11-17,,https://app.gamesmap.uk/organisations/acdc2876-8574-4a8b-bdc3-9008c95a93b8/map/
Avensun Global,17183173,games-company,False,developer,True,2026-04-27,,https://app.gamesmap.uk/organisations/613ef832-9b7c-4c09-b78c-170c9f1e492d/map/
Aventora,17191049,games-company,False,developer,True,2026-04-30,,https://app.gamesmap.uk/organisations/e980e4fe-83a1-4804-bb69-12fc65fbb4d8/map/
Awe Interactive,11982827,games-company,False,developer,True,2019-05-07,,https://app.gamesmap.uk/organisations/365b3451-7eb5-4ca2-bc44-e6783de4655b/map/
Awesome Entertainment Group,16445086,games-company,False,developer,True,2025-05-12,,https://app.gamesmap.uk/organisations/a5e41fed-7605-4992-a43e-4c6530f8e58d/map/
Awkward Realities,11940780,games-company,False,developer,True,2019-04-11,,https://app.gamesmap.uk/organisations/bc3765f8-e672-4f73-a971-3a0f2d006ee9/map/
Awkward Silence Games,17171850,games-company,False,developer,True,2026-04-21,,https://app.gamesmap.uk/organisations/2bee9c7e-edb4-487c-ae69-850f73fad4dc/map/
Axial Studio,09950668,games-company,False,developer,True,2016-01-14,,https://app.gamesmap.uk/organisations/15169ed5-90e3-426e-9b80-f2ba0216d0fa/map/
Axiom Technology,09179080,games-company,False,developer,True,2014-08-18,,https://app.gamesmap.uk/organisations/b7fc4973-2c8f-4bed-a5e3-a216efe4aa91/map/
Axs Studio,16475612,games-company,False,developer,True,2025-05-27,,https://app.gamesmap.uk/organisations/b32aea54-9e37-4d09-964b-cda49b4ebb6f/map/
Ayclass Apps,07936401,games-company,False,developer,True,2012-02-06,,https://app.gamesmap.uk/organisations/b10d1c9a-e7e3-4708-bd07-c4ca2f28217a/map/
Babblefish Games,17156053,games-company,False,developer,True,2026-04-14,,https://app.gamesmap.uk/organisations/84e222be-e592-44e3-859f-5f766c6bc2f2/map/
Backfire Studios,17305284,games-company,False,developer,True,2026-06-28,,https://app.gamesmap.uk/organisations/bd4b2f4d-6ff5-4050-b239-d7be999e11a6/map/
BACKSTAGE ACADEMY (TRAINING) LTD,,academic-institution,False,,True,,,https://app.gamesmap.uk/organisations/2c8285ae-fbba-4122-9aea-0953e54bc7b9/map/
Bad Beat Games,10940411,games-company,False,developer,True,2017-08-31,,https://app.gamesmap.uk/organisations/58736f91-91d3-4718-bb45-3a5e8737227c/map/
Bad Bucket,16941253,games-company,False,developer,True,2026-01-04,,https://app.gamesmap.uk/organisations/64ae756e-b00a-485f-9347-d05f52e2b40e/map/
Badfish Labs,11459605,games-company,False,developer,True,2018-07-11,,https://app.gamesmap.uk/organisations/a961f184-05a0-44ec-be3f-c7f100bb8be5/map/
Bad Fox Studios,14000332,games-company,False,developer,True,2022-03-24,,https://app.gamesmap.uk/organisations/843393e4-0684-48de-95e0-6dbbcabe4b5a/map/
Badger Beard Games,16679768,games-company,False,developer,True,2025-08-28,,https://app.gamesmap.uk/organisations/9f0d80ff-3026-44d9-8a2d-1d64b9dcc046/map/
Badgerhammer,11424335,games-company,False,developer,True,2018-06-20,,https://app.gamesmap.uk/organisations/b0c847f9-fc6d-4b93-8bfa-4b8d3a6c1804/map/
Bad Imp Studios,14844932,games-company,False,developer,True,2023-05-03,,https://app.gamesmap.uk/organisations/1a749524-90a9-4f75-91c1-6742d821dce0/map/
Bad Logic Studios,11238208,games-company,False,developer,True,2018-03-06,,https://app.gamesmap.uk/organisations/02832b2c-7d99-4d9b-811e-e8cc8c8b3f2c/map/
Bad Prophecy Games,13940512,games-company,False,developer,True,2022-02-25,,https://app.gamesmap.uk/organisations/19241e38-9c34-4e40-957d-90fdb6a41cbd/map/
Bad Reaction Games,12598385,games-company,False,developer,True,2020-05-12,,https://app.gamesmap.uk/organisations/b7b06563-b25c-4028-8a64-da28c425c080/map/
Bad Thumb,10739778,games-company,False,developer,True,2017-04-25,,https://app.gamesmap.uk/organisations/b6e9ac6a-037b-467f-912d-ad512ab29e73/map/
Bad Viking,07595536,games-company,False,developer,True,2011-04-07,,https://app.gamesmap.uk/organisations/9e1928ee-4368-4d38-9208-c4f6fdfdc932/map/
Bailix Studios,16839583,games-company,False,developer,True,2025-11-07,,https://app.gamesmap.uk/organisations/01d7dcab-b807-4148-bccc-86ba876e2d3c/map/
Baker Game Studios,16945603,games-company,False,developer,True,2026-01-06,,https://app.gamesmap.uk/organisations/c5e4d74e-71b1-43ea-b2ee-52369158dba6/map/
Balavon Studios,16227301,games-company,False,developer,True,2025-02-04,,https://app.gamesmap.uk/organisations/77ccbff9-cab0-45dc-a347-3ba8590849aa/map/
Balloon Studios,13416756,games-company,False,developer,True,2021-05-24,,https://app.gamesmap.uk/organisations/8ac9f731-7d3c-493f-9668-472aea353e16/map/
Banana Games,11563294,games-company,False,developer,True,2018-09-11,,https://app.gamesmap.uk/organisations/e461911a-7f40-4c98-9c6a-1b6fd6eba02e/map/
Bandai Namco Entertainment,02133521,games-company,True,publisher,True,1987-05-21,,https://app.gamesmap.uk/organisations/5ebc9789-9ad2-42a1-bb1c-b3f191289805/map/
BANGOR UNIVERSITY,,academic-institution,False,,True,,,https://app.gamesmap.uk/organisations/52393cad-aa1d-478a-b0bf-f78a33cc3e9e/map/
Barclays Bank,09740322,service-company,False,,True,2015-08-19,,https://app.gamesmap.uk/organisations/650e0367-cccf-411f-92e4-18e6eac02692/map/
Bare Knuckle Development,09489915,games-company,False,developer,True,2015-03-13,,https://app.gamesmap.uk/organisations/ddffb9d1-cfb5-4ed9-8318-bb85dc0c00fc/map/
Bare Mettle Entertainment,08115532,games-company,False,developer,True,2012-06-22,,https://app.gamesmap.uk/organisations/03123888-acce-4a63-8055-243bdb774a76/map/
Barnsley College Development Company,06994842,academic-institution,False,,True,2009-08-19,,https://app.gamesmap.uk/organisations/10e17922-9dac-48fa-b176-69778d84cef0/map/
Barnstorm Games,05982280,games-company,False,developer,True,2006-10-30,,https://app.gamesmap.uk/organisations/ff5eaa5e-21cb-4dd8-990b-559f20fd03df/map/
Barog,09207429,games-company,True,developer,True,2014-09-08,,https://app.gamesmap.uk/organisations/23441f6e-fe6f-43be-a6b9-2d6ef4b0443a/map/
Barra Studios,16578990,games-company,False,developer,True,2025-07-14,,https://app.gamesmap.uk/organisations/a0bb3949-b9af-4ddc-9c61-d850f6470319/map/
Barrow Studios,12065542,games-company,False,developer,True,2019-06-24,,https://app.gamesmap.uk/organisations/ff5d960d-5794-4b56-9394-144e65e468b4/map/
Bartle & Wood,15570922,service-company,True,,True,2024-03-17,,https://app.gamesmap.uk/organisations/d513b24d-2b2d-4b76-914b-abe573cb6de2/map/
Base Realities,17284267,games-company,False,developer,True,2026-06-18,,https://app.gamesmap.uk/organisations/20309672-820e-479a-a378-20ff02a35cd1/map/
Bastion,02742050,service-company,True,,True,1992-08-21,,https://app.gamesmap.uk/organisations/076a5784-4a04-4f69-ac19-a942dcbc507b/map/
Batata Studios,16472545,games-company,False,developer,True,2025-05-23,,https://app.gamesmap.uk/organisations/fa45cd18-4e3a-4ed0-98e9-41ec937db4f3/map/
Bat Cave Games,10115479,games-company,False,developer,True,2016-04-10,,https://app.gamesmap.uk/organisations/d322ce3d-c5bb-4fbf-8afc-d9c5ebdac488/map/
BATH SPA UNIVERSITY,,academic-institution,False,,True,,,https://app.gamesmap.uk/organisations/02c0960f-eb7f-42f1-bf9f-e079bd15df63/map/
Battleram Studios,NI731663,games-company,False,developer,True,2025-07-24,,https://app.gamesmap.uk/organisations/5adb59d0-01fc-4393-aea7-03347ceb8f5e/map/
Bbc Studios Distribution,01420028,service-company,False,,True,1979-05-15,,https://app.gamesmap.uk/organisations/53089f5e-aaed-43db-aaa5-744354fa8276/map/
Bdo,OC305127,service-company,True,,True,2003-07-18,,https://app.gamesmap.uk/organisations/81a728d3-911e-4f90-b480-6a5a7694dd0a/map/
Beansprout Games,16574436,games-company,False,developer,True,2025-07-10,,https://app.gamesmap.uk/organisations/6f44b9e3-3503-41ae-b0b0-3d1437d42f93/map/
Bearclaw Games,17203693,games-company,False,developer,True,2026-05-07,,https://app.gamesmap.uk/organisations/8e345dd3-3ab4-4ef7-92b8-49c99f8a8745/map/
Beard Envy,12091637,games-company,False,developer,True,2019-07-08,,https://app.gamesmap.uk/organisations/81df92e6-0438-48d6-995d-e4a1d09a6de5/map/
Bearhammer Games,SC616982,games-company,False,developer,True,2018-12-27,,https://app.gamesmap.uk/organisations/72c31835-53d4-4ac6-bbe9-dcf8c2a8814b/map/
Bearpaca Studios,16345689,games-company,False,developer,True,2025-03-26,,https://app.gamesmap.uk/organisations/5cc19c36-2cbf-425a-90ad-f8f26e8db7ba/map/
Bearwaves,11188196,games-company,False,developer,True,2018-02-05,,https://app.gamesmap.uk/organisations/636ff959-c2ce-4774-8797-7fb550a25f35/map/
Bear Wolf Games,11662030,games-company,False,developer,True,2018-11-06,,https://app.gamesmap.uk/organisations/5171a42d-5f23-4061-853e-cfe93917818d/map/
Beat Fitness Games,11355076,games-company,False,developer,True,2018-05-10,,https://app.gamesmap.uk/organisations/8484c8eb-b44b-421e-b4fa-a5ebbd3aa2b3/map/
Beebz Gaming,16708034,games-company,False,developer,True,2025-09-10,,https://app.gamesmap.uk/organisations/60ab2734-7536-4c41-ba48-d89783e5b989/map/
Begame Digital,09996485,games-company,False,developer,True,2016-02-09,,https://app.gamesmap.uk/organisations/46646ae1-8d6d-4b97-95b0-e906b911d8ea/map/
Behavioural Games,11668355,games-company,False,developer,True,2018-11-08,,https://app.gamesmap.uk/organisations/26efa5d1-53d3-4509-86a2-314c5d59df8a/map/
Behaviour Interactive,08396438,games-company,True,developer,True,2013-02-11,,https://app.gamesmap.uk/organisations/ce86e61c-51a1-43f7-a75b-c8a164e2fab8/map/
Beithir Games,SC888443,games-company,False,developer,True,2026-05-05,,https://app.gamesmap.uk/organisations/1d48a653-5b9d-4394-8b06-2b09ca93c99e/map/
Bellyflop Games,16261618,games-company,False,developer,True,2025-02-19,,https://app.gamesmap.uk/organisations/382a6760-e59e-46ab-a9b5-da122e84633d/map/
Beloudest,07947458,games-company,False,developer,True,2012-02-13,,https://app.gamesmap.uk/organisations/de9ec133-b5e4-4094-a782-6f2340f05fa0/map/
Belwar Studios,17288760,games-company,False,developer,True,2026-06-19,,https://app.gamesmap.uk/organisations/61e5849c-a382-4e85-a094-2e67ea4cfd01/map/
Best Board Games,13493223,games-company,False,developer,True,2021-07-05,,https://app.gamesmap.uk/organisations/59788886-7990-4616-99f5-362644633c44/map/
Betajester,09599109,games-company,True,developer,True,2015-05-19,,https://app.gamesmap.uk/organisations/be3099fd-95fc-47c6-8178-e9cfae09950e/map/
Beyond Tomorrow Studios,15055704,games-company,True,developer,True,2023-08-07,,https://app.gamesmap.uk/organisations/cd959871-3f53-49ee-b437-d507eaf594a2/map/
Bgg Entertainment,09432793,games-company,False,developer,True,2015-02-10,,https://app.gamesmap.uk/organisations/f466f25f-22b1-4025-a2a8-7f6c36cd23b8/map/
Bhik Studios,SC670511,games-company,False,developer,True,2020-08-11,,https://app.gamesmap.uk/organisations/95432462-7366-41b1-88cb-da6b07119f09/map/
Bibsworth Studios,16518268,games-company,False,developer,True,2025-06-14,,https://app.gamesmap.uk/organisations/f0a885e9-c783-487e-838a-4c666b5939b3/map/
Bidigo,16180336,games-company,False,developer,True,2025-01-13,,https://app.gamesmap.uk/organisations/64e70938-0dce-472f-8dda-60318558f5c7/map/
Big 5 Games,09739879,games-company,False,developer,True,2015-08-19,,https://app.gamesmap.uk/organisations/1fce35f9-3842-44b4-a6b5-f4d6d90acde0/map/
Big Bear Games,11881561,games-company,False,developer,True,2019-03-14,,https://app.gamesmap.uk/organisations/b6e1a4f9-e28e-45d4-8178-98109a57be3e/map/
Big Bite Games,16406474,games-company,False,developer,True,2025-04-24,,https://app.gamesmap.uk/organisations/3401574e-6abc-42f1-b272-d76605fb4047/map/
Big Blue Games,13979931,games-company,False,developer,True,2022-03-16,,https://app.gamesmap.uk/organisations/4d671483-3450-42e4-ad66-09881c6f0e55/map/
Bigbonk Studio,17117333,games-company,False,developer,True,2026-03-25,,https://app.gamesmap.uk/organisations/f18c536b-529b-4de8-9303-fb8ca55f9006/map/
Bigdaddyinc,17025445,games-company,False,developer,True,2026-02-10,,https://app.gamesmap.uk/organisations/2ef47db1-9698-444e-bdaa-60363c97cd82/map/
Big Evil Corporation,10553707,games-company,False,developer,True,2017-01-09,,https://app.gamesmap.uk/organisations/dd8c6935-255c-423c-892f-dede70983a91/map/
Bigger Games,11787348,games-company,False,developer,True,2019-01-25,,https://app.gamesmap.uk/organisations/b7684126-cd5f-42a5-8375-0e58a48a7299/map/
Big Lad Games,17013044,games-company,False,developer,True,2026-02-04,,https://app.gamesmap.uk/organisations/7b69bb51-8198-4b58-abba-e9e0425d95ba/map/
Big Mooli,17229630,games-company,False,developer,True,2026-05-19,,https://app.gamesmap.uk/organisations/f8343ef4-fb71-409e-a49a-f3130586355f/map/
Bigmoon Entertainment Europe,10235327,games-company,False,developer,True,2016-06-16,,https://app.gamesmap.uk/organisations/bf6282f7-191b-433a-96e0-13dd5194c409/map/
Big Motive,NI051892,service-company,False,,True,2004-09-27,,https://app.gamesmap.uk/organisations/9f42baaa-292e-4d6e-a711-d3d26345bb09/map/
Big Pixel Studios,06950777,games-company,False,developer,True,2009-07-02,,https://app.gamesmap.uk/organisations/3823d66f-143b-41c6-bfce-d2f6b9868f26/map/
Big Radical,07043006,service-company,False,,True,2009-10-14,,https://app.gamesmap.uk/organisations/27772326-0db6-4393-b07b-b4161993c3d9/map/
Big Robot,07173272,games-company,False,developer,True,2010-03-01,,https://app.gamesmap.uk/organisations/d0feef56-3ef2-4fc1-b4a9-d8ba3a430ce1/map/
Big Spec Games,11949455,games-company,False,developer,True,2019-04-16,,https://app.gamesmap.uk/organisations/22e35b89-968f-4384-b6a7-c8800cc17e92/map/
Bigzur,SL014629,games-company,False,developer,True,2013-11-01,,https://app.gamesmap.uk/organisations/d897ea68-8813-4690-b233-bbe998305f03/map/
Biim Corporation,12856710,games-company,False,developer,True,2020-09-03,,https://app.gamesmap.uk/organisations/7152115c-474b-4679-a588-5b6b25c482fe/map/
Bill Corn Games,17340571,games-company,False,developer,True,2026-07-15,,https://app.gamesmap.uk/organisations/7e75138d-ee96-4163-ae45-4e0ee6b3d190/map/
Billy Big Bagel'S Interactive Entertainment,12319423,games-company,False,developer,True,2019-11-18,,https://app.gamesmap.uk/organisations/06838bc8-a732-47ca-a2a8-d9642f066d90/map/
Billy Goat Entertainment,NI604180,games-company,True,developer,True,2010-08-23,,https://app.gamesmap.uk/organisations/c612fa85-13b2-4a66-bda4-68e462336d05/map/
Binary Charm,12419567,games-company,False,developer,True,2020-01-22,,https://app.gamesmap.uk/organisations/f55c803b-58cd-45ec-8283-02cdc2058f00/map/
Binarygraft,13295157,games-company,False,developer,True,2021-03-26,,https://app.gamesmap.uk/organisations/a6ebe232-2904-4d41-8b4f-63299a379f4b/map/
Binary Spiders,09525143,games-company,True,developer; publisher,True,2015-04-02,,https://app.gamesmap.uk/organisations/d4b6c345-c808-46b2-8985-a5f778d4ac44/map/
Binarywitch Game Studio,16880058,games-company,False,developer,True,2025-11-28,,https://app.gamesmap.uk/organisations/47544e22-5a40-4bdc-a85c-85d3bde47981/map/
Biolab Games,17313342,games-company,False,developer,True,2026-07-01,,https://app.gamesmap.uk/organisations/37df1679-a6f1-4c2b-a02c-dcfa21b197a0/map/
Biome Collective,SC540146,games-company,False,developer,True,2016-07-13,,https://app.gamesmap.uk/organisations/352564a5-e91e-4549-9d31-5040a403b326/map/
Bioshred Games,16518722,games-company,False,developer,True,2025-06-15,,https://app.gamesmap.uk/organisations/2c805c7d-096b-4e49-9b0e-6551ee21ef98/map/
Bird & Bird,OC340318,service-company,False,,True,2008-09-24,,https://app.gamesmap.uk/organisations/611f6e81-fc41-436f-99af-efcc8ef246eb/map/
Bird Brain Games,16203561,games-company,False,developer,True,2025-01-23,,https://app.gamesmap.uk/organisations/d9010649-2b4c-4266-ae36-504454117652/map/
Bird In Sky,11758423,games-company,False,developer,True,2019-01-09,,https://app.gamesmap.uk/organisations/e9db3793-b0e2-4fd0-94f9-74cc726e81ed/map/
BIRMINGHAM CITY UNIVERSITY,,academic-institution,False,,True,,,https://app.gamesmap.uk/organisations/292354a0-dd3e-40f7-8023-ea69849ff77e/map/
Bit66 Games,16314873,games-company,False,developer,True,2025-03-13,,https://app.gamesmap.uk/organisations/07ef382a-6450-4262-a110-551b4f49f569/map/
Bitbull,03771532,games-company,False,developer,True,1999-05-17,,https://app.gamesmap.uk/organisations/4c1a91de-c6e3-46f9-83a4-8ca1d69339b7/map/
Bitcrunchstudio,16610474,games-company,False,developer,True,2025-07-28,,https://app.gamesmap.uk/organisations/375bca8b-9177-45d7-b4fe-046fb0c815db/map/
Bite Size Games,SC479306,games-company,False,developer,True,2014-06-05,,https://app.gamesmap.uk/organisations/ceb4eede-1329-4d23-ad90-23e93d6f1ae9/map/
Bit Loom,SC571673,games-company,False,developer,True,2017-07-20,,https://app.gamesmap.uk/organisations/4c75ed30-5e3c-4812-bb36-df98d90a2f62/map/
Bit Loopy Games,06724754,games-company,False,developer,True,2008-10-15,,https://app.gamesmap.uk/organisations/559fd130-c0a6-42de-bee4-75841ac04579/map/
Bitmap Bureau,10015841,games-company,True,developer,True,2016-02-19,,https://app.gamesmap.uk/organisations/6d433761-b2d0-410f-a38b-f117db56b2c7/map/
Bivio Game,16860649,games-company,False,developer,True,2025-11-17,,https://app.gamesmap.uk/organisations/8914f375-9b59-494a-80e0-5e4dea823517/map/
Bjss,02777575,service-company,True,,True,1993-01-06,,https://app.gamesmap.uk/organisations/4cd3f621-9f06-4c35-8397-846220acec1f/map/
Black Cactus,08048072,games-company,False,developer,True,2012-04-26,,https://app.gamesmap.uk/organisations/19d72a73-5235-42e9-a303-41591983dcb7/map/
Black Cannon Studios,16999092,games-company,False,developer,True,2026-01-29,,https://app.gamesmap.uk/organisations/53f1aaf1-0c8d-493a-8ee7-e544e31f7947/map/
Black Cat Entertainment,11073583,games-company,False,developer,True,2017-11-21,,https://app.gamesmap.uk/organisations/5a06e38f-cfba-4013-83ba-e349f7852919/map/
Black Dragon Studios,11554719,games-company,False,developer,True,2018-09-05,,https://app.gamesmap.uk/organisations/7777c116-fda2-43ee-ac34-e80e911149dd/map/
BLACKPOOL AND THE FYLDE COLLEGE,,academic-institution,False,,True,,,https://app.gamesmap.uk/organisations/c747c817-adaf-4c80-aa20-0f7bc3277011/map/
Black Salamander Studios,16644653,games-company,False,developer,True,2025-08-12,,https://app.gamesmap.uk/organisations/79ff9190-6595-4a2f-b3f7-a1fc63f58e30/map/
Blackstaff Games,NI622722,games-company,False,developer,True,2014-02-07,,https://app.gamesmap.uk/organisations/19409882-8739-4d70-8830-6d440a152fcc/map/
Blackwell Games,SC871863,games-company,False,developer,True,2025-12-04,,https://app.gamesmap.uk/organisations/e78fa57f-96d4-4f07-93f8-d556cbfe46cf/map/
Blank In Motion,14052391,games-company,False,developer,True,2022-04-19,,https://app.gamesmap.uk/organisations/4afdec35-105d-4582-af2a-5cee019ed2a8/map/
Blastbox Games,14771014,games-company,False,developer,True,2023-03-30,,https://app.gamesmap.uk/organisations/67ef65cc-199f-4753-afba-ad4a7e1409d7/map/
Blastworks,07467813,games-company,False,developer,True,2010-12-13,,https://app.gamesmap.uk/organisations/0776806d-ff5c-478c-94f8-29d52cbbc415/map/
Blaze Entertainment,06896465,games-company,False,developer,True,2009-05-06,,https://app.gamesmap.uk/organisations/290d8b26-0dab-4ca1-a718-ad7aa9d21c21/map/
Blazing Griffin,SC404603,games-company,True,developer,True,2011-08-02,,https://app.gamesmap.uk/organisations/dc909320-484d-4aef-ae0a-625fe5567c11/map/
Bleeding Edge Studio,12213537,games-company,False,developer,True,2019-09-18,,https://app.gamesmap.uk/organisations/8bd50553-dad0-472c-b084-9d675c6648f8/map/
Blink Animation,12804706,games-company,False,developer,True,2020-08-11,,https://app.gamesmap.uk/organisations/dd99be2e-508b-426e-833a-7810ec3ac79f/map/
Blinkbotai,16735918,games-company,False,developer,True,2025-09-23,,https://app.gamesmap.uk/organisations/da25c8ae-a25b-43a6-b7b8-2e2962a2d455/map/
Blink Game Studio,16114101,games-company,False,developer,True,2024-12-02,,https://app.gamesmap.uk/organisations/54e59035-311e-4a7e-beda-dd06cbf52017/map/
Blipcraft Studios,17275039,games-company,False,developer,True,2026-06-17,,https://app.gamesmap.uk/organisations/23dcffae-f2cf-4de3-9cc3-773c39521d06/map/
Block Evolution Studios,13654620,games-company,False,developer,True,2021-09-30,,https://app.gamesmap.uk/organisations/62904f39-af4d-4992-9888-c4f580baceb1/map/
Blocklab Studios,11707622,games-company,False,developer,True,2018-12-03,,https://app.gamesmap.uk/organisations/e57cd023-da41-403b-a9d3-4fac8479255a/map/
Blokball Labs,14758346,games-company,False,developer,True,2023-03-25,,https://app.gamesmap.uk/organisations/455815eb-89c7-4f43-bb02-966b06c4ca7f/map/
Bloxxit Studios,12288854,games-company,False,developer,True,2019-10-30,,https://app.gamesmap.uk/organisations/cda95b56-399c-4ccd-9132-4ad58ad1655b/map/
Bluebastion Entertainment,17219473,games-company,False,developer,True,2026-05-14,,https://app.gamesmap.uk/organisations/42a43fa4-d2d9-46d9-89bf-333b6ff91d7a/map/
Blue Beck,06579338,games-company,False,developer,True,2008-04-29,,https://app.gamesmap.uk/organisations/5bcaea06-0366-4125-bc7b-80ce8bd43fdc/map/
Bluecedural,14822715,games-company,False,developer,True,2023-04-24,,https://app.gamesmap.uk/organisations/353997a9-107f-4c61-b194-16c83b10c92e/map/
Blue Chip Studios,17090231,games-company,False,developer,True,2026-03-13,,https://app.gamesmap.uk/organisations/45c098c2-8b5e-4fb8-939f-b55cb6d95d85/map/
Blue Moon Studios,16919623,games-company,False,developer,True,2025-12-18,,https://app.gamesmap.uk/organisations/044f82fc-ea9b-4e0d-957a-5ff7b6da60dd/map/
Blue Omega,06561012,games-company,False,developer,True,2008-04-10,,https://app.gamesmap.uk/organisations/4c056d34-cb38-49e2-8c19-6c6297732c4f/map/
Blue Potion Games,10008238,games-company,False,developer,True,2016-02-16,,https://app.gamesmap.uk/organisations/1bede76b-9f29-4419-8b05-60b6b73dfeab/map/
Bluestratus,08086293,games-company,False,developer,True,2012-05-28,,https://app.gamesmap.uk/organisations/8eb91da9-6845-4b56-9f70-2c8da8d862d0/map/
Bob Cat Games,17334045,games-company,False,developer,True,2026-07-11,,https://app.gamesmap.uk/organisations/ab03e7ab-3fc9-46b2-9131-9992da9e9af1/map/
Bogames Software,17100237,games-company,False,developer,True,2026-03-18,,https://app.gamesmap.uk/organisations/e189c1b4-db6f-4a70-8066-83f21f21ccfd/map/
Boho Interactive,17230907,games-company,False,developer,True,2026-05-19,,https://app.gamesmap.uk/organisations/1ca0f9ff-99a5-48b0-8ace-11bf9f45757d/map/
Bokka Co.,17180200,games-company,False,developer,True,2026-04-24,,https://app.gamesmap.uk/organisations/f0d9518d-a35f-404e-b58b-8451298dcd50/map/
Bombshell Games,11804942,games-company,False,developer,True,2019-02-04,,https://app.gamesmap.uk/organisations/a5680785-5068-4843-bc32-e9de9f12aef8/map/
Bone Club Digital,16983865,games-company,False,developer,True,2026-01-23,,https://app.gamesmap.uk/organisations/3fc0d2f8-430d-4910-a37a-8955e3949635/map/
Boneloaf,07571318,games-company,False,developer,True,2011-03-21,,https://app.gamesmap.uk/organisations/2f3a16f0-cb1c-471e-8e86-5e55931392c6/map/
Bonusfan Games,16959297,games-company,False,developer,True,2026-01-13,,https://app.gamesmap.uk/organisations/6dc2ddc1-1174-4ea4-a713-f74c02f95ec2/map/
Boombit Games,08943502,games-company,False,developer,True,2014-03-17,,https://app.gamesmap.uk/organisations/89dc4793-5f25-4e60-9a68-d785c53ba293/map/
Boomdash Digital,09706705,games-company,False,developer,True,2015-07-28,,https://app.gamesmap.uk/organisations/4ce6da03-e05a-4d44-b851-0a0038f4c56c/map/
Bopbop Studios,17107268,games-company,False,developer,True,2026-03-21,,https://app.gamesmap.uk/organisations/a640d33a-93cb-4b7c-84e5-79f7bbded7e8/map/
Bora Bora Films,08876476,games-company,False,developer,True,2014-02-04,,https://app.gamesmap.uk/organisations/3fd17ac6-c947-426d-a793-9f0faf171030/map/
Born Ready Games,07992884,games-company,True,developer,True,2012-03-15,,https://app.gamesmap.uk/organisations/c80dd3a7-9194-4598-84bb-68a40d537277/map/
Bossa Studios,07375707,games-company,True,developer,True,2010-09-14,,https://app.gamesmap.uk/organisations/886f2e39-006c-4e79-bf07-15de6eca6baf/map/
Boss Games,10534758,games-company,False,developer,True,2016-12-21,,https://app.gamesmap.uk/organisations/7ebd6cda-a7cd-44a5-9e27-04db77e009d8/map/
Boss Mode Games,10901167,games-company,False,developer,True,2017-08-04,,https://app.gamesmap.uk/organisations/529e4e21-42f4-47a6-8037-227032b5f541/map/
BOURNEMOUTH UNIVERSITY,,academic-institution,False,,True,,,https://app.gamesmap.uk/organisations/2b6dbaa8-ab72-4beb-9c21-eced4f054e33/map/
Boventi,17082924,games-company,False,developer,True,2026-03-10,,https://app.gamesmap.uk/organisations/dcd0f827-f84f-4a1f-b10f-244979bbaf4b/map/
Box Art Studios,10724838,games-company,False,developer,True,2017-04-13,,https://app.gamesmap.uk/organisations/94f993de-923f-42e1-a66e-ef0960a515ef/map/
Boxface Games,08955343,games-company,False,developer,True,2014-03-24,,https://app.gamesmap.uk/organisations/7b7556f0-c9b7-488a-84d0-529e4d31fdef/map/
Boxxy Games,17168689,games-company,False,developer,True,2026-04-20,,https://app.gamesmap.uk/organisations/38a27052-fc8f-4cf3-9cc4-f3b3ef0ed42a/map/
Braddle,16744547,games-company,False,developer,True,2025-09-26,,https://app.gamesmap.uk/organisations/96ddcd88-3ad4-4599-a326-02a316bf7c51/map/
BRADFORD COLLEGE,,academic-institution,False,,True,,,https://app.gamesmap.uk/organisations/a78de1b0-edac-4210-813d-9c43371e3ce9/map/
Brain And Nerd,NI617636,games-company,False,developer,True,2013-04-02,,https://app.gamesmap.uk/organisations/3b5bb6f4-29fb-4082-9720-f3112df73ec2/map/
Brainchild Studios,10557988,games-company,False,developer,True,2017-01-11,,https://app.gamesmap.uk/organisations/f0c3fa7e-d792-4722-9da0-e385e800752a/map/
Brain Seal,06334639,games-company,False,developer,True,2007-08-06,,https://app.gamesmap.uk/organisations/69aefe0c-7b66-4b76-b988-6fe779c6fa19/map/
Brainspark Games,12300870,games-company,True,developer,True,2019-11-06,,https://app.gamesmap.uk/organisations/426bc184-c2b4-4e3f-80b2-152402a2054b/map/
Brainty,16800101,games-company,False,developer,True,2025-10-21,,https://app.gamesmap.uk/organisations/5ce1cc03-e8e4-4f24-bf50-fbf870eaffeb/map/
Brainy Bunch Games,17200520,games-company,False,developer,True,2026-05-05,,https://app.gamesmap.uk/organisations/5de1b8a2-5b58-4802-a37e-957837dbb979/map/
Brambletyne,08934873,games-company,False,developer,True,2014-03-12,,https://app.gamesmap.uk/organisations/10ca220f-2afe-4a1e-b28f-51e96c5508aa/map/
Branching Narrative,11220511,games-company,True,developer,True,2018-02-22,,https://app.gamesmap.uk/organisations/bb961d25-7e1f-4177-b29f-8953decd5d9e/map/
Brand New Game Company,11475613,games-company,False,developer,True,2018-07-20,,https://app.gamesmap.uk/organisations/5864ffbd-7012-4fa9-87a4-76c8bec421ca/map/
Brand New Game Developments,11477738,games-company,False,developer,True,2018-07-23,,https://app.gamesmap.uk/organisations/03155840-d043-4b90-a3c1-fa450e33f1ee/map/
Brave At Night,09374050,games-company,False,developer,True,2015-01-05,,https://app.gamesmap.uk/organisations/a7f21dd3-1ec5-45f2-8057-9b836006cfd7/map/
Break City Entertainment,16302772,games-company,False,developer,True,2025-03-09,,https://app.gamesmap.uk/organisations/9dd28d5f-61bb-4904-a3f1-6b070ab5f722/map/
Breva Bridge Card Game,06809421,games-company,False,developer,True,2009-02-04,,https://app.gamesmap.uk/organisations/2286e6bd-d62f-46d4-9c71-b1cf899e6cbc/map/
Brightburst,13856531,games-company,False,developer,True,2022-01-18,,https://app.gamesmap.uk/organisations/da428596-1751-4fcf-b04d-164411a25193/map/
Brightrock Games,09798155,games-company,True,developer,True,2015-09-28,,https://app.gamesmap.uk/organisations/2383a6b6-3f5e-4e31-b192-650009ff36c1/map/
Brilliance Games,16366993,games-company,False,developer,True,2025-04-04,,https://app.gamesmap.uk/organisations/fd21b80e-a740-4877-b770-9bc5f8e31361/map/
Brilliant Labs,07635707,games-company,False,developer,True,2011-05-16,,https://app.gamesmap.uk/organisations/cbcde457-7133-4ff2-94c7-c0b599d13dce/map/
Brilliant Skies,SC455701,games-company,True,developer,True,2013-07-31,,https://app.gamesmap.uk/organisations/0a3cae23-a1d5-4efd-9717-6420fdafdbfa/map/
Bristol Games Hub,08401523,service-company,False,,True,2013-02-13,,https://app.gamesmap.uk/organisations/92832f3e-90fc-4a00-9081-ec613da8df97/map/
Broken Buttons,11778383,games-company,False,developer,True,2019-01-21,,https://app.gamesmap.uk/organisations/c15704bd-0daf-461b-9de2-b3142343cbb4/map/
Broken Fence Games,09282720,games-company,False,developer,True,2014-10-27,,https://app.gamesmap.uk/organisations/3b070e02-8b9a-4124-9fae-a921696ba818/map/
Bronze Box Interactive,14047527,games-company,False,developer,True,2022-04-14,,https://app.gamesmap.uk/organisations/4afbcb82-7224-47d7-b9ce-d982d1099cfb/map/
Brown Betty,08929104,service-company,True,,True,2014-03-07,,https://app.gamesmap.uk/organisations/a78a5344-2205-4b04-9fa3-39a4af3c7727/map/
Broxy Games,17336006,games-company,False,developer,True,2026-07-13,,https://app.gamesmap.uk/organisations/c7593b5d-6a11-4dce-b96f-d428fd2046b1/map/
BRUNEL UNIVERSITY LONDON,,academic-institution,False,,True,,,https://app.gamesmap.uk/organisations/c8e33d5d-fca3-4f1e-81bc-c65f49d89231/map/
Brushify,12956835,games-company,False,developer,True,2020-10-16,,https://app.gamesmap.uk/organisations/b6689589-3f51-4697-b3bf-21cf0bbd30dd/map/
Bryan Gale,09706569,games-company,False,developer,True,2015-07-28,,https://app.gamesmap.uk/organisations/eb3fec84-d8bd-4c17-ba58-e223c727e9aa/map/
Bt Group,04190816,service-company,False,,True,2001-03-30,,https://app.gamesmap.uk/organisations/21a47451-42cc-4078-9cf6-8beba7895d7c/map/
BUCKINGHAMSHIRE NEW UNIVERSITY,,academic-institution,False,,True,,,https://app.gamesmap.uk/organisations/2f8177fb-ffca-4714-94e4-bf0c5bc4a125/map/
Bucky,09480767,games-company,False,developer,True,2015-03-10,,https://app.gamesmap.uk/organisations/ea1910b1-8609-4aa8-8265-a5777ccf8eda/map/
Buddha Punch Studios,16946790,games-company,False,developer,True,2026-01-06,,https://app.gamesmap.uk/organisations/0eea0f95-047f-4e22-a16c-c5c9a35d76bc/map/
Buff My Website,11351813,games-company,False,developer,True,2018-05-09,,https://app.gamesmap.uk/organisations/37c27165-7ad4-4675-a3de-b53cf4b8d449/map/
Bulb Studios,06315498,games-company,False,developer,True,2007-07-17,,https://app.gamesmap.uk/organisations/c2fba48a-a9c1-4517-8e88-de511326e0af/map/
Bulkhead,09877574,games-company,True,developer,True,2015-11-18,,https://app.gamesmap.uk/organisations/cfb1b704-a59c-45c8-9cc2-878da31dc8ca/map/
Bunker Arts,11377473,games-company,False,developer,True,2018-05-23,,https://app.gamesmap.uk/organisations/15d19a59-75c7-489a-81db-66f839cec741/map/
Burkus,NI694671,games-company,False,developer,True,2023-02-19,,https://app.gamesmap.uk/organisations/2b89fe46-6e6b-4702-9c03-0de325e0e894/map/
Burning Fort Games,17028331,games-company,False,developer,True,2026-02-12,,https://app.gamesmap.uk/organisations/8675da8d-5302-4f70-a777-ad1762ad5a50/map/
BURNLEY COLLEGE,,academic-institution,False,,True,,,https://app.gamesmap.uk/organisations/adb50cd3-1ae8-4d9a-92c8-afb6434003e9/map/
Burve,09606888,games-company,False,developer,True,2015-05-26,,https://app.gamesmap.uk/organisations/bc5a35ba-99fc-41b6-a711-877a6cb97e4c/map/
Buzz Capital Services,11136782,service-company,True,,True,2018-01-08,,https://app.gamesmap.uk/organisations/350d0370-8960-4081-8e68-82a55a72e660/map/
Bwgan Games,14228345,games-company,False,developer,True,2022-07-12,,https://app.gamesmap.uk/organisations/ab91167a-7e59-44c2-825a-9cab62b42f7b/map/
Bye Bye Ocean,16748785,games-company,False,developer,True,2025-09-29,,https://app.gamesmap.uk/organisations/d5f28d8e-4477-4629-a302-de2601b2d2ce/map/
By Lyall Campbell,SC880289,games-company,False,developer,True,2026-02-25,,https://app.gamesmap.uk/organisations/8001b03b-ee8d-4425-9336-66955d57cfc2/map/
Byway Games,16490883,games-company,False,developer,True,2025-06-02,,https://app.gamesmap.uk/organisations/2fc1d1e2-d11b-4c58-baa6-f5fbf531d1fc/map/
Cairnstone Games,SC893907,games-company,False,developer,True,2026-06-24,,https://app.gamesmap.uk/organisations/61db007b-4c2c-4583-a871-745c996f4838/map/
Caldera Studios,17243526,games-company,False,developer,True,2026-05-26,,https://app.gamesmap.uk/organisations/4717d73c-3b8c-431d-9e74-cd1bbbcbec14/map/
Calyx Interactive,SC868459,games-company,False,developer,True,2025-10-31,,https://app.gamesmap.uk/organisations/90223865-7555-427f-982a-bf77561fc409/map/
Cambridge Mercantile Corp. (Uk),05271222,service-company,False,,True,2004-10-27,,https://app.gamesmap.uk/organisations/69744773-0e89-4ed9-a310-48524e20e6da/map/
Camphor Games,11234946,games-company,False,developer,True,2018-03-05,,https://app.gamesmap.uk/organisations/19a26040-88b7-4a7d-b973-d32499384277/map/
Candidum Games,16800258,games-company,False,developer,True,2025-10-21,,https://app.gamesmap.uk/organisations/40cc2bff-9550-4adc-8b65-b45852a6cb0f/map/
Candy Games,10318800,games-company,False,developer,True,2016-08-09,,https://app.gamesmap.uk/organisations/b38c2a11-f2eb-41a5-aab1-bb86ea098f70/map/
Canteen Games,14033469,games-company,False,developer,True,2022-04-07,,https://app.gamesmap.uk/organisations/1875ba37-e23e-4442-83b0-83e9f898868c/map/
CANTERBURY CHRIST CHURCH UNIVERSITY,,academic-institution,False,,True,,,https://app.gamesmap.uk/organisations/dff13754-338c-4bea-ab8f-0b5b042b888f/map/
Cape Guy,09276042,games-company,True,developer,True,2014-10-22,,https://app.gamesmap.uk/organisations/5acdb6c8-9e86-4aa6-8cf6-316342cac629/map/
Caps Studios,16165126,games-company,False,developer,True,2025-01-06,,https://app.gamesmap.uk/organisations/a48933d5-04a5-4438-aa64-792a2ebc5ac1/map/
Capstan Games,13538154,games-company,False,developer,True,2021-07-29,,https://app.gamesmap.uk/organisations/792beaf4-2549-4767-87c2-705c9be39412/map/
Capture Studio,17042219,games-company,False,developer,True,2026-02-19,,https://app.gamesmap.uk/organisations/01a8914e-f7da-4eaf-9308-2ede37cfc790/map/
Capybara Studios,16437437,games-company,False,developer,True,2025-05-08,,https://app.gamesmap.uk/organisations/a9235679-c5e1-401b-8518-59c0d2057ec8/map/
Cardboard Sword Games,12603921,games-company,False,developer,True,2020-05-15,,https://app.gamesmap.uk/organisations/10c8de3d-9b41-4b36-b3b5-acddb08b6595/map/
Cardboard Sword,08658505,games-company,True,developer,True,2013-08-21,,https://app.gamesmap.uk/organisations/79fb3a8b-e3a6-4bd5-8521-322f03397175/map/
CARDIFF METROPOLITAN UNIVERSITY,,academic-institution,False,,True,,,https://app.gamesmap.uk/organisations/fbd79962-3430-4c7f-a013-ce02c6139be4/map/
Cardy Cardy Flip Game,16988042,games-company,False,developer,True,2026-01-26,,https://app.gamesmap.uk/organisations/f38dce72-690e-4369-b477-34a79ff00190/map/
Casa Boyz Entertainment,16190409,games-company,False,developer,True,2025-01-17,,https://app.gamesmap.uk/organisations/a93668db-98c6-4403-81b8-bf083a0bd42d/map/
Cash Grab Studios,16973353,games-company,False,developer,True,2026-01-19,,https://app.gamesmap.uk/organisations/7d98f843-e83d-4cf0-8836-06b9e3ab22ff/map/
Castec Studios,14355281,games-company,False,developer,True,2022-09-14,,https://app.gamesmap.uk/organisations/f802875c-305b-45bf-a731-8784eb628cbd/map/
Castilva Games,16517352,games-company,False,developer,True,2025-06-13,,https://app.gamesmap.uk/organisations/8eddbf4f-7023-49c9-a3f0-ce6e48c3b2ef/map/
Castworks,17321602,games-company,False,developer,True,2026-07-05,,https://app.gamesmap.uk/organisations/542b1c44-b71f-454b-b4b8-4c90f75936ba/map/
Casual Brothers,07121064,games-company,False,developer,True,2010-01-09,,https://app.gamesmap.uk/organisations/e215f8c9-c4c3-4887-9ffa-25a75bca57e0/map/
Catalystic Studios,11283100,games-company,False,developer,True,2018-03-29,,https://app.gamesmap.uk/organisations/3e553612-b27e-47b9-8e03-ae4871711da5/map/
Cat A Pillow Games,16720669,games-company,False,developer,True,2025-09-16,,https://app.gamesmap.uk/organisations/06671369-f244-4bcc-bf06-313d599b91b4/map/
Catastrophic Overload,11755519,games-company,False,developer,True,2019-01-08,,https://app.gamesmap.uk/organisations/9a2d7094-1096-4f64-82cb-1ce344de6089/map/
Catheia,07539196,games-company,False,developer,True,2011-02-22,,https://app.gamesmap.uk/organisations/707e01f9-d67c-459f-ac75-507febbde298/map/
Cavalier Game Developments,13996886,games-company,False,developer,True,2022-03-23,,https://app.gamesmap.uk/organisations/c3cf9639-5d6c-4026-92a9-5571e16d540e/map/
Cavalier Game Studios,07986633,games-company,False,developer,True,2012-03-12,,https://app.gamesmap.uk/organisations/33c88cf2-8a6f-47cf-bd90-64a60ea02006/map/
Cave Monsters,11659483,games-company,False,developer,True,2018-11-05,,https://app.gamesmap.uk/organisations/f7f87810-e07a-4f37-a2c4-4eaf16cb5b02/map/
Caxton Payments,04610337,service-company,False,,True,2002-12-05,,https://app.gamesmap.uk/organisations/8d8608fb-75ce-416e-b28c-b50d1a1dc0e3/map/
Ce Europe,04595982,games-company,True,publisher,True,2002-11-20,,https://app.gamesmap.uk/organisations/4ac08fed-1f28-468a-bc97-59a8e7b2b8b0/map/
Celesta Games,16183002,games-company,False,developer,True,2025-01-14,,https://app.gamesmap.uk/organisations/bc91941d-5c5d-4ee2-ad4c-dcfc830f370b/map/
Celestial Studios Interactive,17309976,games-company,False,developer,True,2026-06-30,,https://app.gamesmap.uk/organisations/8159429b-bee6-4df2-9eaf-3c0fa0dab195/map/
Celtic Productions,02835357,service-company,False,developer,True,1993-07-12,,https://app.gamesmap.uk/organisations/b6206e9e-1b15-46a1-891d-c92f3b313098/map/
Celtoys,08394542,service-company,False,,True,2013-02-08,,https://app.gamesmap.uk/organisations/ae27d243-ac95-4fce-b4db-8806abef0531/map/
Centaurus Software,16649604,games-company,False,developer,True,2025-08-14,,https://app.gamesmap.uk/organisations/0fe5bd86-167a-4d42-b425-1ed65346bdf3/map/
Centresoft,01673860,service-company,True,,True,1982-10-26,,https://app.gamesmap.uk/organisations/19a943d8-531c-487b-89b1-6399faebd984/map/
Centrifuge,09937507,games-company,False,developer,True,2016-01-06,,https://app.gamesmap.uk/organisations/c3ff23fb-28b9-41b5-8d5d-17fd90e7810a/map/
Centum Studios,SC886975,games-company,False,developer,True,2026-04-20,,https://app.gamesmap.uk/organisations/0368ca1d-ee21-4e77-8ce0-8c0f928bcbae/map/
Cerami Games,16519942,games-company,False,developer,True,2025-06-16,,https://app.gamesmap.uk/organisations/85ad888d-7849-4a75-85fa-bcd02d28e7da/map/
Cerberos Works,14137925,games-company,False,developer,True,2022-05-27,,https://app.gamesmap.uk/organisations/6946efcf-0a6c-410a-b7e7-bbc50da5424c/map/
Cerberus Software,11534735,games-company,False,developer,True,2018-08-24,,https://app.gamesmap.uk/organisations/f1a87fe4-561d-4a5c-8b8b-5757765bef70/map/
Cereal Mug Games,16622879,games-company,False,developer,True,2025-08-01,,https://app.gamesmap.uk/organisations/0ee0b830-9ca4-4c9f-b855-85e8864ffd74/map/
Ceyhan Recovery (Uk),08795602,games-company,False,developer,True,2013-11-29,,https://app.gamesmap.uk/organisations/608bfb3d-de1f-495f-8970-a13910caa11e/map/
Cga Simulation,07787094,games-company,False,developer,True,2011-09-26,,https://app.gamesmap.uk/organisations/b12d79ee-7c91-4a8f-8f25-d3201e139f2f/map/
Cg Hero,10283663,service-company,True,,True,2016-07-18,,https://app.gamesmap.uk/organisations/d8cc8985-798a-41b8-9203-6f5379721e95/map/
Cha Cha Cha,16977695,games-company,False,developer,True,2026-01-21,,https://app.gamesmap.uk/organisations/54256667-7231-4531-a44a-933abaff4b4b/map/
Chamber5Games,16525272,games-company,False,developer,True,2025-06-17,,https://app.gamesmap.uk/organisations/25106bbe-1b46-4e16-885d-d917df17282d/map/
Chameleon Games,09309186,games-company,False,developer,True,2014-11-13,,https://app.gamesmap.uk/organisations/1f191f30-ffdf-4ee3-93a1-c0a5a3e7453b/map/
Chance Interactive,17304443,games-company,False,developer,True,2026-06-26,,https://app.gamesmap.uk/organisations/abab298a-2f1f-4c32-b998-e3a2ec5d416b/map/
Chancy Pants,16456162,games-company,False,developer,True,2025-05-19,,https://app.gamesmap.uk/organisations/2a5cbeb9-53a8-42f6-be93-3c848c2b67f7/map/
Changes Immigration,12752417,service-company,True,,True,2020-07-19,,https://app.gamesmap.uk/organisations/dc25c794-35f5-48e1-959e-ecac40be0ebf/map/
Channel Four Television Company,01533774,service-company,False,,True,1980-12-10,,https://app.gamesmap.uk/organisations/660a366e-45b6-444e-8c06-18dd5a8373dc/map/
Chaos Theory Studios,11666193,games-company,False,developer,True,2018-11-07,,https://app.gamesmap.uk/organisations/4db9a969-12fd-4502-87a1-b9062fd830fa/map/
Chapter Interactive,16636008,games-company,False,developer,True,2025-08-07,,https://app.gamesmap.uk/organisations/235de231-8eef-4824-bb3a-34c0e363a2de/map/
Charged Up Games,17008728,games-company,False,developer,True,2026-02-03,,https://app.gamesmap.uk/organisations/73fb0946-ca61-443a-b57a-443ee9f6167a/map/
Charisma Entertainment,09911142,games-company,False,developer,True,2015-12-10,,https://app.gamesmap.uk/organisations/36515974-30fc-49ce-a7e3-fba3a9eab12f/map/
Charles Russell Speechlys,OC311850,service-company,True,,True,2005-02-24,,https://app.gamesmap.uk/organisations/e04e7b1c-fb35-4e8d-ad76-89d33bda1ba6/map/
Checkbox Entertainment,NI666619,games-company,False,developer,True,2019-12-18,,https://app.gamesmap.uk/organisations/ff08c0eb-8ab6-4d5d-abc8-d217f8c79c3b/map/
Cheddar Games,16495240,games-company,False,developer,True,2025-06-04,,https://app.gamesmap.uk/organisations/4677f871-2b20-4c17-a685-14b3db1a999d/map/
Cheeky Sausage Games,11828695,games-company,False,developer,True,2019-02-15,,https://app.gamesmap.uk/organisations/57f035e1-1d3c-4cba-af86-02b979b64995/map/
Chequered Cow Games,09144606,games-company,False,developer,True,2014-07-23,,https://app.gamesmap.uk/organisations/39cf434f-0307-4cb6-9780-f0364668129d/map/
Chequered Ink,09646754,games-company,False,developer,True,2015-06-18,,https://app.gamesmap.uk/organisations/afa3ecd3-3b9b-4cfe-9234-91baec02ffa3/map/
Cherrypop Games,07962857,games-company,True,developer,True,2012-02-23,,https://app.gamesmap.uk/organisations/635341c5-f8c0-41e1-aef6-aac3d00fb03b/map/
Ch Game Development,16201694,games-company,False,developer,True,2025-01-22,,https://app.gamesmap.uk/organisations/1e1704be-0a0b-4a7c-9886-29e35a963456/map/
CHICHESTER COLLEGE GROUP,,academic-institution,False,,True,,,https://app.gamesmap.uk/organisations/305e4e0c-87fe-426a-a995-be9c395b280f/map/
Chihelios Studios,17009877,games-company,False,developer,True,2026-02-03,,https://app.gamesmap.uk/organisations/52755c98-73e7-4e92-ae09-8f73a56602f4/map/
Childish Things,05428336,games-company,False,developer,True,2005-04-19,,https://app.gamesmap.uk/organisations/e1d26890-ddcd-4130-9c27-a6bf6eff2fe8/map/
Chilled Mouse,08915321,games-company,True,publisher,True,2014-02-27,,https://app.gamesmap.uk/organisations/a2d67721-52b9-4efd-8acc-9e44563394fe/map/
Chimera Tales,SC676826,games-company,False,developer,True,2020-10-06,,https://app.gamesmap.uk/organisations/b8fe8d6d-845d-4bea-a3a7-a58b97335bac/map/
China - Britain Business Council,06291886,service-company,True,,True,2007-06-25,,https://app.gamesmap.uk/organisations/7438e17c-c511-4b59-a3f5-698591248efb/map/
China Language Service Centre London Office,FC034588,service-company,False,,True,2017-07-01,,https://app.gamesmap.uk/organisations/a292b5a8-1a1e-4989-b4ee-2e91499e0d5d/map/
Choccy Studios,16424198,games-company,False,developer,True,2025-05-01,,https://app.gamesmap.uk/organisations/3e4637a3-ec09-432e-b9f6-27d0f2349e37/map/
Chokepoint Creative,15143916,games-company,True,developer,True,2023-09-18,,https://app.gamesmap.uk/organisations/db58ed1b-a905-485e-91f4-ac85215d0f68/map/
Choyoo Games,16709411,games-company,False,developer,True,2025-09-10,,https://app.gamesmap.uk/organisations/9cb850e0-5dab-4a77-bbed-ceef61d3d648/map/
Chris Johnson,08207444,games-company,False,developer,True,2012-09-10,,https://app.gamesmap.uk/organisations/72d983e7-4890-4bb2-bed9-2f5c4eba4e20/map/
Chronicle Games,SC873767,games-company,False,developer,True,2025-12-30,,https://app.gamesmap.uk/organisations/5738a46d-f8f0-4e7c-8829-bbcca0dd6bda/map/
Chrono Glyph Interactive,10109356,games-company,False,developer,True,2016-04-07,,https://app.gamesmap.uk/organisations/11ceda08-2d67-4a43-8c5a-50cbe6c0d831/map/
Chucklefish,07664836,games-company,False,publisher,True,2011-06-10,,https://app.gamesmap.uk/organisations/88baf233-325d-4179-a31f-e0843ef144e8/map/
Chunky Games,NI728175,games-company,False,developer,True,2025-04-04,,https://app.gamesmap.uk/organisations/e126e37a-dca0-4d33-b93c-7e2bb692ade3/map/
Ci Games,12013447,games-company,True,publisher,True,2019-05-23,,https://app.gamesmap.uk/organisations/bbce9d2d-6a13-4a84-a23a-906601b4eb40/map/
Cignus Games,14239715,games-company,False,developer,True,2022-07-18,,https://app.gamesmap.uk/organisations/874805ed-c053-4ea5-9c5d-932e7567b37c/map/
Cimmerian Software,16689973,games-company,False,developer,True,2025-09-02,,https://app.gamesmap.uk/organisations/dc4f3621-b0d0-49cc-a25f-bf2b1ecce12f/map/
Circa 97 Games,NI734501,games-company,False,developer,True,2025-10-16,,https://app.gamesmap.uk/organisations/8954e264-659a-4bb3-95d5-a4707ba80fea/map/
Circle 1 Games,09464673,games-company,False,developer,True,2015-03-02,,https://app.gamesmap.uk/organisations/ff91858d-a815-4be2-b67f-d46c05adbfb7/map/
Circle Entertainment,11601660,games-company,False,publisher,True,2018-10-03,,https://app.gamesmap.uk/organisations/ee30eae1-68c2-492d-a4e6-4d404a5f6fa9/map/
CITY COLLEGE PLYMOUTH,,academic-institution,False,,True,,,https://app.gamesmap.uk/organisations/cbbee1f9-7ff7-43ea-9778-4202d201e19a/map/
CITY OF BRISTOL COLLEGE,,academic-institution,False,,True,,,https://app.gamesmap.uk/organisations/f04c2aa4-445c-46b8-ab4f-be23c0cc37b0/map/
CITY OF WOLVERHAMPTON COLLEGE,,academic-institution,False,,True,,,https://app.gamesmap.uk/organisations/a7a18b80-eaa9-4f40-a9ae-7682e69807a7/map/
City Quests Media,07789479,games-company,False,developer,True,2011-09-28,,https://app.gamesmap.uk/organisations/f82eaa50-d96c-4131-9b11-93f3b599bd14/map/
"CITY, UNIVERSITY OF LONDON",,academic-institution,False,,True,,,https://app.gamesmap.uk/organisations/4ce8032e-ea6f-4683-a878-f2691b611828/map/
Cjg Studio,SC560745,games-company,False,developer,True,2017-03-17,,https://app.gamesmap.uk/organisations/91300275-b02e-4a72-86bc-b45eee19ff0f/map/
Classic Card Games,09421379,games-company,False,developer,True,2015-02-04,,https://app.gamesmap.uk/organisations/22cfbe5f-10b7-411a-89f3-7888f9990834/map/
Claymatic Games,12312248,games-company,False,developer,True,2019-11-13,,https://app.gamesmap.uk/organisations/e3d41859-dd4a-438f-9835-9e16df95343e/map/
Clever Beans,07531851,games-company,False,developer,True,2011-02-16,,https://app.gamesmap.uk/organisations/1a3756ba-12d8-498e-bec6-d74ca0cfacfe/map/
Climax Studios,02881781,games-company,True,developer,True,1993-12-17,,https://app.gamesmap.uk/organisations/e3f5a053-89f7-40c9-902b-d664acf0f9bf/map/
Clix Studios,11642062,games-company,False,developer,True,2018-10-25,,https://app.gamesmap.uk/organisations/c6498bf8-2b44-4a7b-befd-fbf64f714c8e/map/
Clockwork Chilli,08086780,games-company,False,developer,True,2012-05-29,,https://app.gamesmap.uk/organisations/9b88e01b-609b-4a55-a5f3-60cbc7d91116/map/
Cloth Cat Games,09000401,games-company,False,developer,True,2014-04-16,,https://app.gamesmap.uk/organisations/404547be-c029-429a-abc2-1fe65f76120c/map/
Cloud Colony Games,SC635307,games-company,False,developer,True,2019-07-05,,https://app.gamesmap.uk/organisations/d70663b5-ad43-4d05-aba3-f9efbb3f3942/map/
Cloud Imperium Games,08703814,games-company,True,developer,True,2013-09-24,,https://app.gamesmap.uk/organisations/1aed3d8b-f3da-40cc-ad09-c494d57560af/map/
Cloud Imperium,08815227,games-company,False,developer,True,2013-12-13,,https://app.gamesmap.uk/organisations/b0f34831-4f81-43db-beed-d14fad5bc53c/map/
Cloud Interactive,16876729,games-company,False,developer,True,2025-11-26,,https://app.gamesmap.uk/organisations/5c24c711-060d-460e-a19c-13f5012fe679/map/
Club Cotton Games,10485545,games-company,False,developer,True,2016-11-18,,https://app.gamesmap.uk/organisations/f191a1fd-3776-493e-ade5-89338ba347b6/map/
Clubhouse Studios,07754090,games-company,False,developer,True,2011-08-26,,https://app.gamesmap.uk/organisations/39696338-d531-4b7e-b5c3-0e5dfafbec8a/map/
Cluster Digital,16826965,games-company,False,developer,True,2025-11-03,,https://app.gamesmap.uk/organisations/a27744af-1d63-4e8c-90c5-f4f5f563edf2/map/
Coatsink Software,07567431,games-company,True,developer,True,2011-03-17,,https://app.gamesmap.uk/organisations/1dc263ae-0ded-4ac6-a4be-aaa42295a48a/map/
Cobalt Play Interactive,10515619,games-company,False,developer,True,2016-12-07,,https://app.gamesmap.uk/organisations/f9af5d90-abfd-42a9-8e07-c02e760695a4/map/
Coblo Studio,14415149,games-company,False,developer,True,2022-10-12,,https://app.gamesmap.uk/organisations/14efeba3-c28a-4e4b-ad1a-8be1faaf9c31/map/
Coda Platform,11899378,games-company,False,developer,True,2019-03-22,,https://app.gamesmap.uk/organisations/80604408-9625-42bc-b1c9-cc25b7e53153/map/
Codeallads,17028591,games-company,False,developer,True,2026-02-12,,https://app.gamesmap.uk/organisations/642cb9ef-e039-495d-9cf4-18523dd2446c/map/
Codebox,12276723,games-company,False,developer,True,2019-10-23,,https://app.gamesmap.uk/organisations/4e61a3e9-dfc0-46a9-afdb-8370e3bd2607/map/
Codebridger,17152834,games-company,False,developer,True,2026-04-13,,https://app.gamesmap.uk/organisations/f43f25ac-a54e-4eb7-80ce-2816edc40344/map/
Codebyfire,10456016,games-company,False,developer,True,2016-11-01,,https://app.gamesmap.uk/organisations/2c9018ab-02d8-4219-910c-023d4f420262/map/
Code Coven,11558680,games-company,True,developer,True,2018-09-07,,https://app.gamesmap.uk/organisations/10fb257e-ca87-4481-8bfe-b5bb0c32a959/map/
Code Knights,17195977,games-company,False,developer,True,2026-05-02,,https://app.gamesmap.uk/organisations/36f99750-ae89-4843-a915-e28a73ed81ea/map/
Codemasters Software,02044132,games-company,True,developer,True,1986-08-06,,https://app.gamesmap.uk/organisations/63f02866-a883-4d4b-93d3-b572ab559259/map/
Codepulse Interactive,16789230,games-company,False,developer,True,2025-10-16,,https://app.gamesmap.uk/organisations/d8c7140c-d4d4-4f3b-b30b-c07f43da6818/map/
Code Redman,08043514,games-company,False,developer,True,2012-04-24,,https://app.gamesmap.uk/organisations/48f6a899-e8b5-4b92-abf3-1bcaa9c78571/map/
Codesit,17115508,games-company,False,developer,True,2026-03-25,,https://app.gamesmap.uk/organisations/91ef9709-fcc2-4d5e-bb55-500368d156c5/map/
Code Wizards,04559015,service-company,True,developer,True,2002-10-10,,https://app.gamesmap.uk/organisations/5f913a8d-7bb6-4076-a26b-6f850113a59d/map/
Coeus Creative,08234962,games-company,False,developer,True,2012-10-01,,https://app.gamesmap.uk/organisations/36125873-d6c5-4893-aa9d-fa13ba70f282/map/
Cohort Studios,SC297259,games-company,False,developer,True,2006-02-16,,https://app.gamesmap.uk/organisations/8b9c8538-50f7-4546-bda6-b4916feea5e6/map/
COLCHESTER INSTITUTE,,academic-institution,False,,True,,,https://app.gamesmap.uk/organisations/35604e29-a324-43b5-ab17-06ec9acd8241/map/
Cold Beam Games,06929860,games-company,False,developer,True,2009-06-10,,https://app.gamesmap.uk/organisations/3c695085-5c54-455d-88aa-c7526210a724/map/
Cold Turkey Entertainment,12044438,games-company,False,developer,True,2019-06-11,,https://app.gamesmap.uk/organisations/5a0eec11-90d6-430b-84cb-872dafae0701/map/
Coldwired Games,07479573,games-company,False,developer,True,2010-12-29,,https://app.gamesmap.uk/organisations/c1771d52-7050-48b5-8a26-bd8472a0be62/map/
Cold Zephyr Games,17175012,games-company,False,developer,True,2026-04-22,,https://app.gamesmap.uk/organisations/25a643cc-84cf-492b-b021-23f06730884f/map/
COLEG Y CYMOEDD,,academic-institution,False,,True,,,https://app.gamesmap.uk/organisations/a76a3c2b-d5b1-4586-9a7d-840d16abaf19/map/
Colepowered Games,09737343,games-company,False,developer,True,2015-08-18,,https://app.gamesmap.uk/organisations/f3a297d8-7d29-4e11-90cf-dfb57cf727f6/map/
Colney Island Studios,16594951,games-company,False,developer,True,2025-07-21,,https://app.gamesmap.uk/organisations/727111d2-6909-4229-830e-bb6e994d223e/map/
Combat League,09731618,games-company,True,developer,True,2015-08-13,,https://app.gamesmap.uk/organisations/24dd51d3-58b6-4a95-9d76-7cccc2e3a130/map/
Comeplay Games,16770430,games-company,False,developer,True,2025-10-07,,https://app.gamesmap.uk/organisations/7efdf566-cf43-4816-be6a-0060c822fa5e/map/
Commando Games Studio,17003803,games-company,False,developer,True,2026-01-30,,https://app.gamesmap.uk/organisations/ab5517f9-4c47-442b-ab7f-da24dad8d1f7/map/
Commercecentric,11251394,service-company,True,,True,2018-03-13,,https://app.gamesmap.uk/organisations/265c75ae-b1b5-4a43-8c0a-29e1d79f9bbf/map/
Companion Group,14384045,games-company,True,developer,True,2022-09-28,,https://app.gamesmap.uk/organisations/40e047fa-e149-431b-9ed5-778b26975053/map/
Conclave Games,17342293,games-company,False,developer,True,2026-07-15,,https://app.gamesmap.uk/organisations/0e905a07-07fd-4d11-9572-c6fc98e66d96/map/
Conformity Games,17068829,games-company,False,developer,True,2026-03-03,,https://app.gamesmap.uk/organisations/55cf48ea-7c07-4169-9a41-2fc87aba4bf6/map/
Connor Broadley,06254078,service-company,True,,True,2007-05-21,,https://app.gamesmap.uk/organisations/6da784a5-d1c1-4fe5-b164-a1826981016d/map/
Continental Games,12237409,games-company,False,developer,True,2019-10-01,,https://app.gamesmap.uk/organisations/4e497f0d-5d5a-4672-9849-811994a533fa/map/
Coocoosqueaky,10000894,games-company,False,developer,True,2016-02-11,,https://app.gamesmap.uk/organisations/b997b451-4967-4ae3-b553-4657eef90b08/map/
Cooperative Innovations Games,12179805,games-company,False,developer,True,2019-08-29,,https://app.gamesmap.uk/organisations/f2f3e8b4-9128-44e1-b3db-1b57b9534033/map/
Cooperative Innovations,10494498,games-company,True,developer,True,2016-11-24,,https://app.gamesmap.uk/organisations/c7b958d7-f8e5-4092-aa8a-d75d1458fef1/map/
Cooply Solutions,06393019,games-company,False,developer,True,2007-10-08,,https://app.gamesmap.uk/organisations/6ad8e4bf-f413-4e73-8997-2a01f027f192/map/
Copaclue,17078806,games-company,False,developer,True,2026-03-09,,https://app.gamesmap.uk/organisations/9746a578-1216-4042-8b66-479484e28ac8/map/
Coplanar Studios,10537620,games-company,False,developer,True,2016-12-22,,https://app.gamesmap.uk/organisations/aff0dfb5-efd0-48b1-ae19-732f8a58cb8e/map/
Copper Octopus,08995399,games-company,False,developer,True,2014-04-14,,https://app.gamesmap.uk/organisations/d1cff994-590d-4fac-a1e1-209cd0ab10c0/map/
Coretech Studios,17172843,games-company,False,developer,True,2026-04-21,,https://app.gamesmap.uk/organisations/429206a8-2db8-4da9-93be-ccca8d41c2f4/map/
Core Vr,12346916,games-company,False,developer,True,2019-12-03,,https://app.gamesmap.uk/organisations/e9d3683a-9fc2-4496-a644-e4c764f3c665/map/
CORNWALL COLLEGE,,academic-institution,False,,True,,,https://app.gamesmap.uk/organisations/8c90d60f-d5bc-4f95-b284-32a840ca5de3/map/
Corpselight Games,16922371,games-company,False,developer,True,2025-12-19,,https://app.gamesmap.uk/organisations/68dfbe02-f1d5-4d2f-8fc0-69bb26f463cf/map/
Corsynx,16417745,games-company,False,developer,True,2025-04-29,,https://app.gamesmap.uk/organisations/90373698-1da2-4525-8837-91bdbdf84214/map/
Cosmic Boop,12150609,games-company,False,developer,True,2019-08-12,,https://app.gamesmap.uk/organisations/e8a817d9-09f1-49ad-856b-1572357f606a/map/
Couchbound Games,16159235,games-company,False,developer,True,2025-01-02,,https://app.gamesmap.uk/organisations/89b62df0-0b51-4b5d-a0aa-eec912825925/map/
Cousin Media Group,12399132,service-company,True,,True,2020-01-13,,https://app.gamesmap.uk/organisations/5184aa99-f7af-49c4-affc-39d372223fe2/map/
Coutts,00036695,service-company,False,,True,1892-06-24,,https://app.gamesmap.uk/organisations/b0fa8fd1-ec3d-4aa7-8eed-ec33db06ecbf/map/
Covasa Games,16454923,games-company,False,developer,True,2025-05-17,,https://app.gamesmap.uk/organisations/8a9d7e7c-d24f-4d0c-a867-53ac1b20b361/map/
COVENTRY COLLEGE,,academic-institution,False,,True,,,https://app.gamesmap.uk/organisations/35c9aa17-ed8e-410f-8920-d1d76ec6c813/map/
COVENTRY UNIVERSITY,,academic-institution,False,,True,,,https://app.gamesmap.uk/organisations/4ad55f95-bca1-42bb-a97e-dccec0b51079/map/
Cowly Owl,06670890,games-company,False,developer,True,2008-08-12,,https://app.gamesmap.uk/organisations/2a9b409d-d182-4180-86ee-44a9dc564b37/map/
Cozy Orangutan Games,16655031,games-company,False,developer,True,2025-08-17,,https://app.gamesmap.uk/organisations/6ef8fab1-74f0-4671-911d-801f3e576d4a/map/
Crabby Games,16653195,games-company,False,developer,True,2025-08-15,,https://app.gamesmap.uk/organisations/d9312366-e31e-49c7-8022-b7555d47b5cf/map/
Crafty Entertainment,09561613,games-company,False,developer,True,2015-04-26,,https://app.gamesmap.uk/organisations/ac1585c7-b0ce-4ec7-b621-bc40fd184c12/map/
Crafty Fox Games,16483631,games-company,False,developer,True,2025-05-29,,https://app.gamesmap.uk/organisations/9db7a6ac-dbaa-432f-aae7-0bc5c403b765/map/
Crane Entertainment,16553073,games-company,False,developer,True,2025-07-01,,https://app.gamesmap.uk/organisations/9f9bd658-feb4-4be0-8403-95f1291b240c/map/
Crashout Games,16474340,games-company,False,developer,True,2025-05-27,,https://app.gamesmap.uk/organisations/682ba321-425e-4f23-af94-21f9b4ab0b99/map/
Crash Studios,17001686,games-company,False,developer,True,2026-01-30,,https://app.gamesmap.uk/organisations/4ee3bde9-5105-46f2-b27f-fe5d23d0cc66/map/
Creative Af Games,16925726,games-company,False,developer,True,2025-12-22,,https://app.gamesmap.uk/organisations/d9596f59-a1e3-45f2-be5d-a45e7a61b6b7/map/
Creator Play,14622131,games-company,False,developer,True,2023-01-27,,https://app.gamesmap.uk/organisations/7ee1d381-fccb-4b68-99a2-caa5a928846e/map/
Creeperhost,08401051,service-company,True,,True,2013-02-13,,https://app.gamesmap.uk/organisations/c2fa3c11-c32b-4968-820b-ae05955afa57/map/
Creepwave,17303925,games-company,False,developer,True,2026-06-26,,https://app.gamesmap.uk/organisations/d8008b3a-089f-4bcc-b743-90b1ecc224ef/map/
Cricklewood Studios,09451766,games-company,False,developer,True,2015-02-21,,https://app.gamesmap.uk/organisations/4d0ad436-1db8-4a14-a69a-213eaca10d2a/map/
Crimson Entertainment,17079475,games-company,False,developer,True,2026-03-09,,https://app.gamesmap.uk/organisations/248c7e7f-9150-4939-9ab4-957639d1ec30/map/
Criterion Software,04330852,games-company,True,developer,True,2001-11-29,,https://app.gamesmap.uk/organisations/d9666f06-762f-43c4-b2db-3dc0eff156d0/map/
Critical Failure Games,13460427,games-company,False,developer,True,2021-06-16,,https://app.gamesmap.uk/organisations/0599b646-a175-420a-9b65-c0706513c873/map/
Croak & Dagger Games,17303922,games-company,False,developer,True,2026-06-26,,https://app.gamesmap.uk/organisations/7da82d7c-af10-4de7-86db-407182f477a9/map/
Crohnos Games,17169539,games-company,False,developer,True,2026-04-20,,https://app.gamesmap.uk/organisations/234d7bb7-896f-49d2-81b9-dec565493e10/map/
Crooks Peak,13644697,games-company,False,developer,True,2021-09-27,,https://app.gamesmap.uk/organisations/dafce8da-4af9-4b15-b04a-bc88b6172e69/map/
Crybaby Studios,NI690569,games-company,False,developer,True,2022-08-23,,https://app.gamesmap.uk/organisations/ee04007a-dd47-4838-9e4a-ce7d969a3d11/map/
Cryogen Interactive,17289954,games-company,False,developer,True,2026-06-20,,https://app.gamesmap.uk/organisations/3ceddca3-0a18-4b33-ac57-f760094881c2/map/
Cryption Interactive,16403782,games-company,False,developer,True,2025-04-23,,https://app.gamesmap.uk/organisations/8b2a3653-f93f-4b93-8151-358947c93c2a/map/
Crystalline Green,07749412,games-company,False,developer,True,2011-08-23,,https://app.gamesmap.uk/organisations/b6d16fbc-f13a-4c98-a5d8-a5911caae19d/map/
Crystal Realm,16709736,games-company,False,developer,True,2025-09-10,,https://app.gamesmap.uk/organisations/8328b6bf-5c71-44bc-b33d-dd61f3fc750e/map/
Csc Digital Brand Services (Uk),03169594,service-company,False,,True,1996-03-08,,https://app.gamesmap.uk/organisations/a8046cb6-4166-48f3-8ed1-ee7875d567e0/map/
Cube Kids,09822471,games-company,False,developer,True,2015-10-13,,https://app.gamesmap.uk/organisations/33c8463e-d40b-4675-8ba7-2f3038dcf8ad/map/
Cuberoots Digital,17276358,games-company,False,developer,True,2026-06-17,,https://app.gamesmap.uk/organisations/938de704-dfb2-4914-a90f-a22c970aab7c/map/
Cubicon Games,NI735715,games-company,False,developer,True,2025-11-25,,https://app.gamesmap.uk/organisations/9ea9c012-a792-48cf-9ca5-46065edf33f6/map/
Cucumber Maki Games,17182787,games-company,False,developer,True,2026-04-27,,https://app.gamesmap.uk/organisations/cf1cb10a-44da-45bb-9a22-10449bda81c9/map/
Cultivated Games,17267357,games-company,False,developer,True,2026-06-08,,https://app.gamesmap.uk/organisations/ab806068-03d2-4739-97bd-6c8c0d50ca55/map/
Cupboard Games,09553318,games-company,False,developer,True,2015-04-21,,https://app.gamesmap.uk/organisations/b818817d-43d0-499f-87b9-bedf253b23ab/map/
Curious Forms Digital,16480796,games-company,False,developer,True,2025-05-28,,https://app.gamesmap.uk/organisations/ab4a2d07-960c-40ed-a1ed-5d532afad2a0/map/
Curran Games Agency,12045847,games-company,False,developer,True,2019-06-12,,https://app.gamesmap.uk/organisations/d1f83b75-7091-4300-9a23-5786001e751c/map/
Curveball Games,16492645,games-company,False,developer,True,2025-06-03,,https://app.gamesmap.uk/organisations/46db4fd1-43c3-42b1-8e51-253d5ab6fbfa/map/
Curve Digital Entertainment,09883386,games-company,True,developer; publisher,True,2015-11-23,,https://app.gamesmap.uk/organisations/03b61450-4ccf-47ce-8fd6-780120fce817/map/
Curve Digital Publishing,07669603,games-company,False,publisher,True,2011-06-14,,https://app.gamesmap.uk/organisations/94fce06f-0612-4b42-802a-52e9194bec1c/map/
Curve Games,11336001,games-company,False,developer,True,2018-04-30,,https://app.gamesmap.uk/organisations/4862e71d-2357-402f-ba2c-2bc9054c4c31/map/
Cute Raindrop,16768359,games-company,False,developer,True,2025-10-07,,https://app.gamesmap.uk/organisations/a83bc975-75eb-4906-b82c-ad67ff59f622/map/
Cyberdreams,06392623,games-company,False,developer,True,2007-10-08,,https://app.gamesmap.uk/organisations/6cf0dd7f-1200-41fa-a115-3a20bb9bef93/map/
Cyberfang Studios,17262276,games-company,False,developer,True,2026-06-04,,https://app.gamesmap.uk/organisations/b32d9686-6b9b-4328-927e-27afff94c0e3/map/
Cybermoon,16988182,games-company,False,developer,True,2026-01-26,,https://app.gamesmap.uk/organisations/5f922b2f-3d1c-4af3-8628-ba2c92073646/map/
Cyberprime,SC581433,games-company,False,developer,True,2017-11-14,,https://app.gamesmap.uk/organisations/214e3bde-c0ca-40a4-a55b-d7453c6c3097/map/
Cyrex Studios,14837942,games-company,False,developer,True,2023-05-01,,https://app.gamesmap.uk/organisations/5cbb05c9-f204-4b03-8813-9c8c14e9deef/map/
D3T,07704144,games-company,True,developer,True,2011-07-13,,https://app.gamesmap.uk/organisations/fd9ecb41-a2a1-4825-b4d8-ad2227012b12/map/
D4D Interactive,17266258,games-company,False,developer,True,2026-06-08,,https://app.gamesmap.uk/organisations/0dd42318-41c4-46a1-a9a2-108e98ee46fb/map/
Dab Games,16748930,games-company,False,developer,True,2025-09-29,,https://app.gamesmap.uk/organisations/5cef77dc-d6f5-46ec-841d-38ac0abf74e6/map/
Dad Games Construct,16075227,games-company,False,developer,True,2024-11-12,,https://app.gamesmap.uk/organisations/aed176a5-2148-4c17-8bbd-449689676a5a/map/
Daemann,13756139,games-company,False,developer,True,2021-11-20,,https://app.gamesmap.uk/organisations/aa85a85a-e2d8-4299-97fb-d155f41b69d9/map/
Daily Games,16707796,games-company,False,developer,True,2025-09-10,,https://app.gamesmap.uk/organisations/2db59da7-94b3-47e2-9f7c-45229c24b997/map/
Dakko Dakko,07352534,games-company,True,developer,True,2010-08-20,,https://app.gamesmap.uk/organisations/ac44c2ec-891d-4b75-8e5b-c8900be08197/map/
Damage State,SC635186,games-company,False,developer,True,2019-07-04,,https://app.gamesmap.uk/organisations/a28cb8a1-30f6-4539-b7b8-137e3f2b41b6/map/
Dambuster Studios,09140280,games-company,False,developer,True,2014-07-21,,https://app.gamesmap.uk/organisations/15ba37d3-0010-4966-9479-ac0526a580fa/map/
Damp Gnat,08057980,games-company,False,developer,True,2012-05-04,,https://app.gamesmap.uk/organisations/0bd2b1a8-d76d-47ca-ab2c-9e0f4c34a51c/map/
Damsel Stone,10566107,games-company,False,developer,True,2017-01-16,,https://app.gamesmap.uk/organisations/7deab3be-7811-4bab-8a39-cb81df8dc096/map/
Dangan Interactive,11962433,games-company,False,developer,True,2019-04-25,,https://app.gamesmap.uk/organisations/ae13a322-fdba-4454-95a9-22679d643089/map/
Dangerous Derk Interactive,08849613,games-company,False,developer,True,2014-01-17,,https://app.gamesmap.uk/organisations/2b7cc1c3-52b8-4623-b78d-fffea9d920ed/map/
Darbotron,09101567,games-company,True,developer,True,2014-06-25,,https://app.gamesmap.uk/organisations/ecd93ecd-efa6-4236-bdcb-3eeec8f78cd9/map/
Dark Age Studios,11244216,games-company,False,developer,True,2018-03-09,,https://app.gamesmap.uk/organisations/1a222340-93a0-4002-9def-dc47710ea2be/map/
Darkflow,OC379048,games-company,False,developer,True,2012-10-05,,https://app.gamesmap.uk/organisations/ce8c5ad5-c8b1-46b3-9673-8c320894b18a/map/
Dark Forest,12303795,games-company,False,developer,True,2019-11-07,,https://app.gamesmap.uk/organisations/f1243d97-8f53-4c83-a494-2c7125489356/map/
Dark Pyre Interactive,11485788,games-company,False,developer,True,2018-07-26,,https://app.gamesmap.uk/organisations/d77dd4a3-081f-4f59-bc9d-237e7d386597/map/
Darkstars Studios,11179016,games-company,False,developer,True,2018-01-31,,https://app.gamesmap.uk/organisations/e39a55be-98fc-41ba-97a5-a81425f1a295/map/
Dark Zone Studios,16296896,games-company,False,developer,True,2025-03-06,,https://app.gamesmap.uk/organisations/fcb563d8-3e86-4df2-9949-df0d634acb96/map/
Darmiq,16707641,games-company,False,developer,True,2025-09-10,,https://app.gamesmap.uk/organisations/971f8a74-09a9-449b-87e8-02b2dada77b5/map/
Dashdice,16691946,games-company,False,developer,True,2025-09-03,,https://app.gamesmap.uk/organisations/baa3dacb-d2c9-4a1c-ac1d-b842dc79ee52/map/
Dash Games,14301258,games-company,False,developer,True,2022-08-17,,https://app.gamesmap.uk/organisations/6a78afae-ac62-4b56-b508-6cde97b1001e/map/
D'Avekki Studios,04989192,games-company,False,developer,True,2003-12-09,,https://app.gamesmap.uk/organisations/76b08a84-d938-4e97-8c47-545c8bd6759e/map/
Dave Sapien,SC391537,games-company,False,developer,True,2011-01-14,,https://app.gamesmap.uk/organisations/90227588-3916-4f36-9e9a-fc0079623964/map/
David Reeves Consulting,06981177,service-company,True,,True,2009-08-05,,https://app.gamesmap.uk/organisations/6233c9eb-3a84-4b87-bc2f-f872e9b082ba/map/
Dawdo,17215596,games-company,False,developer,True,2026-05-12,,https://app.gamesmap.uk/organisations/772688b8-7b49-4e6f-b422-6eca5b7e5fca/map/
Dazed & Confused Studios Cyf,17302651,games-company,False,developer,True,2026-06-26,,https://app.gamesmap.uk/organisations/b30f8f88-7a79-48df-8991-8d213fac91f4/map/
Dbs Bristol,08290185,academic-institution,False,,True,2012-11-12,,https://app.gamesmap.uk/organisations/9f7ad3ef-c81d-462f-8321-d24a4dc1921a/map/
Ddp Coding And Art Services,13076561,games-company,False,developer,True,2020-12-11,,https://app.gamesmap.uk/organisations/551ab23c-b9d7-44a1-9373-3d0485444c0d/map/
Ddraig House Game Studio,11791616,games-company,False,developer,True,2019-01-28,,https://app.gamesmap.uk/organisations/a21c75ef-024a-4e94-8688-7ca069950ead/map/
Dead Boss Games,16868602,games-company,False,developer,True,2025-11-21,,https://app.gamesmap.uk/organisations/10d7bc93-9fe6-43a0-82b3-baf3d52e2414/map/
Dead Genetic,15321855,games-company,False,developer,True,2023-12-01,,https://app.gamesmap.uk/organisations/e7684864-fd4a-480d-b6be-21dc63816115/map/
Dead Good Media,08234952,service-company,False,,True,2012-10-01,,https://app.gamesmap.uk/organisations/8afeafb8-ef78-4324-a312-da91a964115e/map/
Deadpan Games,11270513,games-company,False,developer,True,2018-03-22,,https://app.gamesmap.uk/organisations/ed6b2de3-edca-448f-b517-03548ca03c7d/map/
Deadpunk Studios,12310196,games-company,False,developer,True,2019-11-12,,https://app.gamesmap.uk/organisations/1ce87f49-2327-40ad-aa8a-1dee42795079/map/
Deadwood Games,14721511,games-company,False,developer,True,2023-03-10,,https://app.gamesmap.uk/organisations/ef5719d3-3653-476e-9358-d3016ae8fb2f/map/
Deathbed,11160296,games-company,False,developer,True,2018-01-19,,https://app.gamesmap.uk/organisations/343ed08e-cd6f-4d56-9147-dbfe398a38af/map/
Deceptive Games,09989217,games-company,False,developer,True,2016-02-05,,https://app.gamesmap.uk/organisations/dff1f1cd-1849-417d-a0a8-205f1d3fee24/map/
Decimal Place Studios,16930608,games-company,False,developer,True,2025-12-24,,https://app.gamesmap.uk/organisations/3c046a4e-d215-4bfa-a94f-5f371206f7ee/map/
Decisive Digital,07565929,service-company,False,,True,2011-03-16,,https://app.gamesmap.uk/organisations/40736b64-56f0-416f-bb0f-02a59df57535/map/
Deco Digital,08874288,games-company,False,developer,True,2014-02-04,,https://app.gamesmap.uk/organisations/b2f5be30-7e9a-4ca9-b0c6-90da56ff1ab0/map/
Deep Reality,13889735,games-company,False,developer,True,2022-02-02,,https://app.gamesmap.uk/organisations/90d1e9d5-eea8-4c3e-8f40-df5458276838/map/
Deep Sky Games,16667494,games-company,False,developer,True,2025-08-22,,https://app.gamesmap.uk/organisations/085821b0-5624-4858-8062-919f94f27993/map/
Deer Flip Games,12580155,games-company,False,developer,True,2020-04-30,,https://app.gamesmap.uk/organisations/32e76469-d6e3-4ac2-836c-260bfce55379/map/
De Fault Games,16419069,games-company,False,developer,True,2025-04-30,,https://app.gamesmap.uk/organisations/abcdb095-41f1-42d3-97eb-255e65e546d6/map/
Defy Reality Entertainment,16180656,games-company,False,developer,True,2025-01-13,,https://app.gamesmap.uk/organisations/8fb9aa00-95a9-4557-8008-8bfab25d3fdf/map/
Dehydrated Games,SC859170,games-company,False,developer,True,2025-08-15,,https://app.gamesmap.uk/organisations/42d4f451-e018-4bee-b55d-0244e92c6e37/map/
Delta Game Studios,17132443,games-company,False,developer,True,2026-04-01,,https://app.gamesmap.uk/organisations/4a944919-d4e3-4718-ba5d-bf1ca2c07b77/map/
Delve Interactive,08997117,games-company,False,developer,True,2014-04-15,,https://app.gamesmap.uk/organisations/8cc83bf0-a64a-4b8f-9d6e-039c728933f4/map/
Demented Onyx Studios,SC847499,games-company,False,developer,True,2025-05-06,,https://app.gamesmap.uk/organisations/9205da0f-25e9-4148-ade5-85cca674057d/map/
Demonfish,10891133,games-company,False,developer,True,2017-07-31,,https://app.gamesmap.uk/organisations/aebee34a-f064-42ce-8449-a1ad5ae9d83d/map/
Demonstudios,06727816,games-company,False,developer,True,2008-10-20,,https://app.gamesmap.uk/organisations/5f18daa8-a43a-450e-842d-f1a8136c6fb7/map/
DE MONTFORT UNIVERSITY,,academic-institution,False,,True,,,https://app.gamesmap.uk/organisations/47ab4fd0-9ece-4466-a7a4-070eacefd51d/map/
Demstems Studios,12583319,games-company,False,developer,True,2020-05-04,,https://app.gamesmap.uk/organisations/ad086204-b98f-42c9-9b4a-50ffa63f515f/map/
Denarius Games,10730437,games-company,False,developer,True,2017-04-19,,https://app.gamesmap.uk/organisations/e33180ca-26ef-4ab2-8b0c-c16d77b29e58/map/
De Nata Games,17186838,games-company,False,developer,True,2026-04-28,,https://app.gamesmap.uk/organisations/1dc46c76-9991-4670-a89a-4b50d080db40/map/
Denki,SC202506,games-company,False,developer,True,1999-12-20,,https://app.gamesmap.uk/organisations/5f156f83-2dee-46e2-b650-46b4b612960f/map/
Departure Gate Studios,17159156,games-company,False,developer,True,2026-04-15,,https://app.gamesmap.uk/organisations/2c1a7598-9873-4a55-9542-3531e25410c6/map/
Derail Games,17254550,games-company,False,developer,True,2026-06-01,,https://app.gamesmap.uk/organisations/83a9219d-d718-44f9-8f27-47136ee384c0/map/
Deranged Games,16339621,games-company,False,developer,True,2025-03-25,,https://app.gamesmap.uk/organisations/03b30df1-2b82-4be9-a856-aa51564a2a5b/map/
Derp Studios,07945621,games-company,False,developer,True,2012-02-10,,https://app.gamesmap.uk/organisations/7df7883a-eb2b-45c0-9183-ac34b4a3b095/map/
Derwent Studios,09670086,games-company,False,developer,True,2015-07-03,,https://app.gamesmap.uk/organisations/0f76fbe3-8db6-4665-a7b6-1edeb9aa9e1e/map/
Desert Nomad Studios,11140442,games-company,False,developer,True,2018-01-09,,https://app.gamesmap.uk/organisations/e14973bc-1b1d-40dc-aea2-0091fc08abd1/map/
Detroy Studios,SC846920,games-company,False,developer,True,2025-04-30,,https://app.gamesmap.uk/organisations/c5e42576-87bb-40be-9a60-390d61504fd3/map/
Develop Daily,16335558,games-company,False,developer,True,2025-03-23,,https://app.gamesmap.uk/organisations/2b8342d2-9142-4c3f-a8eb-bd8c5ba82d5a/map/
Developer,12049324,games-company,False,developer,True,2019-06-13,,https://app.gamesmap.uk/organisations/3ebd9a0d-d8ee-4f52-9be6-45f325b4772d/map/
Dextericgames,NI681907,games-company,False,developer,True,2021-08-26,,https://app.gamesmap.uk/organisations/00da0c0d-21bb-4849-9494-09b8c8b001ca/map/
Dharker Studios,10411003,games-company,False,developer,True,2016-10-05,,https://app.gamesmap.uk/organisations/baa8097a-a0a2-4ab8-a703-849dabcc135f/map/
Dialect,09511847,service-company,True,,True,2015-03-26,,https://app.gamesmap.uk/organisations/b1e1a21c-1276-48a7-ab97-36333cf3482a/map/
Diana Award,05739137,service-company,True,,True,2006-03-10,,https://app.gamesmap.uk/organisations/3a8df46b-5d4d-4d19-984c-c3c60c806fbf/map/
Different Cloth,07068754,games-company,False,developer,True,2009-11-06,,https://app.gamesmap.uk/organisations/d499dd63-07d8-4f3d-b2b9-2f3b376f6153/map/
Different Tuna,07295589,games-company,False,developer,True,2010-06-25,,https://app.gamesmap.uk/organisations/c96dc40e-0668-4ccb-b465-536a9af57093/map/
Digigame,16866145,games-company,False,developer,True,2025-11-20,,https://app.gamesmap.uk/organisations/946e5449-ad12-4927-9836-b48dd6e21410/map/
Digihiro,12754045,games-company,False,developer,True,2020-07-19,,https://app.gamesmap.uk/organisations/24551cd1-9133-41f3-923c-8e9729782468/map/
Digimight,14355716,games-company,False,developer,True,2022-09-14,,https://app.gamesmap.uk/organisations/d5b26f93-4b0e-42c2-ba47-01415b2b15f2/map/
Digiport Studios,13170716,games-company,False,developer,True,2021-02-01,,https://app.gamesmap.uk/organisations/f93abcea-920d-420a-8857-53afdce91630/map/
Digisight Media,16527130,games-company,False,developer,True,2025-06-18,,https://app.gamesmap.uk/organisations/eb703afe-d57a-4de0-b6a5-20073b050fff/map/
Digital Cybercherries,09848206,games-company,False,developer,True,2015-10-29,,https://app.gamesmap.uk/organisations/50db07b0-86bc-45f5-b558-0e8701529ba4/map/
Digital Joinery Games,SC892121,games-company,False,developer,True,2026-06-05,,https://app.gamesmap.uk/organisations/3586d10f-b77e-4342-a56a-8258d1a720d8/map/
Digital Pine Studios,10926929,games-company,False,developer,True,2017-08-22,,https://app.gamesmap.uk/organisations/bf0dabd3-330e-4941-ad3b-eec3037b0206/map/
Digiterms,16305102,games-company,False,developer,True,2025-03-10,,https://app.gamesmap.uk/organisations/0db1db85-0e06-43cf-b567-1617e09daba2/map/
Dimwood Studios,NI741833,games-company,False,developer,True,2026-06-29,,https://app.gamesmap.uk/organisations/8b4912d1-5ea8-47a2-9ac9-7c5ec7930c50/map/
Dink,14322695,games-company,False,developer,True,2022-08-30,,https://app.gamesmap.uk/organisations/1abbfa62-c32d-431b-8d83-cfbfe088dbfa/map/
Dinnae Ken Games,SC891594,games-company,False,developer,True,2026-06-02,,https://app.gamesmap.uk/organisations/180bf152-18d1-4739-9297-8622520afc85/map/
Dino Innovation,16563055,games-company,False,developer,True,2025-07-07,,https://app.gamesmap.uk/organisations/b883735e-2a20-4dc7-8ad9-96d96f95615c/map/
Dinomic Games,17145093,games-company,False,developer,True,2026-04-08,,https://app.gamesmap.uk/organisations/e9857660-54ea-47e8-816f-72447cb56fb6/map/
Discovering Vr,10672058,games-company,False,developer,True,2017-03-15,,https://app.gamesmap.uk/organisations/a792702d-d575-4ad5-98b2-acb7b3743aa9/map/
Disobey.Gg,12223682,service-company,True,,True,2019-09-24,,https://app.gamesmap.uk/organisations/539502c3-309e-4e3c-9a8d-38f355acfd90/map/
Disruptive Games,16517397,games-company,False,developer,True,2025-06-13,,https://app.gamesmap.uk/organisations/1145d95e-fc81-4c1d-ad1a-4932be3a6694/map/
Distant Lantern Studios,10045501,games-company,False,developer,True,2016-03-07,,https://app.gamesmap.uk/organisations/b5d25fc8-3df0-4e13-99ec-1ca538522259/map/
Distant Star,14629938,games-company,False,developer,True,2023-02-01,,https://app.gamesmap.uk/organisations/57dec3b2-42e0-4bb2-94a8-f4422a557b51/map/
Distinctive Developments,02963125,games-company,False,developer,True,1994-08-30,,https://app.gamesmap.uk/organisations/e02a3630-d530-43f8-9275-6e70eda55b4b/map/
Divide The Plunder,13544947,games-company,False,developer,True,2021-08-03,,https://app.gamesmap.uk/organisations/f7206539-82ca-42d0-b625-1fb6f60c99d9/map/
Dj Ani Vibes E-Entertainment,17336462,games-company,False,developer,True,2026-07-13,,https://app.gamesmap.uk/organisations/dd2b4772-68bb-4dc0-9124-cecbe4d80721/map/
Djeli Films,14085718,games-company,False,developer,True,2022-05-04,,https://app.gamesmap.uk/organisations/53ee89db-ba0a-40d8-8d50-f2cdeaddd086/map/
Dk Games,04690160,games-company,False,developer,True,2003-03-07,,https://app.gamesmap.uk/organisations/1c64a9b9-7389-4e2c-bccb-bc636461754b/map/
Dlala Studios,08115760,games-company,True,developer,True,2012-06-22,,https://app.gamesmap.uk/organisations/f8d60a62-6a46-4d27-83a8-4ad57a9b96ab/map/
North Lindsey College,,academic-institution,False,,True,,,https://app.gamesmap.uk/organisations/3e3a5a2c-f24a-4ed4-a8dd-dc479b35d137/map/
Dog Day Games,09549114,games-company,False,developer,True,2015-04-18,,https://app.gamesmap.uk/organisations/a70d658c-f8e9-4235-8dfc-d60d6a2f05db/map/
Doolove,16432737,games-company,False,developer,True,2025-05-06,,https://app.gamesmap.uk/organisations/63824c28-a5db-4904-9f8d-e9cf6934110b/map/
Doomed From The Start,SC888312,games-company,False,developer,True,2026-05-01,,https://app.gamesmap.uk/organisations/e780eacd-3816-42e0-94ef-2d632cdd1050/map/
Door Z Studio,11022007,games-company,False,developer,True,2017-10-19,,https://app.gamesmap.uk/organisations/e842eb9d-70d4-49e3-992d-3fee7b92ea7c/map/
Dope Games,11585454,games-company,False,developer,True,2018-09-24,,https://app.gamesmap.uk/organisations/2a1aef0b-f10b-490f-ad50-e72287921d46/map/
Dotwo Games,16274848,games-company,False,developer,True,2025-02-25,,https://app.gamesmap.uk/organisations/422dd21c-95bf-458a-9600-e64bd552427a/map/
Doublecat Productions,17180685,games-company,False,developer,True,2026-04-25,,https://app.gamesmap.uk/organisations/2059f371-74ff-48f6-aa5a-7e1fa4fb3d6e/map/
Double Eleven,07111656,games-company,True,developer; publisher,True,2009-12-23,,https://app.gamesmap.uk/organisations/295613f3-16db-48e5-864f-b7588fa37414/map/
Double J Games,11260559,games-company,False,developer,True,2018-03-16,,https://app.gamesmap.uk/organisations/1f23f248-209f-4ead-9c69-669912c45417/map/
Double Nugget,16553186,games-company,False,developer,True,2025-07-01,,https://app.gamesmap.uk/organisations/469b0651-e897-4860-a96a-1b44da0b882e/map/
Double Yellow Entertainment,14827624,games-company,False,developer,True,2023-04-25,,https://app.gamesmap.uk/organisations/1d5df1de-1d5d-45ae-9888-6234310dba39/map/
Douglas Cowley,04857229,games-company,False,developer,True,2003-08-06,,https://app.gamesmap.uk/organisations/2705dd97-992f-4654-9542-6a8ddf40e308/map/
Dovetail Games (Scotland),SC451539,games-company,True,developer; publisher,True,2013-06-04,,https://app.gamesmap.uk/organisations/c1c052b5-6fa1-45e5-b17f-6e9c1035ab49/map/
Downpour Studios,17343843,games-company,False,developer,True,2026-07-16,,https://app.gamesmap.uk/organisations/5e0487e7-3aa5-4898-883f-cef7b4a23462/map/
Dps Games,11500907,games-company,True,developer,True,2018-08-06,,https://app.gamesmap.uk/organisations/a17c0300-65b2-4aef-967a-b5afa0c4cc45/map/
Dragoncog Interactive,14559493,games-company,False,developer,True,2022-12-28,,https://app.gamesmap.uk/organisations/5c528f73-3502-4bf8-b0df-a982d4626569/map/
Dragonfiar,10385162,games-company,False,developer,True,2016-09-20,,https://app.gamesmap.uk/organisations/64213d2d-4c1f-48ef-937e-a4e056e17a9d/map/
Dragon Scale Studios,14936524,games-company,True,developer,True,2023-06-14,,https://app.gamesmap.uk/organisations/fa8c4dbd-6735-43aa-bdfd-eaabf495ff79/map/
Drakhvarn Games,16769422,games-company,False,developer,True,2025-10-07,,https://app.gamesmap.uk/organisations/7564b755-993c-454c-8681-7562c0299f4d/map/
Draknek,08875560,games-company,False,developer,True,2014-02-04,,https://app.gamesmap.uk/organisations/931d0e6b-efc4-4158-8cb5-d56a9fb21f57/map/
Drama Labs Entertainment,12946878,games-company,False,developer,True,2020-10-13,,https://app.gamesmap.uk/organisations/da6020da-6bb5-42b0-aa21-de8addcdc1f2/map/
Draw & Code Games Studio,13592042,games-company,False,developer,True,2021-08-30,,https://app.gamesmap.uk/organisations/df64d5e7-f502-4cbf-806a-d630a44ecfed/map/
Draw & Code,07345725,games-company,False,developer,True,2010-08-13,,https://app.gamesmap.uk/organisations/32437283-9dca-48c8-baa8-fdd5f512fbc9/map/
Dr Davient,10213628,games-company,False,developer,True,2016-06-03,,https://app.gamesmap.uk/organisations/eb1059a7-83b8-4efe-932a-fd2eb9293754/map/
Dreadlocks,07634294,games-company,False,developer,True,2011-05-16,,https://app.gamesmap.uk/organisations/4d34d38f-aac7-4eb7-b7d5-8e2094973770/map/
Dreadnought Studios,08433796,games-company,False,developer,True,2013-03-07,,https://app.gamesmap.uk/organisations/d92b9543-7d83-4f6f-9b1d-127f15cae962/map/
Drealm Media,13585879,games-company,False,developer,True,2021-08-25,,https://app.gamesmap.uk/organisations/6acdcd48-2240-488d-87fd-bead10fcf89b/map/
Dreamality Interactive,SC866888,games-company,False,developer,True,2025-10-20,,https://app.gamesmap.uk/organisations/31db8b60-7093-41ea-96d1-af73e7536456/map/
Dreamob Studios,16857009,games-company,False,developer,True,2025-11-14,,https://app.gamesmap.uk/organisations/63eee276-4741-4c7b-86f6-2f27905afc64/map/
Dream Oni,12150638,games-company,False,developer,True,2019-08-12,,https://app.gamesmap.uk/organisations/f9d848c8-d5fa-43e4-bbf1-4cba11cd9c39/map/
Dream Outpost,17308411,games-company,False,developer,True,2026-06-30,,https://app.gamesmap.uk/organisations/900d99c7-6911-4527-98aa-837e247533ef/map/
Dream Reality Interactive,10530804,games-company,True,developer,True,2016-12-17,,https://app.gamesmap.uk/organisations/95e1fcf2-7466-4687-b15f-858a46948da8/map/
Drentsoft Games,13624660,games-company,False,developer,True,2021-09-15,,https://app.gamesmap.uk/organisations/b9a95d74-6931-4e40-8644-b35e4ab1b577/map/
Driver Studios,16289988,games-company,False,developer,True,2025-03-04,,https://app.gamesmap.uk/organisations/6718f45f-6453-4695-8d7b-2a8e85b92dad/map/
D R Studios,06131830,games-company,True,developer,True,2007-02-28,,https://app.gamesmap.uk/organisations/f8f5398d-5e35-442f-aac3-dd1627a7f533/map/
Drunk Monk Games,17362777,games-company,False,developer,True,2026-07-27,,https://app.gamesmap.uk/organisations/f4d7a803-22ec-4ae0-89bc-b83b85d3e084/map/
Dry Toast Productions,16443942,games-company,False,developer,True,2025-05-12,,https://app.gamesmap.uk/organisations/6f8cadfd-337c-4e68-9bfa-4f320b595fe1/map/
Dsa Corporation,12374239,games-company,False,developer,True,2019-12-20,,https://app.gamesmap.uk/organisations/efb2925b-403a-460c-9f5d-f33a5ba321bd/map/
Dscnt,16061343,games-company,False,developer,True,2024-11-05,,https://app.gamesmap.uk/organisations/3b7717d5-9dfd-482b-9851-78d3b9c31a78/map/
Dualcarbon,11978353,games-company,False,developer,True,2019-05-03,,https://app.gamesmap.uk/organisations/de0e1e51-3010-44f0-a231-85fbce579a47/map/
Dual Perception Games,11593248,games-company,False,developer,True,2018-09-28,,https://app.gamesmap.uk/organisations/f8343c61-582e-4bd7-ac0d-4a6d932b7a0b/map/
Dual Studios Games,16753483,games-company,False,developer,True,2025-09-30,,https://app.gamesmap.uk/organisations/eea7f92f-36b3-40dc-96b1-f1c136bc159c/map/
Dubious Design,15468775,games-company,True,developer,True,2024-02-05,,https://app.gamesmap.uk/organisations/96cffc90-1e28-4114-9d39-0765e087ab40/map/
Dubit,03922956,games-company,False,developer,True,2000-02-10,,https://app.gamesmap.uk/organisations/4ac4ff23-3c79-4a0c-ad81-84d0e030ef3c/map/
DUDLEY COLLEGE OF TECHNOLOGY,,academic-institution,False,,True,,,https://app.gamesmap.uk/organisations/8342058f-5899-40ee-b436-6bfbcbaceb50/map/
Dulwich Castle,16396744,games-company,False,developer,True,2025-04-20,,https://app.gamesmap.uk/organisations/633fef78-e515-4a75-82a4-91c0284eaa2d/map/
Duskware Games,12349852,games-company,False,developer,True,2019-12-05,,https://app.gamesmap.uk/organisations/f7a9fe91-c140-4d9d-b5ab-39a1d46c4390/map/
Dvn Studios,16993348,games-company,False,developer,True,2026-01-27,,https://app.gamesmap.uk/organisations/b4fd09c8-ae88-4e44-beac-f370994553b3/map/
Dynamic Games Hub,16211335,games-company,False,developer,True,2025-01-27,,https://app.gamesmap.uk/organisations/42121117-c89c-455a-bf0c-18d16fed157d/map/
Eagle Eye Studios - 360Flicks.Com,07011818,games-company,False,developer,True,2009-09-08,,https://app.gamesmap.uk/organisations/dfcc0d2a-523a-4e55-ab20-c3ac6cd45ad5/map/
Earth Cubs,11900069,games-company,False,developer,True,2019-03-22,,https://app.gamesmap.uk/organisations/ecb57c2d-45be-4c54-bea6-3b64db00c401/map/
Eaton Smith,OC326172,service-company,True,,True,2007-02-21,,https://app.gamesmap.uk/organisations/412e0be2-36fb-4931-a29c-db7d790487c0/map/
Echidna,07696619,games-company,False,developer,True,2011-07-07,,https://app.gamesmap.uk/organisations/54861d93-0813-4026-bc42-4117a43c5e89/map/
Echo Games,11880981,games-company,False,developer,True,2019-03-13,,https://app.gamesmap.uk/organisations/02d52b1c-897e-40ec-a27f-250f1411d8e3/map/
Echomystic Entertainment,16663951,games-company,False,developer,True,2025-08-21,,https://app.gamesmap.uk/organisations/a1f6a6fa-fe6d-4f68-85ba-4959393df216/map/
Eci Games,14845616,games-company,True,developer,True,2023-05-04,,https://app.gamesmap.uk/organisations/bb82bdb0-762d-4b78-8344-2df72c51e8cb/map/
Ec-Interactive,05074491,games-company,False,developer,True,2004-03-16,,https://app.gamesmap.uk/organisations/a653841d-a156-4097-9074-9e8ce08da22c/map/
Eclipse Games,16447747,games-company,False,developer,True,2025-05-13,,https://app.gamesmap.uk/organisations/2bc7d72f-cb47-4bda-b06e-31940e25de11/map/
Eclipse Interactive,16381062,games-company,False,developer,True,2025-04-11,,https://app.gamesmap.uk/organisations/63fe84a4-c940-4624-8b15-dbcc0df790ad/map/
Ecommpay,08580802,service-company,False,,True,2013-06-24,,https://app.gamesmap.uk/organisations/1015b66e-2090-44b0-8ff6-98c8e55cf777/map/
Ec Studios,SC643906,games-company,False,developer,True,2019-10-08,,https://app.gamesmap.uk/organisations/e0332d78-0dea-4101-a45f-592630c70679/map/
Eda Works,10931410,games-company,True,publisher,True,2017-08-24,,https://app.gamesmap.uk/organisations/df8e853f-fb07-4fbb-af29-07caef58bbc9/map/
EDGE HILL UNIVERSITY,,academic-institution,False,,True,,,https://app.gamesmap.uk/organisations/89b6c355-e804-44ae-9b0b-e94f392c9d85/map/
Edgesoft,16287651,games-company,False,developer,True,2025-03-03,,https://app.gamesmap.uk/organisations/739c9866-1ba4-4c86-ae0c-8555e4be84b9/map/
Ediedo,09615277,service-company,True,,True,2015-06-01,,https://app.gamesmap.uk/organisations/da9d6314-cb17-4c7a-922c-2d41dacc9154/map/
EDINBURGH NAPIER UNIVERSITY,,academic-institution,False,,True,,,https://app.gamesmap.uk/organisations/84f3aa6b-7167-4de9-9db0-0e0db813aaf4/map/
Eebz,11871138,service-company,True,,True,2019-03-09,,https://app.gamesmap.uk/organisations/b2c903cd-51e3-4854-8fb6-8e5c97029ab3/map/
Efusion,08758792,games-company,False,developer,True,2013-11-01,,https://app.gamesmap.uk/organisations/cf45232e-93da-41f1-915e-75b6e599d7ba/map/
Egg Gang Games,12900736,games-company,False,developer,True,2020-09-23,,https://app.gamesmap.uk/organisations/3120e42c-9214-4a87-b754-79175476a1f4/map/
Eidolon Studios,07627857,games-company,False,developer,True,2011-05-10,,https://app.gamesmap.uk/organisations/4ba0139f-3928-455c-9290-9a16c7bdb401/map/
Eightyeight Games,07497343,games-company,False,developer,True,2011-01-19,,https://app.gamesmap.uk/organisations/4290353f-0926-41d8-88a7-d1cf23f8c150/map/
Eldritch Studios,14625550,games-company,False,developer,True,2023-01-30,,https://app.gamesmap.uk/organisations/13594533-c607-4ccd-8fd8-dc3e51292974/map/
Electric Dreamers,14152742,games-company,False,developer,True,2022-06-06,,https://app.gamesmap.uk/organisations/f9ae4fb8-416f-4142-97aa-47fa658a3f2b/map/
Electrico Studios,16918131,games-company,False,developer,True,2025-12-17,,https://app.gamesmap.uk/organisations/6377e86c-a23c-4cd3-887a-fafa6fafc74b/map/
Electric Sheep Studios,15638002,games-company,False,developer,True,2024-04-11,,https://app.gamesmap.uk/organisations/50db834c-02dd-4c19-b1a9-1d0a1813ee7d/map/
Electric Square,09831554,games-company,True,developer,True,2015-10-19,,https://app.gamesmap.uk/organisations/0515b5ac-5bc7-428e-b930-2be57264fded/map/
Electric Turtle,08774789,games-company,False,developer,True,2013-11-14,,https://app.gamesmap.uk/organisations/46443264-4e75-4bf2-aff7-621dcbad3ce2/map/
Electro Games,16338269,games-company,False,developer,True,2025-03-24,,https://app.gamesmap.uk/organisations/1d986801-d905-411d-a722-135556a82d25/map/
Electronic Arts,02057591,games-company,True,publisher,True,1986-09-23,,https://app.gamesmap.uk/organisations/e271e59e-74be-4d4f-950a-c886bdb25bb9/map/
Electronic Games,17347225,games-company,False,developer,True,2026-07-18,,https://app.gamesmap.uk/organisations/16abf0c7-03b4-48a6-be84-1b23f0d19299/map/
Element Sample,17336682,games-company,False,developer,True,2026-07-13,,https://app.gamesmap.uk/organisations/30219992-17ed-4c71-bc38-2a69af10613b/map/
Element Zero Studios,10506514,games-company,False,developer,True,2016-12-01,,https://app.gamesmap.uk/organisations/ba869c48-88d9-4ee1-846c-76cb53fc22cc/map/
Elephant Games,04131224,games-company,False,developer,True,2000-12-27,,https://app.gamesmap.uk/organisations/38269231-5193-48f2-942e-cbd100af1f79/map/
Elevnxi,16341381,games-company,False,developer,True,2025-03-25,,https://app.gamesmap.uk/organisations/fa3c10fc-d511-4fb9-87ab-7cedd8e4d713/map/
Elite Systems,01840901,games-company,False,developer,True,1984-08-14,,https://app.gamesmap.uk/organisations/16cee0a2-459c-4d3a-8a48-3b01c8db8c6b/map/
Ella Romanos,08903702,games-company,False,developer,True,2014-02-20,,https://app.gamesmap.uk/organisations/2ae5f440-f02d-468e-83ed-18cb730c88c2/map/
Elmdon Studios,11291963,games-company,False,developer,True,2018-04-04,,https://app.gamesmap.uk/organisations/8d6a1eed-130c-4965-a38c-0c40a9a80a63/map/
Elysium Interactive,17176862,games-company,False,developer,True,2026-04-23,,https://app.gamesmap.uk/organisations/2e5edaca-3415-4bc7-b947-92adb1db1b3a/map/
Embercrest Interactive,17334342,games-company,False,developer,True,2026-07-12,,https://app.gamesmap.uk/organisations/103e0188-cc85-493a-be13-f85ba163dd22/map/
Ember Crows,16250023,games-company,False,developer,True,2025-02-13,,https://app.gamesmap.uk/organisations/61e7c282-f35d-48da-81cf-b40213505d4e/map/
Emberstone Interactive,10782837,games-company,False,developer,True,2017-05-22,,https://app.gamesmap.uk/organisations/b318430a-d183-42ea-81f8-8b4ddec55c80/map/
Ember Works,16980504,games-company,False,developer,True,2026-01-22,,https://app.gamesmap.uk/organisations/a9efeccc-34ec-4304-b42d-59763daf1d9c/map/
Emolso,16993905,games-company,False,developer,True,2026-01-28,,https://app.gamesmap.uk/organisations/80095bb9-6df2-49f7-809b-592c688e1c90/map/
Empire Games,13200520,games-company,False,developer,True,2021-02-15,,https://app.gamesmap.uk/organisations/0f5af126-2767-4152-adaf-f1083ff45e16/map/
Empire Strikes Back Studio,16531400,games-company,False,developer,True,2025-06-20,,https://app.gamesmap.uk/organisations/6fd46803-da28-4f0f-aa21-33968a5bdf23/map/
Ena Creative,14289312,games-company,False,developer,True,2022-08-10,,https://app.gamesmap.uk/organisations/9ba85ac7-68c1-45be-a32b-13f939ebb46a/map/
Enclaver Labs,10496218,games-company,False,developer,True,2016-11-24,,https://app.gamesmap.uk/organisations/d197fc93-8e8f-44f2-aeaf-a024513bc54f/map/
Endemol Shine Group,06032269,service-company,False,,True,2006-12-19,,https://app.gamesmap.uk/organisations/a8e1e3be-369b-412c-8fd1-5d6f8ae3993a/map/
Endless Crucible,17235437,games-company,False,developer,True,2026-05-21,,https://app.gamesmap.uk/organisations/35a59915-6365-412a-bdff-94168ca1d2ba/map/
Endpoint Esports,10341616,service-company,True,,True,2016-08-23,,https://app.gamesmap.uk/organisations/8175268a-8faf-4993-b29d-bc389b3e4ab0/map/
Eneme Entertainment,09320159,games-company,False,developer,True,2014-11-20,,https://app.gamesmap.uk/organisations/66094b18-3d91-4bbd-8552-c41f2e9205a4/map/
Enigmatic Studios,09224810,games-company,False,developer,True,2014-09-18,,https://app.gamesmap.uk/organisations/0d8eda20-a7fd-4699-bb51-8efb1994a2cf/map/
Enkisoftware,04093298,games-company,False,developer,True,2000-10-19,,https://app.gamesmap.uk/organisations/0a49b6f6-a118-4284-91ac-3401fce4331e/map/
Enro,09265254,service-company,True,,True,2014-10-15,,https://app.gamesmap.uk/organisations/865ea86a-277c-4590-abd0-f7e187278609/map/
Entertainment Apps,08823057,games-company,False,developer,True,2013-12-20,,https://app.gamesmap.uk/organisations/1fb8e009-c11c-4f49-b54f-3a87412a7510/map/
Ephaptic,16636591,games-company,False,developer,True,2025-08-07,,https://app.gamesmap.uk/organisations/011b67bc-6448-4e74-b9bf-affd5586c64d/map/
Epic Games Animation,06823136,service-company,True,developer,True,2009-02-18,,https://app.gamesmap.uk/organisations/e6c87d26-37ac-4211-b966-94b36384b6fc/map/
Epic Games Royale,13351994,games-company,False,developer,True,2021-04-22,,https://app.gamesmap.uk/organisations/2f26024e-7e01-4731-9512-fff899e01b40/map/
Epic Games Sa,08375013,service-company,False,,True,2013-01-25,,https://app.gamesmap.uk/organisations/4927fbed-403e-444f-8050-ffe2a1d1657f/map/
Epic Games,02865912,games-company,True,developer; publisher,True,1993-10-26,,https://app.gamesmap.uk/organisations/56cca0a2-5aee-40be-8095-8c5aa27d0fb6/map/
Epicroyale,11162212,games-company,False,developer,True,2018-01-22,,https://app.gamesmap.uk/organisations/f83b75d4-c7f7-4caa-a2e8-f90e6ae50090/map/
Era Film Studios,06685486,games-company,False,developer,True,2008-09-01,,https://app.gamesmap.uk/organisations/f8533434-0067-48bf-bf20-3d1df204453d/map/
Eroded Sloom Studio,17137690,games-company,False,developer,True,2026-04-06,,https://app.gamesmap.uk/organisations/f7fb843a-d821-4537-9fdf-be6ba14865cc/map/
Erredpath,17127634,games-company,False,developer,True,2026-03-31,,https://app.gamesmap.uk/organisations/51517426-7e82-4170-a377-87894b0c7e8a/map/
Escape Technology,05624880,service-company,True,,True,2005-11-16,,https://app.gamesmap.uk/organisations/f9e796d0-bdc1-4c28-b011-76e90fd8507c/map/
Escape Velocity,07009802,games-company,False,developer,True,2009-09-04,,https://app.gamesmap.uk/organisations/279550ab-2f2b-4187-b6b2-67cdd0e40b4e/map/
Escapist Games,06814245,games-company,False,developer,True,2009-02-10,,https://app.gamesmap.uk/organisations/d512435e-fd12-45d4-bfb0-d9a06c755f06/map/
Esg Corporate Community Interest,13566221,service-company,True,,True,2021-08-13,,https://app.gamesmap.uk/organisations/83cc5ebc-1643-4b44-a7ad-66961d1fcffd/map/
Esl Faceit Group,07751649,service-company,True,developer,True,2011-08-24,,https://app.gamesmap.uk/organisations/e6ffccdf-1370-42a8-bd52-281c99541a2a/map/
Esportz,06988687,service-company,True,,True,2009-08-12,,https://app.gamesmap.uk/organisations/6b6fbf4b-b601-4218-8f46-d2c60de74d27/map/
Eternal Toll Studios,16682700,games-company,False,developer,True,2025-08-29,,https://app.gamesmap.uk/organisations/9fdf5e93-f259-4923-b4e1-a8e8f0d2c995/map/
Eternus Games,10038473,games-company,False,developer,True,2016-03-02,,https://app.gamesmap.uk/organisations/af19b429-c11d-4c37-a0ec-ac7e6c43f0ec/map/
Etherplay Entertainment,SC566606,games-company,False,developer,True,2017-05-23,,https://app.gamesmap.uk/organisations/670506e1-fcfd-48c3-8808-fec290fa0cb9/map/
Everae,07757026,games-company,False,developer,True,2011-08-31,,https://app.gamesmap.uk/organisations/370cc16c-dabf-4d55-a6e8-463d18910dad/map/
Everbloom Studios,10465741,games-company,False,developer,True,2016-11-07,,https://app.gamesmap.uk/organisations/3366892a-3408-456a-aab2-537b13dff7bf/map/
Everguild,09334050,games-company,False,developer,True,2014-12-01,,https://app.gamesmap.uk/organisations/dc6d8bc7-8358-4894-8fd9-219bc3e4a680/map/
Everjoy Studios,16700220,games-company,False,developer,True,2025-09-08,,https://app.gamesmap.uk/organisations/b6244b4a-eb36-4694-bbc1-b12e9554f126/map/
Evermoore Studios,16062937,games-company,False,developer,True,2024-11-05,,https://app.gamesmap.uk/organisations/00087b4e-ece4-4e8c-b02a-87df7b06eb79/map/
Everwake Games,10814470,games-company,False,developer,True,2017-06-12,,https://app.gamesmap.uk/organisations/e2e64c89-d6dd-4ae9-b9cc-82584ffb37d0/map/
Everywhere Game,SC548818,games-company,False,developer,True,2016-10-28,,https://app.gamesmap.uk/organisations/9931e817-a761-4cc6-bc00-814176852d91/map/
Evil Owl Studios,11933040,games-company,False,developer,True,2019-04-08,,https://app.gamesmap.uk/organisations/49d26d06-fdc0-46c6-9fbb-23fa7c6cf124/map/
Evil Teddy Productions,09359484,games-company,False,developer,True,2014-12-17,,https://app.gamesmap.uk/organisations/13db3df2-3e42-4ebf-abd7-8c2d9d9d61fb/map/
Evil Twin Artworks,07346603,games-company,False,developer,True,2010-08-16,,https://app.gamesmap.uk/organisations/a03ccda1-5e3b-4d3b-a8ee-bba1aa6e21f1/map/
Evil Video Games,10365519,games-company,False,developer,True,2016-09-08,,https://app.gamesmap.uk/organisations/86585e6b-17bd-4372-8b1a-c63bde3854bf/map/
Evolve,SC208037,games-company,False,developer,True,2000-06-12,,https://app.gamesmap.uk/organisations/68cdcf06-a6cc-4235-a0be-6304a5c6f3a2/map/
Exaudio,10781075,games-company,False,developer,True,2017-05-20,,https://app.gamesmap.uk/organisations/bee2b53d-cace-4579-9533-db610c8f05b5/map/
Excalibur Publishing,04933487,games-company,False,publisher,True,2003-10-15,,https://app.gamesmap.uk/organisations/7668cbd2-4bfd-477d-9647-805a0e35f212/map/
Exception,SC239401,games-company,False,developer,True,2002-11-11,,https://app.gamesmap.uk/organisations/f5a88bc5-dd1e-4182-b1cd-2815bf1a5fc2/map/
Execution Unit,06292487,games-company,False,developer,True,2007-06-26,,https://app.gamesmap.uk/organisations/b4292b08-db0d-4c54-8810-1b9f5718581a/map/
Exertis Gem,08737604,service-company,True,,True,2013-10-17,,https://app.gamesmap.uk/organisations/bda113de-8995-4a3f-9572-cc246d708029/map/
Exient,07638597,games-company,True,developer,True,2011-05-18,,https://app.gamesmap.uk/organisations/30697a9d-880a-4360-9eb0-7631550d5009/map/
Exient Productions,08453438,games-company,False,publisher,True,2013-03-20,,https://app.gamesmap.uk/organisations/6d887939-3756-405e-aaa5-a809ddab6fd4/map/
Exit Studios,16622202,games-company,False,developer,True,2025-08-01,,https://app.gamesmap.uk/organisations/747fbc98-087a-491a-a1ae-144f37a82916/map/
Exobyte,11328170,games-company,False,developer,True,2018-04-25,,https://app.gamesmap.uk/organisations/4a14ee79-d2ea-4c52-907d-a9005f6b3f5f/map/
Exodus Game Development,17079785,games-company,False,developer,True,2026-03-09,,https://app.gamesmap.uk/organisations/cbc244de-f9bc-41b6-aff1-ac74584de817/map/
Exodus Interactive,16951429,games-company,False,developer,True,2026-01-08,,https://app.gamesmap.uk/organisations/66591211-fbfe-4634-80ea-0ad5c9d34509/map/
Exp Games,16672372,games-company,False,developer,True,2025-08-26,,https://app.gamesmap.uk/organisations/60590f38-30b1-410d-bd38-fba7004307da/map/
Explore And Create,07046637,games-company,False,developer,True,2009-10-16,,https://app.gamesmap.uk/organisations/c212c142-c01c-4581-946f-11ac20e6ba34/map/
Expression Games,07834853,games-company,True,developer,True,2011-11-03,,https://app.gamesmap.uk/organisations/0d3c6f6a-8bf3-478a-b4eb-e2e2bb415a39/map/
Extra Life,07996411,games-company,False,developer,True,2012-03-19,,https://app.gamesmap.uk/organisations/5f9c6afa-6d18-4e5c-a8b3-1cf1bf0d06a5/map/
Extra Mile Studios,SC263923,games-company,False,developer,True,2004-02-24,,https://app.gamesmap.uk/organisations/2359ba1d-f63e-4cf8-97f9-a3a4052a1e15/map/
Extraplanar Interactive,17237162,games-company,False,developer,True,2026-05-22,,https://app.gamesmap.uk/organisations/ebcd1e9a-fa47-41c7-94d5-45311176d9c8/map/
Fablebyte,16589533,games-company,False,developer,True,2025-07-17,,https://app.gamesmap.uk/organisations/b1ff4df8-a63b-45d9-b3c4-d8ea69fb2532/map/
Fable Games,16617897,games-company,False,developer,True,2025-07-31,,https://app.gamesmap.uk/organisations/cd129f6f-a6e8-416d-b596-8ce76f0b1cff/map/
Fabric Games,17234949,games-company,False,developer,True,2026-05-21,,https://app.gamesmap.uk/organisations/5b6e0c15-b6a4-461d-b613-a9458f527e23/map/
Fabrik Games,08183480,games-company,False,developer,True,2012-08-17,,https://app.gamesmap.uk/organisations/6d8fc576-4314-4316-a398-09f068245594/map/
Facepunch Studios,06848626,games-company,False,developer,True,2009-03-17,,https://app.gamesmap.uk/organisations/2f9712ed-8dc5-482e-914b-02dfd009953f/map/
Factori Studio,13699176,games-company,False,developer,True,2021-10-22,,https://app.gamesmap.uk/organisations/c15e63cd-79a7-4484-9870-ff4fd18d179f/map/
Failbetter Games,07121579,games-company,False,developer,True,2010-01-11,,https://app.gamesmap.uk/organisations/81f6ad55-d04f-422d-91ab-5f8252d850a4/map/
Fail Fast Games,13558687,games-company,False,developer,True,2021-08-10,,https://app.gamesmap.uk/organisations/7cd5c841-601a-46d6-b813-0a6a812eaabf/map/
Fairer Games,14115805,games-company,False,developer,True,2022-05-18,,https://app.gamesmap.uk/organisations/b8eb976c-0593-45b6-a8d0-a921773416b1/map/
Faitress Entertainment And Events,16063721,games-company,False,developer,True,2024-11-06,,https://app.gamesmap.uk/organisations/11262a0b-51f2-4e4f-b4f3-d4e8774675da/map/
Fallen Flag Studio,11650570,games-company,False,developer,True,2018-10-30,,https://app.gamesmap.uk/organisations/82832f75-ba40-4e92-94ee-16faab3e84c1/map/
Fallen Tree Games,07805177,games-company,False,developer,True,2011-10-11,,https://app.gamesmap.uk/organisations/241c39ad-02e4-4364-8899-a63706cb6335/map/
FALMOUTH UNIVERSITY,,academic-institution,False,,True,,,https://app.gamesmap.uk/organisations/719e1e59-3930-42c3-b474-b6c50557e883/map/
False Atlas Studios,16636184,games-company,False,developer,True,2025-08-07,,https://app.gamesmap.uk/organisations/2c3bdb89-30d4-4664-b318-cf3fc8f1c571/map/
Fancensus.Com,06698398,service-company,True,developer,True,2008-09-16,,https://app.gamesmap.uk/organisations/98703953-619d-46f2-9b0e-8f89bfa72abc/map/
Fanclub App,12692553,games-company,False,developer,True,2020-06-23,,https://app.gamesmap.uk/organisations/0348e5fa-8f6f-42d5-9508-b77a6b8d8add/map/
Fancy Goods Studios,NI667209,games-company,False,developer,True,2020-01-23,,https://app.gamesmap.uk/organisations/9788f0c1-225a-4e9e-b690-4a4ab29f7492/map/
Fantom Flare,12754011,games-company,False,developer,True,2020-07-19,,https://app.gamesmap.uk/organisations/076024fa-a797-48c6-b837-84f1ce59444d/map/
Far Few Giants,10757477,games-company,False,developer,True,2017-05-08,,https://app.gamesmap.uk/organisations/ee48f827-f7f1-4b7e-9d1f-cba73fc2ed9f/map/
Farset Labs,NI611278,service-company,False,,True,2012-02-20,,https://app.gamesmap.uk/organisations/64584880-d852-485e-b86d-9ea08adb4fad/map/
F.A.R.T Goblin Tech,16672783,games-company,False,developer,True,2025-08-26,,https://app.gamesmap.uk/organisations/c54da418-2772-4df6-8ad7-464049459990/map/
Fast Effects Studios,08735225,games-company,False,developer,True,2013-10-16,,https://app.gamesmap.uk/organisations/629499af-5324-4f21-839b-35b5368ce006/map/
Fast Loris Studios,07692110,games-company,False,developer,True,2011-07-04,,https://app.gamesmap.uk/organisations/c888e9bb-c6ee-4fc8-bd61-54b9971b236f/map/
Fat Bug Studios,17310564,games-company,False,developer,True,2026-06-30,,https://app.gamesmap.uk/organisations/78f67d1a-069f-4c3b-ab0e-a3999faf9755/map/
Fat Familiar,12255364,games-company,False,developer,True,2019-10-10,,https://app.gamesmap.uk/organisations/18b83330-eccc-4414-94de-84ad0b042e44/map/
Fat Fish Digital,08611202,games-company,False,developer,True,2013-07-16,,https://app.gamesmap.uk/organisations/beee86fe-dfaa-4ab4-9d9f-6e92c446d51c/map/
Fat Kraken Studios,10469479,games-company,True,developer,True,2016-11-08,,https://app.gamesmap.uk/organisations/36226fa1-4ede-40ea-93a2-f9b8a56e6670/map/
Fat Paps Games,13118335,games-company,False,developer,True,2021-01-06,,https://app.gamesmap.uk/organisations/79933211-9783-47fb-9a4b-2eae548bbcdf/map/
Fat Pebble,07300917,games-company,False,developer,True,2010-07-01,,https://app.gamesmap.uk/organisations/b1942440-2eea-449e-a133-fa3c63c6d7bc/map/
Favrytz Studios,17067129,games-company,False,developer,True,2026-03-03,,https://app.gamesmap.uk/organisations/5c2384cf-323c-4a16-adfc-efa9fbb19e24/map/
Fayju,06850480,games-company,True,developer,True,2009-03-18,,https://app.gamesmap.uk/organisations/d4351ce0-3a07-43d8-9038-2907d81fc4a2/map/
Feast Of Fools,17028309,games-company,False,developer,True,2026-02-12,,https://app.gamesmap.uk/organisations/c8a25ef8-f8d8-4f24-82d0-d1f7ee7ff003/map/
Feist Hedgethorne,04662643,service-company,True,,True,2003-02-11,,https://app.gamesmap.uk/organisations/15890b50-6514-4ecb-998f-32b7b2cc5d1c/map/
Feisty Crab Studios,10592160,games-company,False,developer,True,2017-01-31,,https://app.gamesmap.uk/organisations/d7589ef8-eae3-42c4-a81b-97bd836c92ab/map/
Feldspar Games,13936117,games-company,False,developer,True,2022-02-23,,https://app.gamesmap.uk/organisations/bd89d62a-4790-4ea7-8ad0-79060a37bd4c/map/
Fennecfu Games,11298759,games-company,False,developer,True,2018-04-09,,https://app.gamesmap.uk/organisations/a8c7222b-68e8-461c-b714-466db4f03ec5/map/
Fenris Creations,05446672,games-company,True,developer,True,2005-05-09,,https://app.gamesmap.uk/organisations/7124e221-7ccc-4cb7-9ee7-cfe6badd9d3c/map/
Feral Interactive,03828254,games-company,False,developer,True,1999-08-19,,https://app.gamesmap.uk/organisations/eae22412-8752-4bcb-81b7-aee8b57eb96c/map/
Fermented Oddity Studios,16085121,games-company,False,developer,True,2024-11-18,,https://app.gamesmap.uk/organisations/545fad0d-75e4-43f2-96c3-21487d1c2140/map/
Fern Design Studios,09651240,games-company,False,developer,True,2015-06-22,,https://app.gamesmap.uk/organisations/03f4ee07-32d3-4b7b-b884-053619426279/map/
Fern Turtle Games,SC669415,games-company,False,developer,True,2020-07-31,,https://app.gamesmap.uk/organisations/68a811df-6803-41fb-81d6-882837db0a52/map/
Fibre Studios,09088164,games-company,False,developer,True,2014-06-16,,https://app.gamesmap.uk/organisations/5afffb9c-31d5-43f2-a8ea-da94c3950b41/map/
Fiddlesticks Games,09273377,games-company,False,developer,True,2014-10-21,,https://app.gamesmap.uk/organisations/511e81ad-9d8c-4ada-9b4b-cf3d0b855f22/map/
Field Of Vision Creative,10713433,games-company,False,developer,True,2017-04-06,,https://app.gamesmap.uk/organisations/83da9323-95aa-49cf-8787-71127c470499/map/
Fieldwork Games,17352459,games-company,False,developer,True,2026-07-21,,https://app.gamesmap.uk/organisations/f9491cdf-2e7f-4678-a25a-25de6f07ac6f/map/
Fiendish,08512445,games-company,False,developer,True,2013-05-01,,https://app.gamesmap.uk/organisations/e4a52642-d335-4fef-a957-523fcc973e85/map/
Fierce Kaiju,09146833,games-company,False,developer,True,2014-07-24,,https://app.gamesmap.uk/organisations/defd00ff-6675-472a-960b-59471ac6009e/map/
Fife College,SC324799,academic-institution,True,,True,2007-06-01,,https://app.gamesmap.uk/organisations/73bcbae4-f1bc-44d1-a87a-897c19948f6f/map/
Fifth Corner,16796673,games-company,False,developer,True,2025-10-20,,https://app.gamesmap.uk/organisations/def92cc7-da19-4e95-931d-fb3b13a5530a/map/
Fiftytwo Inc,09748105,games-company,False,developer,True,2015-08-25,,https://app.gamesmap.uk/organisations/0695445d-e290-4ee3-82cb-3e7890b32bcc/map/
Filematch,02482682,games-company,False,developer,True,1990-03-19,,https://app.gamesmap.uk/organisations/786b9cbc-b08f-4723-ad00-90714f8af0cf/map/
Finblade,06297175,games-company,False,developer,True,2007-06-29,,https://app.gamesmap.uk/organisations/587e950d-9f2c-4422-a286-399f4e73b670/map/
Finch Inferno,16735530,games-company,False,developer,True,2025-09-22,,https://app.gamesmap.uk/organisations/b3f48c7e-1ca4-4f91-9d77-5f4164be897f/map/
Finest Quality Video Games,16670153,games-company,False,developer,True,2025-08-26,,https://app.gamesmap.uk/organisations/378b96e7-f561-45bd-bae4-331b7731c04b/map/
Fineworks Game Studios,16878151,games-company,False,developer,True,2025-11-27,,https://app.gamesmap.uk/organisations/d2d508f1-554b-4205-a7c0-fb116cdcd962/map/
Fingertrap Studios,16069746,games-company,False,developer,True,2024-11-08,,https://app.gamesmap.uk/organisations/107e9302-a01d-49d5-8b76-107e09bb89ef/map/
Finite Lite Games,12030097,games-company,False,developer,True,2019-06-03,,https://app.gamesmap.uk/organisations/992ef784-f798-4491-9c12-882dbe818b2d/map/
Finstock Capital,10658703,service-company,False,,True,2017-03-08,,https://app.gamesmap.uk/organisations/0665b2d7-ff02-4010-8962-58d5992cf1ea/map/
Fire Arrow Labs,12356978,games-company,False,developer,True,2019-12-10,,https://app.gamesmap.uk/organisations/a2848454-ece2-4a2d-b427-21047c03d7d1/map/
Fireball Games,14667433,games-company,False,developer,True,2023-02-16,,https://app.gamesmap.uk/organisations/7af7dfed-500c-488b-b2e3-c80b734e88c9/map/
Fireblade Software,09935443,games-company,False,developer,True,2016-01-05,,https://app.gamesmap.uk/organisations/73576ab6-18d6-4bc1-8777-5b23f037dd24/map/
Firebolt Games,10205012,games-company,True,developer,True,2016-05-28,,https://app.gamesmap.uk/organisations/2be09d06-ea7d-4a1b-845e-2774074ad785/map/
Firebrand Games,SC257244,games-company,True,developer,True,2003-10-08,,https://app.gamesmap.uk/organisations/c79ef30d-195c-4248-ab26-32bd68316939/map/
Firefly Studios,03756547,games-company,False,developer,True,1999-04-21,,https://app.gamesmap.uk/organisations/4a5fbb9c-82f4-4a98-85cd-e4f42bee8508/map/
Fireowl Games,16318245,games-company,False,developer,True,2025-03-14,,https://app.gamesmap.uk/organisations/5f202d6b-41b5-46a8-ad34-d46f67efea9a/map/
Fire Panda,08868325,games-company,False,developer,True,2014-01-30,,https://app.gamesmap.uk/organisations/0d0afddd-227d-488c-8f01-9b6be5ada518/map/
Fireproof Studios,06687549,games-company,False,developer,True,2008-09-03,,https://app.gamesmap.uk/organisations/764ad06b-90a6-4b20-a5ba-c11561ec8f49/map/
Fireslug Studios,12602222,games-company,False,developer,True,2020-05-14,,https://app.gamesmap.uk/organisations/403f4ad4-48f1-4042-a385-a0f2f3cd88fd/map/
Firesprite,08240765,games-company,False,developer,True,2012-10-04,,https://app.gamesmap.uk/organisations/22a8112b-4249-42e3-9ab2-f6a2b6d2eaf8/map/
Firestorm Apps,09772439,games-company,False,developer,True,2015-09-10,,https://app.gamesmap.uk/organisations/d7079ab8-ece9-463f-be36-ae40363c4ef6/map/
Fire Without Smoke,08548097,service-company,True,,True,2013-05-29,,https://app.gamesmap.uk/organisations/43a46190-1009-4eed-98c9-6a7d404f3a9e/map/
First Fires Games,17234876,games-company,False,developer,True,2026-05-21,,https://app.gamesmap.uk/organisations/b6554cc3-c1f3-41bf-a4b0-842744dcb174/map/
First Touch Games,07638595,games-company,True,developer,True,2011-05-18,,https://app.gamesmap.uk/organisations/8699cd74-4b61-4b98-bd48-421915d28c9b/map/
Fiscal Power Games (Uk),10506707,games-company,False,developer,True,2016-12-01,,https://app.gamesmap.uk/organisations/02494f16-415a-481c-ac5b-f64073d47266/map/
Fishernaut Games,16846102,games-company,False,developer,True,2025-11-11,,https://app.gamesmap.uk/organisations/b8759a85-8614-4d97-84f6-581dbf63f5e5/map/
Fish Head Games Spv1,16725319,games-company,False,developer,True,2025-09-17,,https://app.gamesmap.uk/organisations/9b8335d8-78d7-4347-8613-daf338c9fd2d/map/
Fish Tin Games,SC712022,games-company,False,developer,True,2021-10-12,,https://app.gamesmap.uk/organisations/65c9ca5a-9488-4421-b142-484f0be25ab2/map/
Five12 Games,10063856,games-company,False,developer,True,2016-03-15,,https://app.gamesmap.uk/organisations/11afc9d9-6bc3-4bb4-aa24-6475b414471c/map/
Fivesprites,12706347,games-company,False,developer,True,2020-06-30,,https://app.gamesmap.uk/organisations/5b47a54a-00d2-451e-8b26-2607e8e9d643/map/
Fizzy Vortex,11594078,games-company,False,developer,True,2018-09-28,,https://app.gamesmap.uk/organisations/6b75f3d3-68dc-4457-b353-27b091abcfed/map/
Flam Dev,16791982,games-company,False,developer,True,2025-10-17,,https://app.gamesmap.uk/organisations/14cac348-2102-4214-bf1f-f08504835337/map/
Flaming Fowl Studios,10067178,games-company,False,developer,True,2016-03-16,,https://app.gamesmap.uk/organisations/ce2aeee8-246f-4050-a45b-baba267f6d5a/map/
Flammable Penguins,10116521,games-company,False,developer,True,2016-04-11,,https://app.gamesmap.uk/organisations/5e3181ab-194a-491b-9108-39f1b2ea2e85/map/
Flare Gun Studios,16157181,games-company,False,developer,True,2024-12-31,,https://app.gamesmap.uk/organisations/55ebad28-d5db-4ae6-ac0c-066145d8aa99/map/
Flashbang Studio,10580283,games-company,False,developer,True,2017-01-24,,https://app.gamesmap.uk/organisations/50422c36-1a96-4fa8-85c8-daaac572f94a/map/
Flasheddierocks,05584495,games-company,False,developer,True,2005-10-06,,https://app.gamesmap.uk/organisations/0437328f-c93d-40b4-9701-06d4c7206765/map/
Fleetyard Studios,14192567,games-company,False,developer,True,2022-06-23,,https://app.gamesmap.uk/organisations/8c3fcccf-b29e-450a-928e-b448a32702cc/map/
Flicker Light Games,16677349,games-company,False,developer,True,2025-08-28,,https://app.gamesmap.uk/organisations/523c4502-d70b-4aa3-bd4c-66f5da7b0947/map/
Flick Games,12012885,games-company,True,developer,True,2019-05-22,,https://app.gamesmap.uk/organisations/8295e21f-d7b4-4fb9-8f57-d6e49b74dda0/map/
Flix Interactive,07874991,games-company,True,developer,True,2011-12-08,,https://app.gamesmap.uk/organisations/05399375-b4f5-4315-8c8e-142037a90ade/map/
Flow Construct Studios,16368060,games-company,False,developer,True,2025-04-06,,https://app.gamesmap.uk/organisations/7072f7f0-b82d-482b-a0c6-78a435d6f7be/map/
Flowmo Games,08626356,games-company,False,developer,True,2013-07-26,,https://app.gamesmap.uk/organisations/ae7e8d97-4c89-48ed-9246-7c391f9b9079/map/
Flox Studios,08065316,games-company,False,developer,True,2012-05-11,,https://app.gamesmap.uk/organisations/8e1a2b79-43b0-432c-b8df-4485ccf60047/map/
Fluentiam,16261438,games-company,False,developer,True,2025-02-19,,https://app.gamesmap.uk/organisations/0287fd6f-b69e-4f38-9ad6-b1fc7f64a042/map/
Fluffy Duck Games,17300204,games-company,False,developer,True,2026-06-24,,https://app.gamesmap.uk/organisations/54faddf9-af0f-4e95-a5da-e95dbf46ed9a/map/
Fluffy Fox Studios,13817158,games-company,False,developer,True,2021-12-24,,https://app.gamesmap.uk/organisations/0de6e0aa-9a1c-47b5-be7a-dfdcb8fcdd9f/map/
Fluxfire Games,16305335,games-company,False,developer,True,2025-03-10,,https://app.gamesmap.uk/organisations/237f6f1a-c310-4504-a316-e9fbc0df6b92/map/
Flux Games,NI691719,games-company,False,developer,True,2022-10-09,,https://app.gamesmap.uk/organisations/50a18bd7-ce88-4eba-b8b7-31a21a85594f/map/
Fly Games Management,17270613,games-company,False,developer,True,2026-06-09,,https://app.gamesmap.uk/organisations/d50a8e19-a765-485b-bd6b-70d161677eeb/map/
Flynt Games,16711830,games-company,False,developer,True,2025-09-11,,https://app.gamesmap.uk/organisations/89f11fde-4e3d-4f63-b057-aadfaa0d2daf/map/
Flytcode,16463345,games-company,False,developer,True,2025-05-20,,https://app.gamesmap.uk/organisations/a061580b-41e1-497f-a6f6-5abf45749210/map/
Fnatic,07805670,service-company,False,,True,2011-10-11,,https://app.gamesmap.uk/organisations/0827ef9a-ab9c-4c20-a150-949c9762a625/map/
Foam Sword,09288345,games-company,False,developer,True,2014-10-30,,https://app.gamesmap.uk/organisations/0e162b1a-a309-45d6-b411-14df4bcfc96d/map/
Focus Multimedia,02408658,games-company,True,publisher,True,1989-07-27,,https://app.gamesmap.uk/organisations/4792cf45-865b-4612-ae53-3382f760bd03/map/
Focus Vr,10716304,games-company,False,developer,True,2017-04-08,,https://app.gamesmap.uk/organisations/2aba4d4f-5ece-4173-92d2-b046f96ef5f4/map/
Foehammer Studios,16979735,games-company,False,developer,True,2026-01-21,,https://app.gamesmap.uk/organisations/57836d34-4b9e-4702-9bb9-00e20fb26976/map/
Foggy Box,10879187,games-company,False,developer,True,2017-07-24,,https://app.gamesmap.uk/organisations/3a857551-feca-4e5f-9c2d-63f649509d65/map/
Foot Anstey,OC360255,service-company,False,,True,2010-12-14,,https://app.gamesmap.uk/organisations/601d6e33-cff4-421a-b626-60c4f9372d71/map/
Footsapp,12117641,games-company,False,developer,True,2019-07-23,,https://app.gamesmap.uk/organisations/3edf8036-2fda-4107-9753-34e41d4b229e/map/
Force Of Habit,08198901,games-company,False,developer,True,2012-09-03,,https://app.gamesmap.uk/organisations/a7824c71-f2b9-40ed-aa8e-f355f9f512cd/map/
Formic Games,17235528,games-company,False,developer,True,2026-05-21,,https://app.gamesmap.uk/organisations/022d8441-b359-430d-8518-2391a5962919/map/
Forth Park Games,SC866211,games-company,False,developer,True,2025-10-14,,https://app.gamesmap.uk/organisations/4e1c38ad-632f-4847-89de-485bb1ebebdb/map/
Fortis Games,13576536,games-company,False,developer,True,2021-08-20,,https://app.gamesmap.uk/organisations/e0f25ca7-334b-4001-8593-e33f4d7748b2/map/
Fortitude Games,10973601,games-company,True,developer,True,2017-09-20,,https://app.gamesmap.uk/organisations/4ca7ced6-e494-45f5-9531-4eda3a926e69/map/
Fossil Games,11604161,games-company,False,developer,True,2018-10-04,,https://app.gamesmap.uk/organisations/8f0fff3d-12ef-425b-a0bb-3bfe3f7c59cc/map/
Foster Games,17011314,games-company,False,developer,True,2026-02-04,,https://app.gamesmap.uk/organisations/8599cf7e-4883-46ee-b62d-2e10688012d8/map/
Founders Law,11866392,service-company,True,,True,2019-03-07,,https://app.gamesmap.uk/organisations/b04e4f08-6d05-46ea-84d2-16be9e08689d/map/
Fountain Digital Labs,08230374,games-company,False,developer,True,2012-09-26,,https://app.gamesmap.uk/organisations/96c41c3a-eb1f-4c8f-a5be-a7c1d79bda18/map/
Fountain Interactive,11049425,games-company,False,developer,True,2017-11-06,,https://app.gamesmap.uk/organisations/2f715715-0f5b-499d-8ff1-61e77895662e/map/
Four Circle Interactive,08555220,games-company,False,developer,True,2013-06-04,,https://app.gamesmap.uk/organisations/7efa0566-01ab-4d1c-b43e-6bc380067115/map/
Fourth Floor Creative,11060430,service-company,True,,True,2017-11-13,,https://app.gamesmap.uk/organisations/49c7f6c1-3896-4935-ba56-16f7709f085d/map/
Fourth State,09602623,games-company,False,developer,True,2015-05-21,,https://app.gamesmap.uk/organisations/1043541a-bb37-45e6-ae71-e3ffae59a58c/map/
Fox Flare Games,16623083,games-company,False,developer,True,2025-08-01,,https://app.gamesmap.uk/organisations/29a58e10-8094-47da-b5fe-c46d5edf7d23/map/
Fox Tor Games,12024772,games-company,False,developer,True,2019-05-30,,https://app.gamesmap.uk/organisations/28dae5e7-c253-4d52-b3f9-de5726ebb8f0/map/
Fractal Narratives,16656801,games-company,False,developer,True,2025-08-18,,https://app.gamesmap.uk/organisations/b82c22da-9c12-439a-aedb-0a657bd04737/map/
Franciskodak Design Lab,08216640,games-company,False,developer,True,2012-09-17,,https://app.gamesmap.uk/organisations/932010b0-17ab-47cc-b2bc-aa9cc273996a/map/
Frantic Thumbs Games,16530767,games-company,False,developer,True,2025-06-20,,https://app.gamesmap.uk/organisations/f4bfa2cc-e51d-4d72-a4f9-e27b83c45cad/map/
Frawd,16699985,games-company,False,developer,True,2025-09-08,,https://app.gamesmap.uk/organisations/6e9f5cd7-9eeb-4ce2-81a5-6ce30382d4df/map/
Fredbear Games,09710744,games-company,False,developer,True,2015-07-30,,https://app.gamesmap.uk/organisations/f155fd5d-8dfc-4c3e-a432-0218813ef983/map/
Freedom Games,11991512,games-company,False,developer,True,2019-05-13,,https://app.gamesmap.uk/organisations/c7db418d-a832-4fd8-b0a1-278581c57996/map/
Free Games,08423839,games-company,False,developer,True,2013-02-28,,https://app.gamesmap.uk/organisations/f51c417d-5116-42d8-b442-387e74281f03/map/
Freejam,02687345,games-company,False,developer,True,1992-02-13,,https://app.gamesmap.uk/organisations/7c55b217-6e43-45b1-96e7-81df24f9b6a6/map/
Freekstorm,02919324,games-company,False,developer,True,1994-04-15,,https://app.gamesmap.uk/organisations/e240cb47-3edd-4a0a-935a-27c23910538b/map/
Freestylegames,04604940,games-company,False,developer,True,2002-11-29,,https://app.gamesmap.uk/organisations/d4c866e8-ea12-4a2c-80c2-7a6ae4c02cf7/map/
Frenzic Games,17251097,games-company,False,developer,True,2026-05-31,,https://app.gamesmap.uk/organisations/cc3fb7cf-b832-4937-9f3d-805be476b791/map/
Fresh Seed,11944637,service-company,True,,True,2019-04-13,,https://app.gamesmap.uk/organisations/00bcff9c-b70e-4687-ae88-36b2c8786de8/map/
Froggy Studios,17272330,games-company,False,developer,True,2026-06-10,,https://app.gamesmap.uk/organisations/34eba35b-0f90-45aa-9233-460c6828c528/map/
Front Bench Games,17291578,games-company,False,developer,True,2026-06-21,,https://app.gamesmap.uk/organisations/288061bb-b997-4030-a978-eec64ead00ff/map/
Frontier Developments,02892559,games-company,False,developer,True,1994-01-28,,https://app.gamesmap.uk/organisations/1c52bbec-e1fc-44e5-8e40-89027035453f/map/
Frost9 Studios,10258908,games-company,False,developer,True,2016-06-30,,https://app.gamesmap.uk/organisations/e3de37ed-544a-4270-b8e3-08428a5f00e9/map/
Frostbird,17244624,games-company,False,developer,True,2026-05-27,,https://app.gamesmap.uk/organisations/0cd8d8c3-826e-436b-a79a-7d674017a4f6/map/
Frosty Dog Games,16562395,games-company,False,developer,True,2025-07-06,,https://app.gamesmap.uk/organisations/bba7bcb0-3ad6-4da3-a83b-7db93ddad7c2/map/
Frosty Games Studios,11661101,games-company,False,developer,True,2018-11-06,,https://app.gamesmap.uk/organisations/18caaa4d-838b-4add-b04a-d073db238f44/map/
Frozenbloo Studios,NI741543,games-company,False,developer,True,2026-06-18,,https://app.gamesmap.uk/organisations/619ee4c2-8102-4ea8-817a-afccd97017ce/map/
Frozen Pixels Interactive,16370408,games-company,False,developer,True,2025-04-07,,https://app.gamesmap.uk/organisations/5bacb103-ee7e-48e1-90be-effb8a7583fe/map/
Frozensand Games,10343942,games-company,False,developer,True,2016-08-24,,https://app.gamesmap.uk/organisations/f58a5eae-9e10-47f4-8846-9f95c20c5154/map/
Fruity Games,13580631,games-company,False,developer,True,2021-08-23,,https://app.gamesmap.uk/organisations/0ece9b0e-43f5-49e9-8c9e-a6097f29d1d6/map/
Ft Studios,12182181,games-company,False,developer,True,2019-08-30,,https://app.gamesmap.uk/organisations/b4e73665-482c-469d-920d-c0f337c50417/map/
Full Cheq Games,14463627,games-company,False,developer,True,2022-11-04,,https://app.gamesmap.uk/organisations/d0513924-a83c-403d-acd9-ad80075a593c/map/
Full Fat Games,05690378,games-company,False,developer,True,2006-01-27,,https://app.gamesmap.uk/organisations/b43294a1-5d04-4ba0-97f9-38bb97760395/map/
Full Fat Productions,03282545,games-company,False,developer,True,1996-11-22,,https://app.gamesmap.uk/organisations/b31f92cf-186d-4e88-9161-e91faec123a5/map/
Fun Atomic,09621040,games-company,False,developer,True,2015-06-03,,https://app.gamesmap.uk/organisations/ca422775-49e3-4852-959d-0876c95360c6/map/
Funbox Media,07183974,games-company,False,developer,True,2010-03-10,,https://app.gamesmap.uk/organisations/0eba85d6-af6d-422d-af8e-8214af994609/map/
Funbuzzle,11462857,games-company,False,developer,True,2018-07-13,,https://app.gamesmap.uk/organisations/72909e28-2a77-4657-be52-9533aedf5dbe/map/
Funday Studios,10806286,games-company,False,developer,True,2017-06-07,,https://app.gamesmap.uk/organisations/e867fca6-8f13-40fb-b7a1-c08264717f85/map/
Fun Entertainment Studio,17288083,games-company,False,developer,True,2026-06-19,,https://app.gamesmap.uk/organisations/13d0ebb8-bcce-4876-861e-97c582d69d72/map/
Funsolve,09828157,games-company,False,developer,True,2015-10-16,,https://app.gamesmap.uk/organisations/56c9d395-a984-4afb-a766-66eb7c5c5fea/map/
Furious Bee,09257938,games-company,False,developer,True,2014-10-10,,https://app.gamesmap.uk/organisations/7500f788-5c30-4286-a9a8-a85b35f881d2/map/
Furry Tail Dragon,09704564,games-company,False,developer,True,2015-07-27,,https://app.gamesmap.uk/organisations/3779e542-70ca-4e96-9abf-fda868c36b74/map/
Further Ado Games,17198668,games-company,False,developer,True,2026-05-05,,https://app.gamesmap.uk/organisations/ea08d976-f561-42a0-af13-c89e19025eee/map/
Fusebox Games,10233309,games-company,True,developer,True,2016-06-15,,https://app.gamesmap.uk/organisations/cb5237b4-62a7-4118-8b36-daf601ce57a7/map/
Fuse Games,14192329,games-company,False,developer,True,2022-06-23,,https://app.gamesmap.uk/organisations/75d4992b-e799-4f62-962f-4266f3e1afb0/map/
Future Entertainment Works Co,12618249,games-company,False,developer,True,2020-05-22,,https://app.gamesmap.uk/organisations/275acaca-739f-4873-b617-6c3c11cf0c15/map/
Futuretro Studios,08968897,games-company,False,developer,True,2014-03-31,,https://app.gamesmap.uk/organisations/e33d8cda-591d-4f8d-b671-234db00d6f96/map/
Futureworks Studios,07233647,games-company,False,developer,True,2010-04-23,,https://app.gamesmap.uk/organisations/5ba8b0bf-688e-4e45-b2b3-5dfbf566f900/map/
Futureworks,,academic-institution,False,,True,,,https://app.gamesmap.uk/organisations/5b855405-6bbf-4191-96d6-96b8309f5d19/map/
Futurlab,04961083,games-company,True,developer,True,2003-11-12,,https://app.gamesmap.uk/organisations/66dec106-7fb6-4054-8fa2-868cd6bea25b/map/
Fuzzy Frog,07594709,games-company,False,developer,True,2011-04-06,,https://app.gamesmap.uk/organisations/c0732721-b722-494c-ae9b-935c2c626bc6/map/
Fwicked Games,16720544,games-company,False,developer,True,2025-09-16,,https://app.gamesmap.uk/organisations/15d8f434-47f4-49f7-a251-38fafa9aecd0/map/
G110 Studios,16404162,games-company,False,developer,True,2025-04-23,,https://app.gamesmap.uk/organisations/1a8b7d93-2a69-440b-8293-f8b1e08449cd/map/
G3Nb14 Kobo,16486487,games-company,False,developer,True,2025-05-30,,https://app.gamesmap.uk/organisations/440c456f-9f70-4209-a9b0-f969b86a91e5/map/
G3 Studios,17101912,games-company,False,developer,True,2026-03-18,,https://app.gamesmap.uk/organisations/9702e13b-04d3-4fc2-b65f-6274f1bc9a99/map/
Ga Global,09962480,service-company,False,,True,2016-01-21,,https://app.gamesmap.uk/organisations/4fb78a72-7971-49a1-ba55-0cffc63ffbe5/map/
Galactic Droids,09843615,games-company,False,developer,True,2015-10-27,,https://app.gamesmap.uk/organisations/2f1e23f0-282d-447b-a5d6-ea27ab415c05/map/
Galinia Games Studio,16191428,games-company,False,developer,True,2025-01-17,,https://app.gamesmap.uk/organisations/9a4cbddb-2c0b-42dc-8bfa-9ac13716baf4/map/
Gallic Entertainment,16166120,games-company,False,developer,True,2025-01-06,,https://app.gamesmap.uk/organisations/64df01e2-9170-4b9e-9acd-ead8f9bb6717/map/
Gamaworks,16853592,games-company,False,developer,True,2025-11-13,,https://app.gamesmap.uk/organisations/cb74aedf-4f59-431b-b737-7bbcc7041009/map/
Game Academy,12070401,service-company,True,,True,2019-06-26,,https://app.gamesmap.uk/organisations/c3b12b0e-4dac-482a-9186-9a70d8aed898/map/
Gamebench,08187280,service-company,True,developer,True,2012-08-22,,https://app.gamesmap.uk/organisations/3d666cdb-dc0a-4df9-92c2-9814148ad717/map/
Game Boost Digital,17172645,games-company,False,developer,True,2026-04-21,,https://app.gamesmap.uk/organisations/3ae5bbd7-df65-43f6-839e-6a4bcc88ced3/map/
Game&Box,12276567,games-company,False,developer,True,2019-10-23,,https://app.gamesmap.uk/organisations/004035e3-de2d-4355-8415-03e4b4b5b334/map/
Gamebra.In London,16484246,games-company,False,developer,True,2025-05-30,,https://app.gamesmap.uk/organisations/3d075142-7976-4b83-a882-0b306885bb39/map/
Game Creation,16762689,games-company,False,developer,True,2025-10-03,,https://app.gamesmap.uk/organisations/52f19307-ff9b-4ae4-98fb-845899502480/map/
Gamedigits,07349306,games-company,False,developer,True,2010-08-18,,https://app.gamesmap.uk/organisations/59ca43ec-cc40-4ab6-9a5b-035645d8d5f7/map/
Game Dr,SC520672,games-company,False,developer,True,2015-11-19,,https://app.gamesmap.uk/organisations/048700e1-a23e-4a30-afae-15383415ed98/map/
Game Factory,12758397,games-company,False,developer,True,2020-07-21,,https://app.gamesmap.uk/organisations/a0219157-09ba-468d-8a6e-6248db6687f9/map/
Gamehouse,03128211,games-company,False,developer,True,1995-11-20,,https://app.gamesmap.uk/organisations/b11d8bfb-0085-4e42-b41c-3d9b8ea661b4/map/
Gameload,12060122,games-company,False,developer,True,2019-06-19,,https://app.gamesmap.uk/organisations/e957202e-adf8-4e9f-9876-bdecab1d0639/map/
Game Matters,16555950,games-company,False,developer,True,2025-07-02,,https://app.gamesmap.uk/organisations/344848f8-8dd4-4fd3-90a7-d506da2251b3/map/
Gameon Networking,03638042,service-company,False,,True,1998-09-24,,https://app.gamesmap.uk/organisations/504d7219-8613-4bd4-a79e-f5ade0a97132/map/
Game On Software,08764527,games-company,False,developer,True,2013-11-06,,https://app.gamesmap.uk/organisations/de3dca19-ffb3-4035-a99c-0173a13b5ce6/map/
Game Pilot,11533388,games-company,False,developer,True,2018-08-23,,https://app.gamesmap.uk/organisations/9da4bf09-9d2a-4395-9c05-c21f2f5014e7/map/
Game Pressure Studio,13342154,games-company,False,developer,True,2021-04-19,,https://app.gamesmap.uk/organisations/9bfd72cf-3974-41b4-ad0f-16d173c737ee/map/
Game Republic,07543330,service-company,False,developer,True,2011-02-25,,https://app.gamesmap.uk/organisations/d794b73c-d5ff-4f9e-bead-3dc596582fc9/map/
Game Rift,13984962,games-company,False,developer,True,2022-03-17,,https://app.gamesmap.uk/organisations/1d7f8488-45e2-4bb4-9aba-cbcdf490855b/map/
Gamer Network,03882481,service-company,True,,True,1999-11-24,,https://app.gamesmap.uk/organisations/8f53380b-d278-4944-9248-a20c88a12243/map/
Games Aid,04030235,service-company,True,,True,2000-07-10,,https://app.gamesmap.uk/organisations/d36fe16b-084a-43f9-ae33-c52ddb465a3d/map/
Games By James,17077252,games-company,False,developer,True,2026-03-09,,https://app.gamesmap.uk/organisations/ca1500b1-0bd9-4cca-804e-ad74812a71d4/map/
Gamesdrop,07076877,games-company,False,developer,True,2009-11-14,,https://app.gamesmap.uk/organisations/4b5bc2e4-ceb2-4cfc-a06b-f265417b7005/map/
Games For May,11026538,games-company,False,developer,True,2017-10-23,,https://app.gamesmap.uk/organisations/635d805a-9ecd-4c57-9dac-239d33e0ed83/map/
Game Sharks Adventures,16488387,games-company,False,developer,True,2025-06-02,,https://app.gamesmap.uk/organisations/b11f3def-63ff-46f6-a9c2-4408db9fb8d6/map/
Gameshark Studios,10772626,games-company,False,developer,True,2017-05-16,,https://app.gamesmap.uk/organisations/16e0dfad-2161-4b56-b983-96f3e98a55c1/map/
Games It,10619247,games-company,False,developer,True,2017-02-14,,https://app.gamesmap.uk/organisations/59037f59-32a3-4785-a572-630e4fb61cd0/map/
Game Smithing,14042819,games-company,False,developer,True,2022-04-12,,https://app.gamesmap.uk/organisations/83011fb0-f010-4b96-9b34-2283b0c98840/map/
Games Of The Galaxy,16691133,games-company,False,developer,True,2025-09-03,,https://app.gamesmap.uk/organisations/d840cb32-2093-4024-81aa-eb3dd1f70be8/map/
Game Source Entertainment,15293025,games-company,True,developer; publisher,True,2023-11-19,,https://app.gamesmap.uk/organisations/dbba1c2e-303c-4eb3-bd2c-db49c9efca01/map/
Game Sourcerer,16856325,games-company,False,developer,True,2025-11-14,,https://app.gamesmap.uk/organisations/6a521743-4588-4a44-a1f0-409a78631c76/map/
Game Space,09628854,games-company,False,developer,True,2015-06-08,,https://app.gamesmap.uk/organisations/6fcb70b7-7466-4bbb-ba3b-e98435a4a6c5/map/
Games! Studio,16707254,games-company,False,developer,True,2025-09-10,,https://app.gamesmap.uk/organisations/7f3c83e7-6ae9-4245-ab4d-9b070cf033e5/map/
Games Theory,16706951,games-company,False,developer,True,2025-09-10,,https://app.gamesmap.uk/organisations/f4704d44-7374-4740-b17e-b313690e1f08/map/
Game Strix Studio,16189891,games-company,False,developer,True,2025-01-16,,https://app.gamesmap.uk/organisations/24c6b170-77c0-4411-8a52-d2c5c69ca1dd/map/
Game Vault Group,17206052,games-company,False,developer,True,2026-05-08,,https://app.gamesmap.uk/organisations/2b90c137-dcc7-4a31-a6fc-bc3ebe323b50/map/
Game Villes,17129117,games-company,False,developer,True,2026-03-31,,https://app.gamesmap.uk/organisations/5326900e-5e96-470b-ab74-a59960285061/map/
Gamewagon,08257389,service-company,True,,True,2012-10-17,,https://app.gamesmap.uk/organisations/d58503c8-8198-4a77-b71b-89d14bee4552/map/
Gameware Europe,04153583,games-company,False,developer,True,2001-02-05,,https://app.gamesmap.uk/organisations/7be03f5f-779c-400d-981b-8c49c0a1a186/map/
Gaming Factory,10370133,games-company,False,publisher,True,2016-09-12,,https://app.gamesmap.uk/organisations/e72560d3-64fb-46e1-b46d-289361879a9d/map/
Gamiqa Games,16574961,games-company,False,developer,True,2025-07-10,,https://app.gamesmap.uk/organisations/045ab839-d711-42c2-93d3-b91b1d487463/map/
Gamkat,09047435,games-company,False,developer,True,2014-05-20,,https://app.gamesmap.uk/organisations/c15b1f3b-0721-4881-9007-c0041b1443c9/map/
Gamoid,17185354,games-company,False,developer,True,2026-04-28,,https://app.gamesmap.uk/organisations/776a9155-3107-4f49-ba92-7f72a6159a3e/map/
Garden House Games,16623335,games-company,False,developer,True,2025-08-01,,https://app.gamesmap.uk/organisations/a694f42f-cf83-4cba-b5bd-c5365e5568a6/map/
Gargantuan Games,09216300,games-company,False,developer,True,2014-09-12,,https://app.gamesmap.uk/organisations/2c39fe9e-bf8e-401c-9769-6b4047de6599/map/
Garman Games,11390792,games-company,False,developer,True,2018-05-31,,https://app.gamesmap.uk/organisations/c3a86ffe-082f-4b7f-b7b8-f23b850bf1cd/map/
Garrod'S Games,10964438,games-company,False,developer,True,2017-09-14,,https://app.gamesmap.uk/organisations/1ab03f2c-e1c4-4805-84c8-f2e30d6e4365/map/
Garthwest,00827523,service-company,False,,True,1964-11-17,,https://app.gamesmap.uk/organisations/0d75fb3d-8f34-40d4-b7fb-1b521076e0f4/map/
Gary Chambers,04464975,games-company,False,developer,True,2002-06-19,,https://app.gamesmap.uk/organisations/8def44a3-17a0-47f2-adf5-272c45340cf6/map/
GATESHEAD COLLEGE,,academic-institution,False,,True,,,https://app.gamesmap.uk/organisations/0db60f14-cd83-4ac4-a63c-64e950c45ddb/map/
Gatorbloom Studios,17279384,games-company,False,developer,True,2026-06-17,,https://app.gamesmap.uk/organisations/d083e33e-a0ae-4213-a11a-a54f81847417/map/
Gaussian Games,13365774,games-company,False,developer,True,2021-04-29,,https://app.gamesmap.uk/organisations/f1a11784-1171-4a7d-9a23-6746e11dd64e/map/
Gaustic Games,16543572,games-company,False,developer,True,2025-06-26,,https://app.gamesmap.uk/organisations/b395b44d-aa5b-421a-a5d9-defe0258ed26/map/
Gazooky Studios (Immersive Storylab),11038106,games-company,False,developer,True,2017-10-30,,https://app.gamesmap.uk/organisations/4ea87a49-37a6-4ff6-b595-c34bad9ed6c0/map/
Gazzini Games,16886587,games-company,False,developer,True,2025-12-02,,https://app.gamesmap.uk/organisations/636a0d9c-2dd0-4bac-9d68-50001f1b5797/map/
Geek Beach,07064158,games-company,False,developer,True,2009-11-02,,https://app.gamesmap.uk/organisations/b12daa56-888e-40f5-a006-f9d714bcb793/map/
G.E.M (Grants Entertainment Management),17275950,games-company,False,developer,True,2026-06-17,,https://app.gamesmap.uk/organisations/33fecebd-96e3-4adc-8ef7-0dbc6f6222f7/map/
General & Medical Finance,02421641,service-company,False,,True,1989-09-11,,https://app.gamesmap.uk/organisations/918fce7a-d721-4359-a81e-82a0b96d8489/map/
Genesis Studios Corporation,16754186,games-company,False,developer,True,2025-09-30,,https://app.gamesmap.uk/organisations/ccb88d98-fb19-422f-9160-979865f81477/map/
Genfun Games,09683247,games-company,False,developer,True,2015-07-13,,https://app.gamesmap.uk/organisations/9c6e3268-404e-4b57-baae-b75b7c281a0b/map/
Gentlemen Of Science,09136034,games-company,False,developer,True,2014-07-17,,https://app.gamesmap.uk/organisations/95781194-6b35-4563-b62a-22c964fbed1e/map/
George Batchelor,10192092,games-company,False,developer,True,2016-05-20,,https://app.gamesmap.uk/organisations/814ffc7f-446b-45ef-b6df-18117be938ba/map/
Gesinimo Games,12296414,games-company,False,developer,True,2019-11-04,,https://app.gamesmap.uk/organisations/1fee0f56-c385-4fce-9634-0155b86e071b/map/
Get In,15692157,service-company,True,,True,2024-04-29,,https://app.gamesmap.uk/organisations/d12e4a4a-aa21-4d4c-ab1f-30eff252d590/map/
Gfinity,08232509,service-company,True,,True,2012-09-28,,https://app.gamesmap.uk/organisations/8fd5b689-2014-46cc-922f-2741b8977072/map/
Gh Asset Acquisitions,17056741,games-company,False,developer,True,2026-02-26,,https://app.gamesmap.uk/organisations/1a5e0b25-1349-46cf-a31c-f670b4ffe996/map/
Ghost Camp,SC849146,games-company,False,developer,True,2025-05-20,,https://app.gamesmap.uk/organisations/3641ec4e-0b6b-4c9d-bafd-cdd69cfca62d/map/
Ghostlight,05149762,games-company,False,developer,True,2004-06-09,,https://app.gamesmap.uk/organisations/6452c161-7086-49cc-8fd5-7a57b116717f/map/
Ghost Town Games,09475459,games-company,False,developer,True,2015-03-06,,https://app.gamesmap.uk/organisations/3195c7e0-71fc-41e7-8414-c1b292742743/map/
Giant Gecko,11743002,games-company,False,developer,True,2018-12-28,,https://app.gamesmap.uk/organisations/a3940c7d-cc9d-4c62-b73c-9d7f0c7b869e/map/
Giant Pixel,14043302,games-company,False,developer,True,2022-04-12,,https://app.gamesmap.uk/organisations/2a6bc964-6472-4004-951d-43241320339f/map/
Gigabyte Solutions,03078540,games-company,False,developer,True,1995-07-11,,https://app.gamesmap.uk/organisations/89796c6f-212a-4a84-a542-f0773954a6f9/map/
Gilded Games,16627875,games-company,False,developer,True,2025-08-04,,https://app.gamesmap.uk/organisations/9f102473-af50-4873-9788-34374158f907/map/
Gimmebreak,09884464,games-company,False,developer,True,2015-11-23,,https://app.gamesmap.uk/organisations/0f549456-1dfc-451b-ba7e-4013d9a6dc3d/map/
Ginormous Solutions,09428763,games-company,False,developer,True,2015-02-09,,https://app.gamesmap.uk/organisations/8341c289-36e5-462e-848a-e5a5915cb37d/map/
Gismart,10152488,games-company,False,developer,True,2016-04-28,,https://app.gamesmap.uk/organisations/cc031347-dd63-4b18-b78d-82f9ff11dc1c/map/
GLASGOW CALEDONIAN UNIVERSITY,,academic-institution,False,,True,,,https://app.gamesmap.uk/organisations/a259f331-aee6-418f-aa16-53a0616f6d7f/map/
GLASGOW SCHOOL OF ART.,,academic-institution,False,,True,,,https://app.gamesmap.uk/organisations/0f1d2bf8-5d43-410c-846f-7c8c0398177d/map/
Glintspire Games,16684964,games-company,False,developer,True,2025-09-01,,https://app.gamesmap.uk/organisations/09acfe1d-05e0-4ae4-93f7-b9d3528d3162/map/
Glitchers,08683349,games-company,True,developer,True,2013-09-10,,https://app.gamesmap.uk/organisations/4d25eef8-29c4-4ad1-b9ef-1bec50a056ff/map/
Glitch Games,07926093,games-company,False,developer,True,2012-01-27,,https://app.gamesmap.uk/organisations/2797c5bd-f24a-4362-8a71-0fb2ffeec8b2/map/
Global Empire Soft,07075653,games-company,False,developer,True,2009-11-13,,https://app.gamesmap.uk/organisations/e0cbcf4f-a38a-4853-ae48-5c2cbb9e6164/map/
Globalgreenland Transact,16258197,games-company,False,developer,True,2025-02-17,,https://app.gamesmap.uk/organisations/c2dc058d-d9c4-4a3b-ba41-c10c6960ef60/map/
Global Media & Entertainment,06251684,service-company,True,,True,2007-05-18,,https://app.gamesmap.uk/organisations/848c08c0-90a3-45f0-949f-19c2fe46e29a/map/
Globalstep,11604559,service-company,True,,True,2018-10-04,,https://app.gamesmap.uk/organisations/dffabf27-fc40-482d-9b2a-2cc8b9f1c0e1/map/
Glory House Games,07265192,games-company,False,developer,True,2010-05-26,,https://app.gamesmap.uk/organisations/40157c2f-2b98-4db0-bd69-669d12631989/map/
Glowing Eye Games,07077804,games-company,False,developer,True,2009-11-16,,https://app.gamesmap.uk/organisations/26a17d2f-807f-4f96-bc79-f31e6107e4f7/map/
Glowmade,09655330,games-company,False,developer,True,2015-06-24,,https://app.gamesmap.uk/organisations/878a8de5-fe51-446b-83f5-c3573e0d22e2/map/
GLYNDWR UNIVERSITY,,academic-institution,False,,True,,,https://app.gamesmap.uk/organisations/463c9823-64e7-46d6-9bd3-a1529cfcdfac/map/
Gmax Games,17337338,games-company,False,developer,True,2026-07-13,,https://app.gamesmap.uk/organisations/3ed1b5dc-1df5-4a86-b72e-f534e7e511ef/map/
Gmg Label,09152175,games-company,False,publisher,True,2014-07-29,,https://app.gamesmap.uk/organisations/0409f2e7-567c-4ae1-8ec9-30325f812753/map/
Gnarled Hand Interactive,16420474,games-company,False,developer,True,2025-04-30,,https://app.gamesmap.uk/organisations/f2cf6b40-7c20-4fd4-8687-7a24d3ee63f1/map/
Go 4 It Entertainment,14632186,games-company,False,developer,True,2023-02-01,,https://app.gamesmap.uk/organisations/906ae781-a54e-47ce-a517-2e00ce1e2494/map/
Goat Frog Games,16928141,games-company,False,developer,True,2025-12-23,,https://app.gamesmap.uk/organisations/fab58866-3b10-41f4-a314-c15864d49409/map/
Goblin Tribe Games,16529063,games-company,False,developer,True,2025-06-19,,https://app.gamesmap.uk/organisations/8be4d422-accb-4ccf-86d8-5d694e46c6bd/map/
Godmode International,14215972,games-company,False,developer,True,2022-07-05,,https://app.gamesmap.uk/organisations/432e43cd-930c-42a5-a9e3-af5556de2044/map/
Go Dream,16353075,games-company,False,developer,True,2025-03-31,,https://app.gamesmap.uk/organisations/9447e2e0-acdb-4dc3-a002-f44fb3401ab6/map/
Gokraft Games,16976863,games-company,False,developer,True,2026-01-21,,https://app.gamesmap.uk/organisations/a922fb61-5608-4cc8-a08c-7ace674d1242/map/
Goldborough Studio,07961790,games-company,True,developer,True,2012-02-23,,https://app.gamesmap.uk/organisations/2ad963a2-2c2c-4520-ab52-2ca32c86bb27/map/
Golden Shark Technology Network,16387493,games-company,False,developer,True,2025-04-15,,https://app.gamesmap.uk/organisations/080980d7-e3d3-4a90-8433-a57c9653f23a/map/
Goldhawk Interactive,07671967,games-company,False,developer,True,2011-06-16,,https://app.gamesmap.uk/organisations/a00510f2-c7ef-4e8b-b37f-80645261c582/map/
"Goldsmiths, University of London",,academic-institution,False,,True,,,https://app.gamesmap.uk/organisations/7b6a33a0-ab0a-415d-8a59-89800a962f9a/map/
Golem Games,17195821,games-company,False,developer,True,2026-05-01,,https://app.gamesmap.uk/organisations/abf4c3bb-4dac-41a8-b449-9b1d99556f28/map/
Goodenough Creative,09683616,games-company,False,developer,True,2015-07-13,,https://app.gamesmap.uk/organisations/c90509da-7bb7-45f5-8a9f-467b19e42369/map/
Good Enough Games,NI733172,games-company,False,developer,True,2025-09-10,,https://app.gamesmap.uk/organisations/f3355fac-3858-4041-8a0b-93a58dc439a9/map/
Good Gate Media,11507666,games-company,False,developer,True,2018-08-09,,https://app.gamesmap.uk/organisations/918ad469-72f1-4898-b09f-477c3aa8bb34/map/
Good Place Ideas,08928069,service-company,True,,True,2014-03-07,,https://app.gamesmap.uk/organisations/5a0f3483-0304-46aa-89b5-269445e6dbfb/map/
Good Sport Games,09942847,games-company,False,developer,True,2016-01-08,,https://app.gamesmap.uk/organisations/da54bd05-d6a2-41ac-bd39-547088185ded/map/
Good Thinking Games,12194251,games-company,False,developer,True,2019-09-06,,https://app.gamesmap.uk/organisations/f6509021-50b0-4095-ac2b-bbeb1fc24a54/map/
Gorovoy,16559296,games-company,False,developer,True,2025-07-03,,https://app.gamesmap.uk/organisations/87514c05-7c70-460b-9380-789fd7e4b020/map/
Gory Detail,08203361,games-company,False,developer,True,2012-09-05,,https://app.gamesmap.uk/organisations/04fe4fe5-2e0b-4ae5-a16d-9afa51ffde57/map/
Go Testify,NI636713,service-company,False,developer,True,2016-02-26,,https://app.gamesmap.uk/organisations/2edbd0b9-5ad0-4aef-9490-78dbf0b2efe3/map/
Gradalis,17188068,games-company,False,developer,True,2026-04-29,,https://app.gamesmap.uk/organisations/30a3731c-e107-4d8a-8200-995ed9d2b35e/map/
Grambo,12434385,games-company,False,developer,True,2020-01-30,,https://app.gamesmap.uk/organisations/c177ba2f-37e3-4a31-8850-23fe8384fc2a/map/
Gram Games,10276324,games-company,True,developer,True,2016-07-13,,https://app.gamesmap.uk/organisations/1575f139-a4b8-4ead-8e01-e2957e1cfdc5/map/
Grand-Attic,14356114,games-company,False,developer; publisher,True,2022-09-14,,https://app.gamesmap.uk/organisations/1aca296e-24a6-44b0-bc1c-baba46baf40d/map/
Grand Cake Games,16751963,games-company,False,developer,True,2025-09-30,,https://app.gamesmap.uk/organisations/da2bc3ef-7097-4e0f-9a18-c13d34de93ae/map/
Grand Channel Gb Entertainment,12212975,games-company,False,developer,True,2019-09-18,,https://app.gamesmap.uk/organisations/9a380e07-0ac7-41e7-bb80-01c82b6dec77/map/
Grass Grown Games,16520928,games-company,False,developer,True,2025-06-16,,https://app.gamesmap.uk/organisations/365736c8-d295-42c3-b435-b4ca61f3db54/map/
Grave Mistake Games,13712397,games-company,False,developer,True,2021-10-29,,https://app.gamesmap.uk/organisations/9873e398-4d05-4e1d-b6d8-f5eed1aa823c/map/
Gravity Sketch,09228527,games-company,False,developer,True,2014-09-22,,https://app.gamesmap.uk/organisations/a74af764-79dd-4508-bb2c-6c8a7989302e/map/
Gray Games,11267914,games-company,False,developer,True,2018-03-21,,https://app.gamesmap.uk/organisations/2631c2c7-06d6-4536-bc22-e21aca1091dd/map/
Grays Games,11479982,games-company,False,developer,True,2018-07-24,,https://app.gamesmap.uk/organisations/52fa9639-842d-4868-b31b-3081d1635d56/map/
Great Ape Games,08145835,games-company,False,developer,True,2012-07-17,,https://app.gamesmap.uk/organisations/d4e2ce30-8d6c-4006-a550-c5ffaaedd208/map/
Great Fire Of London Trail Game App,11977691,games-company,False,developer,True,2019-05-03,,https://app.gamesmap.uk/organisations/4fcde217-a0a3-43cb-be7c-76eaec7b7447/map/
Great Scott Games,07359188,games-company,False,developer,True,2010-08-27,,https://app.gamesmap.uk/organisations/d4bf8cdb-4627-4061-a6eb-5dffb46e9f2b/map/
Green Door Games,17189094,games-company,False,developer,True,2026-04-29,,https://app.gamesmap.uk/organisations/9a6875b0-11b2-4d15-bf94-cb4951e4b1d4/map/
Green Door Media,12411906,games-company,False,developer,True,2020-01-20,,https://app.gamesmap.uk/organisations/44180205-1b20-4cab-b18c-2d72d77f236b/map/
Greenlight Games,08911157,games-company,False,developer,True,2014-02-25,,https://app.gamesmap.uk/organisations/87d7de0b-4191-449c-a140-a6252ff92ad8/map/
Green Man Gaming,05271628,games-company,True,publisher,True,2004-10-27,,https://app.gamesmap.uk/organisations/60be4591-677d-4af8-a81e-ac95fdaf3130/map/
Gregarious Games,11775547,games-company,False,developer,True,2019-01-18,,https://app.gamesmap.uk/organisations/50152b59-715d-49d4-978a-1bb098110fc9/map/
Grey Area Games,16635721,games-company,False,developer,True,2025-08-07,,https://app.gamesmap.uk/organisations/4580f528-e3a6-464f-952f-3a4e9d55943d/map/
Grey Tie Deer Studios,SC690113,games-company,False,developer,True,2021-02-23,,https://app.gamesmap.uk/organisations/74de04ad-b9e8-4b23-8fe2-4e391515fbf0/map/
Grilling Games,17289505,games-company,False,developer,True,2026-06-20,,https://app.gamesmap.uk/organisations/86657cee-3a09-416b-8534-8ab064b7d6fa/map/
Grinding Crow Games,16379444,games-company,False,developer,True,2025-04-10,,https://app.gamesmap.uk/organisations/ae172878-d019-4033-af14-fa6eb60e7389/map/
Gritmaniacs,10461473,games-company,False,developer,True,2016-11-03,,https://app.gamesmap.uk/organisations/79ec9204-32f9-4045-a655-10f261ac715b/map/
Gritstone Games,13128017,games-company,False,developer,True,2021-01-12,,https://app.gamesmap.uk/organisations/22105a2a-90ee-43d3-9ada-6334c360433d/map/
Groschevaux,12312254,games-company,True,developer,True,2019-11-13,,https://app.gamesmap.uk/organisations/f47733d2-a45d-4168-a29f-71b82c531ba4/map/
Grosvenor Games,06769604,games-company,False,developer,True,2008-12-09,,https://app.gamesmap.uk/organisations/a95d74fd-c3f9-4327-966c-fb324772853b/map/
Ground Shatter,09055065,games-company,True,developer,True,2014-05-23,,https://app.gamesmap.uk/organisations/bfda33ed-8097-45f8-8092-f33135979ac2/map/
Grove Game Studios,16276465,games-company,False,developer,True,2025-02-25,,https://app.gamesmap.uk/organisations/2521557b-0019-4988-9e72-8ab01fff072b/map/
Grozner Games,17078436,games-company,False,developer,True,2026-03-09,,https://app.gamesmap.uk/organisations/7ccc5448-1c44-424a-baad-a225c665c037/map/
Grumpy Ferret,07463082,games-company,False,developer,True,2010-12-07,,https://app.gamesmap.uk/organisations/646cd16e-685c-4ee7-8cff-c09451e1443c/map/
Grumpy Rhino Games,09650330,games-company,False,developer,True,2015-06-22,,https://app.gamesmap.uk/organisations/436ce915-1f6d-436f-9dce-8785e80f0551/map/
Coleg Llandrillo,,academic-institution,False,,True,,,https://app.gamesmap.uk/organisations/eb32b583-a447-48ee-ada9-8923683f49c8/map/
Gsproductions,08519488,games-company,False,developer,True,2013-05-08,,https://app.gamesmap.uk/organisations/3b9707c2-e72f-417b-8487-303b56a98ec2/map/
Guardians Entertainment,11972757,games-company,False,developer,True,2019-05-01,,https://app.gamesmap.uk/organisations/66338b97-e8e5-4abe-8788-0b87c313ef4d/map/
Gumption Games,17059241,games-company,False,developer,True,2026-02-27,,https://app.gamesmap.uk/organisations/81332a02-865f-4de1-8577-b4a2fc806ef9/map/
Gunfish Games,12221341,games-company,False,developer,True,2019-09-23,,https://app.gamesmap.uk/organisations/2d4adf88-8db3-4f65-bbc3-2cd640c18a7b/map/
Guru Games,17303559,games-company,False,developer,True,2026-06-26,,https://app.gamesmap.uk/organisations/9225551c-2bbc-4200-9896-13393d34fb90/map/
H23,12038473,games-company,False,developer,True,2019-06-07,,https://app.gamesmap.uk/organisations/bf48e923-837f-408c-ab02-79f0d00bed97/map/
Hacker & Co.,09581858,games-company,False,publisher,True,2015-05-08,,https://app.gamesmap.uk/organisations/fc5beb9a-b164-4c70-a52b-6f92c46a8db0/map/
Hades Games,11578321,games-company,False,developer,True,2018-09-19,,https://app.gamesmap.uk/organisations/9cca3ef9-7f0f-4d23-924b-68930ff9f6bd/map/
Halcyon Dynamics,08678402,games-company,False,developer,True,2013-09-05,,https://app.gamesmap.uk/organisations/20c0426f-4cda-4bd7-8944-d6e7b61614be/map/
Halcyon Palace,11078399,games-company,False,developer,True,2017-11-23,,https://app.gamesmap.uk/organisations/eae2098f-a556-47da-85f3-05681f5436a0/map/
Half Moon Studios,14412492,games-company,False,developer,True,2022-10-11,,https://app.gamesmap.uk/organisations/8e1278ad-bb4d-44bd-8b6a-d41a44cef5bd/map/
Hallowgate Studios,SC890985,games-company,False,developer,True,2026-05-27,,https://app.gamesmap.uk/organisations/ae6bb4b1-5542-4a04-970c-32ffb2f129ae/map/
Halooda Games,16147967,games-company,False,developer,True,2024-12-21,,https://app.gamesmap.uk/organisations/b1350b8e-f284-4730-9526-9c9fae69b293/map/
Hamlins,OC314426,service-company,False,,True,2005-07-26,,https://app.gamesmap.uk/organisations/43a51ccd-4a6f-49d7-b200-52a8f3e51cee/map/
Hammerhead Interactive,08963806,games-company,False,developer,True,2014-03-27,,https://app.gamesmap.uk/organisations/3254b929-00db-4ba4-9ec2-83e56ec5676c/map/
Hanako,09456346,games-company,False,developer,True,2015-02-24,,https://app.gamesmap.uk/organisations/c81fddfa-6adb-4fc1-bc9b-ec97e3e72acf/map/
Handcircus,06610112,games-company,False,developer,True,2008-06-03,,https://app.gamesmap.uk/organisations/92a9b5fb-8c96-49ae-a334-ff9f4a79590b/map/
Handprint Games,SC537300,games-company,False,developer,True,2016-06-07,,https://app.gamesmap.uk/organisations/61dd3b90-5b82-4cf9-8ba3-fe8263198b50/map/
Hangar 13,11196144,games-company,True,developer,True,2018-02-08,,https://app.gamesmap.uk/organisations/f3468a36-2c2c-4cc7-ab09-3ba147da2963/map/
Hangry Animals,14487160,games-company,False,developer,True,2022-11-16,,https://app.gamesmap.uk/organisations/c5bede2e-a5cb-4f60-84b7-2096e741336c/map/
Happybyte Games,17181359,games-company,False,developer,True,2026-04-27,,https://app.gamesmap.uk/organisations/257810c9-be5e-48d1-b16b-3556c1d782db/map/
Happy Cactus Games,12104036,games-company,False,developer,True,2019-07-15,,https://app.gamesmap.uk/organisations/133575f8-9a2f-4842-9d01-788c0d6d61b2/map/
Happy Giraffe Games,16114390,games-company,False,developer,True,2024-12-03,,https://app.gamesmap.uk/organisations/aff67772-11d4-4778-ad7d-0705e60a3ebe/map/
Happylander,07491464,games-company,False,developer,True,2011-01-13,,https://app.gamesmap.uk/organisations/f05d27ec-c415-40d3-8190-b2eb02ed83bb/map/
Happy Otter Games,09411698,games-company,False,developer,True,2015-01-28,,https://app.gamesmap.uk/organisations/0d0a3944-6b28-495f-ab15-e90768aa4df6/map/
Happy Sheep Studios,17010904,games-company,False,developer,True,2026-02-03,,https://app.gamesmap.uk/organisations/b8b0213d-4182-41ad-9af1-fe4a6bd419d3/map/
Harbottle & Lewis,OC304954,service-company,True,,True,2003-06-26,,https://app.gamesmap.uk/organisations/56cf1517-eba4-4e02-b01a-05b6c70d395a/map/
Harbourstone Studios,16636763,games-company,False,developer,True,2025-08-07,,https://app.gamesmap.uk/organisations/f948b32c-b3ef-4dab-a4a3-9a06073aee51/map/
Hardwired Studios,11554391,games-company,False,developer,True,2018-09-05,,https://app.gamesmap.uk/organisations/e8f66719-56e9-44e2-b6e1-d8b9297e8b73/map/
Hartec Technologies,10485747,games-company,False,developer,True,2016-11-18,,https://app.gamesmap.uk/organisations/ce9d1b4b-2be1-4524-844a-35838406bf6c/map/
Haru Studios,11507324,games-company,False,developer,True,2018-08-08,,https://app.gamesmap.uk/organisations/96c7ff4c-cdb5-47e4-b52a-f625f539c956/map/
Hasbeen Games,16502793,games-company,False,developer,True,2025-06-07,,https://app.gamesmap.uk/organisations/4929f6ea-1a24-4658-83d5-d69ab3002e0c/map/
Hausebane,16792103,games-company,False,developer,True,2025-10-17,,https://app.gamesmap.uk/organisations/4923f025-f128-43e3-bb9e-357e82677c43/map/
Have And Share,12691080,games-company,False,developer,True,2020-06-23,,https://app.gamesmap.uk/organisations/13aa3d04-8c82-4146-b9dd-04c72031c09f/map/
Hazberg Studios,14642263,games-company,False,developer,True,2023-02-06,,https://app.gamesmap.uk/organisations/1cea5e43-b5fa-4525-a6c3-a6218695f5d9/map/
Hazypix Studios,16603014,games-company,False,developer,True,2025-07-23,,https://app.gamesmap.uk/organisations/b61d878e-c6be-4b2c-9887-4a831a50d963/map/
Head Empty Studios,14423048,games-company,False,developer,True,2022-10-17,,https://app.gamesmap.uk/organisations/aa9d80f5-d9eb-4d87-87bd-2dc1fc866cfb/map/
Head Shot Mofo,12430444,games-company,False,developer,True,2020-01-28,,https://app.gamesmap.uk/organisations/af97add0-f024-4f25-9da7-62105a451999/map/
Head Tilt Games,12354759,games-company,False,developer,True,2019-12-09,,https://app.gamesmap.uk/organisations/8c13e114-21b4-4d21-94ef-db72c92ffa84/map/
Headware Games,14515481,games-company,False,developer,True,2022-11-30,,https://app.gamesmap.uk/organisations/b48514c4-3650-4008-9030-f0fa3b527b24/map/
Hearth Moon Games,16258567,games-company,False,developer,True,2025-02-18,,https://app.gamesmap.uk/organisations/9f44abf5-888c-427d-93f7-79f5f0667d27/map/
Hearthwick Games,17283209,games-company,False,developer,True,2026-06-18,,https://app.gamesmap.uk/organisations/f90a5b1b-05e2-4a83-8c1e-effa3c7a6513/map/
HEART OF WORCESTERSHIRE COLLEGE,,academic-institution,False,,True,,,https://app.gamesmap.uk/organisations/cd6e4a52-a205-42b0-84fa-faf65633c7fa/map/
Heavy Spectrum,07875186,games-company,False,developer,True,2011-12-08,,https://app.gamesmap.uk/organisations/0dd5e42c-d620-47e1-a016-12a095c59611/map/
Hefty Games,SC712940,games-company,False,developer,True,2021-10-22,,https://app.gamesmap.uk/organisations/affb9db9-13b0-4622-962c-bab4d44698ac/map/
Heid Games,13958478,games-company,False,developer,True,2022-03-06,,https://app.gamesmap.uk/organisations/dc28853c-f064-49e7-9546-318a230e6046/map/
Hello Developments,10560747,games-company,False,developer,True,2017-01-12,,https://app.gamesmap.uk/organisations/ad43a257-5631-4596-a8e5-e12d5b27300f/map/
Hello Games,06663645,games-company,True,developer,True,2008-08-04,,https://app.gamesmap.uk/organisations/08d67d51-5d06-4855-9dc7-99bce4d04cce/map/
Hello Games Publishing,16142914,games-company,False,developer,True,2024-12-18,,https://app.gamesmap.uk/organisations/dd960824-072d-47c4-b2cd-c694b02dcb13/map/
Hell Tap Entertainment,09168366,games-company,False,developer,True,2014-08-08,,https://app.gamesmap.uk/organisations/1653d195-7479-41d1-99d6-9b0789c75100/map/
Helmsong,16311117,games-company,False,developer,True,2025-03-12,,https://app.gamesmap.uk/organisations/c89c002b-c68c-4324-99a8-df5851860e08/map/
Hemi,06251318,games-company,False,developer,True,2007-05-17,,https://app.gamesmap.uk/organisations/93cfc24c-5bca-406b-a779-0174b8652269/map/
Heretical Studios,14054913,games-company,False,developer,True,2022-04-19,,https://app.gamesmap.uk/organisations/a7b69d31-4ccc-4888-b31b-0a8efa29fbb5/map/
HERIOT-WATT UNIVERSITY,,academic-institution,False,,True,,,https://app.gamesmap.uk/organisations/c69622de-36f1-48e9-948a-e29193a41dd4/map/
Heritage Interactive,07121549,games-company,False,developer,True,2010-01-11,,https://app.gamesmap.uk/organisations/0e8a9fb2-9483-4f6d-995f-2e3208d25619/map/
Herocraft,08494604,games-company,False,developer,True,2013-04-18,,https://app.gamesmap.uk/organisations/7e023147-f0df-4adc-acbd-fe85739b5d7d/map/
Heron Games,17012828,games-company,False,developer,True,2026-02-04,,https://app.gamesmap.uk/organisations/1387c694-7345-49bc-9262-c4cde18f0930/map/
He Rose Studios,16965923,games-company,False,developer,True,2026-01-15,,https://app.gamesmap.uk/organisations/ced2e743-65c9-425f-8035-c907d670f49e/map/
HERTFORD REGIONAL COLLEGE,,academic-institution,False,,True,,,https://app.gamesmap.uk/organisations/8e6e32b7-80a7-446d-a3cc-14a766e6b75b/map/
Hertzian,09753777,service-company,True,,True,2015-08-28,,https://app.gamesmap.uk/organisations/95e27a19-5d88-4c16-9dbd-3b1c06bacb2c/map/
Hesketh Studios,09232261,games-company,False,developer,True,2014-09-23,,https://app.gamesmap.uk/organisations/d3568f62-7718-4233-aedc-15c5b57a9283/map/
Hewham,17135922,games-company,False,developer,True,2026-04-02,,https://app.gamesmap.uk/organisations/f6864746-111a-4322-8af6-3a55eb6deb57/map/
Hextave Games,16954396,games-company,False,developer,True,2026-01-10,,https://app.gamesmap.uk/organisations/ea62d46b-8587-4cc6-a15c-2cd1a35efeb8/map/
Hexterion,SC579289,games-company,False,developer,True,2017-10-18,,https://app.gamesmap.uk/organisations/afb03606-dfaf-43d9-8c9a-4e0c66184021/map/
Hexwar Games,SC493539,games-company,False,developer,True,2014-12-16,,https://app.gamesmap.uk/organisations/fdc3a0ce-5076-4d92-846f-3ae7679c94f8/map/
Heydanthomas,14608322,service-company,True,,True,2023-01-21,,https://app.gamesmap.uk/organisations/3c174307-bfa4-4e42-b772-0b6ce8de9fbf/map/
Hibiki Entertainment,11462598,games-company,False,developer,True,2018-07-13,,https://app.gamesmap.uk/organisations/7500fd6f-96be-43d9-b02c-b832b2147781/map/
Hidden Spark Studios,16960107,games-company,False,developer,True,2026-01-13,,https://app.gamesmap.uk/organisations/c33b63d0-f8a7-499e-b2c9-819cdffdd58d/map/
Hidden Studios,17262740,games-company,False,developer,True,2026-06-04,,https://app.gamesmap.uk/organisations/7f739b95-56a1-4846-87be-25888d95c1ac/map/
Highbury Games,14640858,games-company,False,developer,True,2023-02-06,,https://app.gamesmap.uk/organisations/1d1753f3-dfe1-4696-a8fd-56b1e6a12c49/map/
High Scream Games,07934295,games-company,False,developer,True,2012-02-02,,https://app.gamesmap.uk/organisations/481a8ec9-808f-4cc0-b7fd-2e259907d0fc/map/
High Tea Frog,10938482,games-company,False,developer,True,2017-08-30,,https://app.gamesmap.uk/organisations/887181bc-7eae-47c9-944f-30665f578004/map/
Highwayman Games,11420821,games-company,False,developer,True,2018-06-18,,https://app.gamesmap.uk/organisations/4682bec8-99da-4b30-9717-25ce6b78459a/map/
Hiro Capital I,OC425586,service-company,True,,True,2019-01-14,,https://app.gamesmap.uk/organisations/a7a8b5a6-d788-4c9b-a1d4-28368a560787/map/
Hive Games,08451891,games-company,False,developer,True,2013-03-19,,https://app.gamesmap.uk/organisations/b00f1d56-6728-4f6c-bb8a-d8e6cf5c6e2b/map/
Hoel Studios,17245638,games-company,False,developer,True,2026-05-27,,https://app.gamesmap.uk/organisations/8e2b71df-c1aa-4ad9-b28d-5150e542e487/map/
Hoguk,12852575,games-company,False,developer,True,2020-09-02,,https://app.gamesmap.uk/organisations/e973d7ff-0281-4ae1-8fd8-3fc53ce3b791/map/
Hole In The Sleeve Game Studios,13157084,games-company,False,developer,True,2021-01-25,,https://app.gamesmap.uk/organisations/3abccd74-24ca-4bd8-b618-d581d6cc2488/map/
Hollow Crown Games,17301818,games-company,False,developer,True,2026-06-25,,https://app.gamesmap.uk/organisations/c5f40a50-04b3-4310-b898-4bc61e6bc8f6/map/
Hollow Ponds Games Development,10818950,games-company,False,developer,True,2017-06-14,,https://app.gamesmap.uk/organisations/56310084-7099-46c2-9ae8-c78f3f3cbe69/map/
Hollow Ponds Games,09686235,games-company,False,developer,True,2015-07-14,,https://app.gamesmap.uk/organisations/cfc5dd9a-0ae0-4129-aeb2-2a1cce7f9dc2/map/
Hologram Software,09387980,games-company,False,developer,True,2015-01-14,,https://app.gamesmap.uk/organisations/dcdb4232-e97b-4c1c-9a36-6391d6f45a93/map/
Holy Studios,17230667,games-company,False,developer,True,2026-05-19,,https://app.gamesmap.uk/organisations/0fdc2a69-5803-4e29-a104-ef27cad91653/map/
Honey Badger Studios,07616717,games-company,False,developer,True,2011-04-27,,https://app.gamesmap.uk/organisations/f2306336-4cc9-4dd6-bee2-dd1087aa05ac/map/
Honeyslug,06616206,games-company,False,developer,True,2008-06-11,,https://app.gamesmap.uk/organisations/6bee31f1-d8e4-4cbe-b709-63db0f973479/map/
Hooked Entertainment,13414750,games-company,False,developer,True,2021-05-24,,https://app.gamesmap.uk/organisations/84acd60b-2e7e-4fce-90ef-c5ac873c75c9/map/
Hook Games,16229997,games-company,False,developer,True,2025-02-05,,https://app.gamesmap.uk/organisations/7dff40f0-7235-418c-a179-09a704f2b123/map/
Hoondahl Studios,16496725,games-company,False,developer,True,2025-06-04,,https://app.gamesmap.uk/organisations/cd7bb262-adf1-4450-9e79-be592fda6c27/map/
Hoopoe Games,14066770,games-company,False,developer,True,2022-04-25,,https://app.gamesmap.uk/organisations/e7277442-84c8-4e85-84ff-5572057313e9/map/
HOPWOOD HALL COLLEGE,,academic-institution,False,,True,,,https://app.gamesmap.uk/organisations/f0f2d72c-1d37-483d-ada9-358c843185c2/map/
Hot Coffee Games,12577083,games-company,False,developer,True,2020-04-29,,https://app.gamesmap.uk/organisations/2ce3bcbb-b29a-485f-82bf-f79907739fb2/map/
Hot Mess Games,09871894,games-company,False,developer,True,2015-11-13,,https://app.gamesmap.uk/organisations/de63d57e-68e0-4726-822b-45801a41343c/map/
Hotovo,10487062,games-company,False,developer,True,2016-11-18,,https://app.gamesmap.uk/organisations/d0596985-281a-4997-b747-a1e0d4a8787e/map/
Hot Source Games,07099164,games-company,False,developer,True,2009-12-09,,https://app.gamesmap.uk/organisations/489e0ffe-a423-4263-a773-49a69accd1d3/map/
House Of Wire,09844126,games-company,False,developer,True,2015-10-27,,https://app.gamesmap.uk/organisations/427e43b9-c26d-46b7-922a-23bd599333f4/map/
Hoy Consulting,05989691,games-company,False,developer,True,2006-11-06,,https://app.gamesmap.uk/organisations/3656863f-6db7-412f-bd1f-9275b55c0514/map/
Hoyster Games,16505021,games-company,False,developer,True,2025-06-09,,https://app.gamesmap.uk/organisations/6792c9d1-0eed-400a-a1d4-305317d83177/map/
Hugecalf Studios,10475435,games-company,False,developer,True,2016-11-11,,https://app.gamesmap.uk/organisations/7b5e0e3c-2509-4cb3-9b02-5d8af8a9c7d6/map/
HUGH BAIRD COLLEGE,,academic-institution,False,,True,,,https://app.gamesmap.uk/organisations/d4d1471a-2658-4af8-9310-55447af73506/map/
Hull College Group,,academic-institution,False,,True,,,https://app.gamesmap.uk/organisations/6320cd7f-1019-4f6f-89c3-37a20a3e3ebf/map/
Humain,NI638801,service-company,True,,True,2016-06-01,,https://app.gamesmap.uk/organisations/26884e69-fe37-4e76-ba8b-26516c7914c3/map/
Hundred Star Games,14678459,games-company,False,developer,True,2023-02-21,,https://app.gamesmap.uk/organisations/f6f4e96b-bddc-403c-84b1-bfc48ef698ca/map/
Hungry Billy,13579110,games-company,True,developer,True,2021-08-23,,https://app.gamesmap.uk/organisations/d1aa08b6-e851-4408-9096-3fbaf74fb9db/map/
Hunted Cow Studios,SC262870,games-company,False,developer,True,2004-02-03,,https://app.gamesmap.uk/organisations/ba204a8c-5ca3-4e2e-bb1c-265861e05523/map/
Hu Sports,16154602,games-company,False,developer,True,2024-12-30,,https://app.gamesmap.uk/organisations/308fa993-f234-441d-8772-cb695eb448e4/map/
Hutch Games,07692393,games-company,True,developer; publisher,True,2011-07-04,,https://app.gamesmap.uk/organisations/d6ef2da3-7e1c-48a0-bc21-c7b5d38b2ab3/map/
Hybrid Touch Games,08580570,games-company,False,developer,True,2013-06-24,,https://app.gamesmap.uk/organisations/234ae028-0e2b-4bbf-8ef9-bab4853cdb82/map/
Hyper Elixir,13715114,games-company,False,developer,True,2021-11-01,,https://app.gamesmap.uk/organisations/c9dbfcad-4804-43f1-be66-41da2ad0ffa7/map/
Hyperfocus Games,SC766583,games-company,False,developer,True,2023-04-19,,https://app.gamesmap.uk/organisations/87436946-b213-46f4-bedf-874e8cdd467e/map/
Hyperjoy Games,17273229,games-company,False,developer,True,2026-06-10,,https://app.gamesmap.uk/organisations/46256818-ee05-48e7-9b1d-230053aad850/map/
Hyperleaf Games,16744581,games-company,False,developer,True,2025-09-26,,https://app.gamesmap.uk/organisations/80f1ab35-855e-4ac6-9305-0ef6ea879044/map/
Hyperlite Studios,11672717,games-company,False,developer,True,2018-11-12,,https://app.gamesmap.uk/organisations/2d8870e2-56c1-471e-9ea3-3689ccdcc667/map/
Hyper Luminal Games,SC479048,games-company,False,developer,True,2014-06-03,,https://app.gamesmap.uk/organisations/f07b4de0-1aa5-4830-944f-9cafa40297c9/map/
Hyperrealm Studios,16072796,games-company,False,developer,True,2024-11-11,,https://app.gamesmap.uk/organisations/c4e0905f-629c-4501-b7d8-814e61923d6c/map/
Hypersloth,08557173,games-company,False,developer,True,2013-06-05,,https://app.gamesmap.uk/organisations/723d6211-1af4-42d9-bf95-87408831a600/map/
Hyper Thetical Games,09197101,games-company,False,developer,True,2014-08-31,,https://app.gamesmap.uk/organisations/ce43b008-a0c4-41bf-b58a-efdab705ded9/map/
Hyssop Games,17336033,games-company,False,developer,True,2026-07-13,,https://app.gamesmap.uk/organisations/1904cc6c-f13c-4568-bc8b-a59e0ad0ecab/map/
I2 Games,17207139,games-company,False,developer,True,2026-05-08,,https://app.gamesmap.uk/organisations/345981aa-62e6-48ff-a57b-2eed5fb99c81/map/
Ian Hamilton Design & Consultancy,07955345,service-company,True,,True,2012-02-20,,https://app.gamesmap.uk/organisations/0f1ffb1d-348c-4fbe-a82f-e54a4cafe65d/map/
Ice Beam,SC500602,games-company,False,developer,True,2015-03-16,,https://app.gamesmap.uk/organisations/50c5bfd0-dec8-4145-9c12-3e47ae48282f/map/
Icebreaker,08949151,games-company,False,developer,True,2014-03-20,,https://app.gamesmap.uk/organisations/46ee83b3-fdfe-4316-9bf0-1e2d8795b409/map/
Iceni Studios,17183108,games-company,False,developer,True,2026-04-27,,https://app.gamesmap.uk/organisations/b40e1201-9ab4-4f2f-8c8c-bda3510eb53f/map/
Ichi,06910689,service-company,True,,True,2009-05-20,,https://app.gamesmap.uk/organisations/6be791ee-df32-4ae6-811f-50938c8a6e03/map/
Ichizoku Dream Games,16348444,games-company,False,developer,True,2025-03-27,,https://app.gamesmap.uk/organisations/a0e564f6-ad3e-4ac7-9cf2-133d56a6edea/map/
Iconical Creative,08145015,games-company,False,developer,True,2012-07-16,,https://app.gamesmap.uk/organisations/7acf9cb0-db9c-42dc-a869-ee645af10244/map/
Iconic Interactive,14755979,games-company,False,developer,True,2023-03-24,,https://app.gamesmap.uk/organisations/5fe4e4e2-6bd5-4435-b1fc-09dc0552f92c/map/
Idea Cabin,08441641,games-company,False,developer,True,2013-03-12,,https://app.gamesmap.uk/organisations/a89451ed-d7f3-4781-9f93-8a8022b7b2a2/map/
Ideal Games,17345419,games-company,False,developer,True,2026-07-17,,https://app.gamesmap.uk/organisations/fff5d063-1319-4325-92e9-671e4e6e44e5/map/
Idle Valley Games,16458970,games-company,False,developer,True,2025-05-19,,https://app.gamesmap.uk/organisations/d1750da7-d817-450f-8167-96741ca23f2a/map/
Idoz Games,13513448,games-company,False,developer,True,2021-07-15,,https://app.gamesmap.uk/organisations/c7599d50-a584-4728-88a4-b9e1652e2a30/map/
Igp Games,07570695,games-company,False,developer,True,2011-03-21,,https://app.gamesmap.uk/organisations/dde7301a-7493-4e7a-83ea-5c751c50a8d0/map/
Illegal Racing,11320922,games-company,False,developer,True,2018-04-20,,https://app.gamesmap.uk/organisations/e5478d5b-4afe-41f2-be41-3e2d001d5d18/map/
Illyriad Games,06969057,games-company,False,developer,True,2009-07-22,,https://app.gamesmap.uk/organisations/784f70dc-837d-4e95-8d8c-e45948acc32f/map/
Imagitech,03117065,games-company,False,developer,True,1995-10-23,,https://app.gamesmap.uk/organisations/e4c44805-5ad7-4e98-9e18-27c3350b1876/map/
Immersiv Games,16259341,games-company,False,developer,True,2025-02-18,,https://app.gamesmap.uk/organisations/d1859304-2915-43fa-b993-38a9ce8dc88a/map/
Immotion Studios,03958635,games-company,False,developer,True,2000-03-28,,https://app.gamesmap.uk/organisations/99f17791-1c8d-436a-9e48-9a057fa5aba3/map/
Imporium Studios,16087184,games-company,False,developer,True,2024-11-18,,https://app.gamesmap.uk/organisations/8386f6e2-93c0-4461-ad57-b2326f8428b4/map/
Imprnt Studios,14697718,games-company,False,developer,True,2023-03-01,,https://app.gamesmap.uk/organisations/d5b8e6ed-7080-4bd0-8236-642fbd8bfd96/map/
Incentive Games,SC624947,games-company,False,developer,True,2019-03-19,,https://app.gamesmap.uk/organisations/f355adc8-df5b-493f-9d13-50ab379e7cb1/map/
Included Games,12744067,games-company,True,developer,True,2020-07-15,,https://app.gamesmap.uk/organisations/fbaeb1e5-e94d-4144-87e6-7bd9c2964a09/map/
Inclusive People,15757196,service-company,True,,True,2024-06-03,,https://app.gamesmap.uk/organisations/cf703291-37c4-451a-b6df-77e31ed68138/map/
Independent Broadcasting Network,11498389,games-company,False,publisher,True,2018-08-03,,https://app.gamesmap.uk/organisations/31c4dc7a-a2b9-4434-bea0-af02aef7d8b9/map/
Independent By Design,09692801,service-company,True,,True,2015-07-20,,https://app.gamesmap.uk/organisations/3c104586-6928-41f7-81b9-0729f14b85d5/map/
Indiebox Studios,13761001,games-company,False,developer,True,2021-11-23,,https://app.gamesmap.uk/organisations/2816f35b-7ceb-447f-a864-0c7fa97cde4c/map/
Indie Champions,SC563751,games-company,True,developer,True,2017-04-20,,https://app.gamesmap.uk/organisations/960f4d4d-55db-4a92-b1c7-eb56c6337373/map/
Indiecore Studios,17308723,games-company,False,developer,True,2026-06-30,,https://app.gamesmap.uk/organisations/3cda64f9-7577-491e-a2dc-a20a0f464052/map/
Indie Holdings,10509820,service-company,True,,True,2016-12-05,,https://app.gamesmap.uk/organisations/8f7c11d8-5ede-4573-b3eb-52e7ab0da0bc/map/
Indie Mindtrick,16815551,games-company,False,developer,True,2025-10-28,,https://app.gamesmap.uk/organisations/729a1cd4-aa2d-43b4-8f16-71db70fd694d/map/
Indigo Pearl,04131547,service-company,True,,True,2000-12-21,,https://app.gamesmap.uk/organisations/054f4631-e905-46a6-80df-3e0dcf1c832a/map/
Industrial Octopus,14154519,games-company,False,developer,True,2022-06-07,,https://app.gamesmap.uk/organisations/a0980cb1-bee1-4c6b-a98d-bc65ecba4151/map/
Inertiasoft,05016371,games-company,False,developer,True,2004-01-15,,https://app.gamesmap.uk/organisations/a8c0d721-828f-4909-8e0c-74eba75feaaf/map/
Inexplicable Games,10751658,games-company,False,developer,True,2017-05-03,,https://app.gamesmap.uk/organisations/fa023a48-3a04-4502-8b4c-bb54b274bc49/map/
Infernal Eye Studios,17050057,games-company,False,developer,True,2026-02-24,,https://app.gamesmap.uk/organisations/7f3a7ebd-96db-4b64-aa38-dda8310d1dfc/map/
Inferno Studios,15339010,games-company,True,developer,True,2023-12-09,,https://app.gamesmap.uk/organisations/00fe34d7-6484-4f9f-9986-d840c6757263/map/
Infinite Interactive,05411088,games-company,False,developer,True,2005-04-01,,https://app.gamesmap.uk/organisations/adb0aeba-5076-4f1f-99cc-ecffdfa6203c/map/
Infinite Light Games,16654162,games-company,False,developer,True,2025-08-15,,https://app.gamesmap.uk/organisations/8a4abcc4-def1-4d7d-bd36-9c5b40d2f4da/map/
Infinite Monkeys Interactive,17272561,games-company,False,developer,True,2026-06-10,,https://app.gamesmap.uk/organisations/8e77b18a-4280-4a3a-94b7-329b7c7fb9c9/map/
Infinite State Games,08613104,games-company,False,developer,True,2013-07-17,,https://app.gamesmap.uk/organisations/d5e86a94-61b2-4acd-af25-0b83d24fd61a/map/
I N F I N I T Y 27,10768924,games-company,False,developer,True,2017-05-12,,https://app.gamesmap.uk/organisations/146c982e-46b0-4646-888b-27d754551e8d/map/
Ingenious Crafts,13659977,games-company,False,developer,True,2021-10-04,,https://app.gamesmap.uk/organisations/73bcfeab-f398-4370-85db-b7c54f22e47d/map/
Inkle,07838438,games-company,False,developer,True,2011-11-08,,https://app.gamesmap.uk/organisations/0c2d5de1-b54b-4758-81b5-66fb1da328a3/map/
Inklingwood,13548355,games-company,False,developer,True,2021-08-04,,https://app.gamesmap.uk/organisations/75ec46c3-88bc-46c2-8e91-7fc8f9740ab7/map/
Inner Sanctum Games,09774081,games-company,False,developer,True,2015-09-11,,https://app.gamesmap.uk/organisations/158ec000-9532-4245-8699-458b6ad83998/map/
Innivo,06147242,games-company,False,developer,True,2007-03-08,,https://app.gamesmap.uk/organisations/17849139-79e3-4629-a1c4-5c9ccba873ff/map/
Insert Coin,07248469,service-company,False,,True,2010-05-10,,https://app.gamesmap.uk/organisations/aca027d6-4dfb-434e-a439-28d9cdddd8de/map/
Inspire Game Studios,14020173,games-company,False,developer,True,2022-04-01,,https://app.gamesmap.uk/organisations/22f37a5c-d783-48ee-b927-ef9ebdf0e73c/map/
Inspirit360,13159155,games-company,False,developer,True,2021-01-26,,https://app.gamesmap.uk/organisations/1f9a458b-2097-477d-8f09-aeac729c2219/map/
Intellectokids,11796917,games-company,False,developer,True,2019-01-30,,https://app.gamesmap.uk/organisations/003492f5-67eb-4e52-afe4-0062809c51cd/map/
Interactive Game Development,02646104,games-company,False,developer,True,1991-09-17,,https://app.gamesmap.uk/organisations/2f36d2f2-f7cb-4e32-b78d-3b68f49d26fd/map/
Interactive Media,14097806,games-company,False,developer,True,2022-05-10,,https://app.gamesmap.uk/organisations/025e9b79-ccb9-4e91-94ef-30ac0649925c/map/
Internet Advertising Bureau,03650406,service-company,False,,True,1998-10-14,,https://app.gamesmap.uk/organisations/6387f37a-8838-4725-a171-d122151dbf32/map/
Interstellar Games,16867431,games-company,False,developer,True,2025-11-21,,https://app.gamesmap.uk/organisations/d1e70853-c4d4-40fa-8b9c-37e66ac27fef/map/
Interteller,12797817,games-company,False,developer,True,2020-08-06,,https://app.gamesmap.uk/organisations/86434b21-0a2d-4bea-9673-55b450a4efed/map/
Into Games,11536348,service-company,True,,True,2018-08-24,,https://app.gamesmap.uk/organisations/a2d16fc8-70e4-424f-b007-767654c91191/map/
Intorqa Group,11365902,service-company,True,,True,2018-05-16,,https://app.gamesmap.uk/organisations/cf66be96-c669-46a5-8897-9ddc573cbb0b/map/
Intrepideer,10757689,games-company,False,developer,True,2017-05-08,,https://app.gamesmap.uk/organisations/d97f60d2-c96c-4b74-b4ce-9d4a6a3c9809/map/
Introversion Software,04354601,games-company,False,developer,True,2002-01-17,,https://app.gamesmap.uk/organisations/b589089b-0cba-441b-ab09-7424a098200e/map/
Invincibles Studio,05271374,games-company,True,developer,True,2004-10-27,,https://app.gamesmap.uk/organisations/b883b080-dbcc-4048-9fa4-9897b01b7cef/map/
Inviox Studios,16406803,games-company,False,developer,True,2025-04-24,,https://app.gamesmap.uk/organisations/9fde3984-b2df-47bc-8234-17dfb1992021/map/
Invisible Player,10002572,service-company,False,,True,2016-02-12,,https://app.gamesmap.uk/organisations/b47c1dac-3b9d-420b-832e-196602183229/map/
Ioca Entertainment,09343458,games-company,False,developer,True,2014-12-05,,https://app.gamesmap.uk/organisations/195b1f22-43fc-48d6-8a1b-df48e1851327/map/
Ioi Brighton,14959311,games-company,False,developer,True,2023-06-24,,https://app.gamesmap.uk/organisations/e7f42076-d621-45d3-904c-dcd5fa8b449e/map/
Ion Games,11385211,games-company,False,developer,True,2018-05-26,,https://app.gamesmap.uk/organisations/376718e9-5334-475c-9e3e-8b3e3a19f71d/map/
Ionized Studios,10175821,games-company,False,developer,True,2016-05-12,,https://app.gamesmap.uk/organisations/58b6e4e3-30ce-41a8-bd3f-45a090040ac8/map/
Iotech Engine,10309969,service-company,False,,True,2016-08-03,,https://app.gamesmap.uk/organisations/48b865fa-45e3-4ab6-94b5-821d0ecfff34/map/
Ipsos Research,02388345,service-company,True,,True,1989-05-23,,https://app.gamesmap.uk/organisations/d93c56b0-13da-4f81-85f6-bddb7d8fe5be/map/
Iq Entertainment,17232341,games-company,False,developer,True,2026-05-20,,https://app.gamesmap.uk/organisations/af79a860-dbf8-47b7-8a4e-f8713c1aba73/map/
Ironbridge Games,16882669,games-company,False,developer,True,2025-12-01,,https://app.gamesmap.uk/organisations/226962e6-65e4-44ef-87c9-a56d4417aecb/map/
Ironleaf Studios,16991904,games-company,False,developer,True,2026-01-27,,https://app.gamesmap.uk/organisations/c90b0066-9b2f-43d2-bf1d-250d53743e7a/map/
Iron Monk Studios,13784467,games-company,False,developer,True,2021-12-06,,https://app.gamesmap.uk/organisations/e521598f-678c-49c1-acad-13c7ae0e2c43/map/
Iron Pixel,17081527,games-company,False,developer,True,2026-03-10,,https://app.gamesmap.uk/organisations/40fdf14c-4b53-4276-9de7-6df035ac41d6/map/
Irwin Mitchell,OC343897,service-company,True,,True,2009-03-10,,https://app.gamesmap.uk/organisations/133c803e-758b-45cf-ae95-24e1fae27322/map/
Islay Games,SC478511,games-company,False,developer,True,2014-05-27,,https://app.gamesmap.uk/organisations/4315eb32-4706-4319-b260-42eb520e93a9/map/
Isle Games Studios,17039844,games-company,False,developer,True,2026-02-18,,https://app.gamesmap.uk/organisations/c6e852c7-335f-4fa9-9197-2f07aa8615f0/map/
Isokron,09840726,games-company,True,developer,True,2015-10-26,,https://app.gamesmap.uk/organisations/50c51da3-55a0-4bb6-9e50-002f3f6b53bd/map/
Isotonik Studios,10701748,games-company,False,developer,True,2017-03-31,,https://app.gamesmap.uk/organisations/83c367a6-7510-4ac2-b9f4-ab73bbf8cbbe/map/
Isotopic Studios,16677796,games-company,False,developer,True,2025-08-28,,https://app.gamesmap.uk/organisations/9c631dc2-34cf-466a-a8ee-bb3fec8973be/map/
Isquared Games,06807421,games-company,False,developer,True,2009-02-02,,https://app.gamesmap.uk/organisations/a289720c-caee-43fb-9ddb-f2de091ac0ee/map/
Istotex,09994227,games-company,False,developer,True,2016-02-09,,https://app.gamesmap.uk/organisations/a2abfa13-3d89-47c5-8238-549692afde03/map/
Italic Pig,08261221,games-company,False,developer,True,2012-10-19,,https://app.gamesmap.uk/organisations/e384c4aa-17e6-4e16-9fbf-ee31b72641c3/map/
Italic Pug,NI649272,games-company,False,developer,True,2017-11-14,,https://app.gamesmap.uk/organisations/fe107ba0-c8f1-46d8-930a-ae3719103966/map/
Item42,10497028,games-company,False,developer,True,2016-11-25,,https://app.gamesmap.uk/organisations/cdc6da6d-0bc7-4aa1-a35c-f14255e9ddd1/map/
Iteration Games,12286140,games-company,False,developer,True,2019-10-28,,https://app.gamesmap.uk/organisations/77c4d58d-85de-4594-9d30-fecab0933e03/map/
Iter Interactive,16559774,games-company,False,developer,True,2025-07-03,,https://app.gamesmap.uk/organisations/89ec78eb-842f-4067-8553-e54b01fa1554/map/
Itsallagame,10273387,games-company,False,developer,True,2016-07-12,,https://app.gamesmap.uk/organisations/42033357-1137-40f0-806e-d9839efb3f06/map/
It'S Happening,13281413,games-company,False,developer,True,2021-03-21,,https://app.gamesmap.uk/organisations/f8069fe0-960a-45e6-aee0-a40ac851cff7/map/
Iware Designs,07387407,games-company,False,developer,True,2010-09-24,,https://app.gamesmap.uk/organisations/78fd1b81-7d23-4005-bca5-7eb7e94cf1d7/map/
Jackalope Games,16565595,games-company,False,developer,True,2025-07-07,,https://app.gamesmap.uk/organisations/b80f4c3c-3931-4726-83ed-0191c6250e9f/map/
Jacket Games,16716047,games-company,False,developer,True,2025-09-14,,https://app.gamesmap.uk/organisations/8f701f48-e4fa-4cd3-b4ec-5743d0ffcf3a/map/
Jagex,03982706,games-company,True,developer; publisher,True,2000-04-28,,https://app.gamesmap.uk/organisations/c666cc33-e2b1-4ec1-a413-67ecb2156068/map/
Jake Birkett Computer Solutions,04563481,games-company,False,developer,True,2002-10-15,,https://app.gamesmap.uk/organisations/820611a8-5726-4d6b-bb21-953e556e86ce/map/
Jakyl,07191744,games-company,False,publisher,True,2010-03-16,,https://app.gamesmap.uk/organisations/fa7099ce-80b6-4d14-8e33-49776d6a5152/map/
Jalice Interactive,16372646,games-company,False,developer,True,2025-04-08,,https://app.gamesmap.uk/organisations/e5c7e7b0-4e5d-4b0f-aede-2baf24db190b/map/
James Makes Games,08631666,games-company,False,developer,True,2013-07-31,,https://app.gamesmap.uk/organisations/6e308331-2758-44c7-8817-095f72b327a8/map/
Jam Games,16277334,games-company,False,developer,True,2025-02-26,,https://app.gamesmap.uk/organisations/10909e97-1d05-4d35-b024-1a3b55066982/map/
Jardus Games,16687095,games-company,False,developer,True,2025-09-01,,https://app.gamesmap.uk/organisations/4387519c-2f84-475c-93b7-af3e58ed95e7/map/
Jason Tuyen Games,10687791,games-company,False,developer,True,2017-03-23,,https://app.gamesmap.uk/organisations/e379189b-08f7-4ae7-b231-afe7a94549ef/map/
Jaw Games,16463673,games-company,False,developer,True,2025-05-20,,https://app.gamesmap.uk/organisations/960b231f-0e3d-4ccc-8102-508ade08c930/map/
Jbx Studios,17286676,games-company,False,developer,True,2026-06-19,,https://app.gamesmap.uk/organisations/0762f545-efc8-4d0b-b2c8-21f9bb1f0fec/map/
Jca Studios,16640276,games-company,False,developer,True,2025-08-11,,https://app.gamesmap.uk/organisations/dc1d511c-d006-483a-997d-87953ef4ad6e/map/
Jelly Entertainment,12737495,games-company,False,developer,True,2020-07-13,,https://app.gamesmap.uk/organisations/e056ce04-0094-4c4b-abf1-f0f350ebdaec/map/
Jellymedia,03954014,service-company,False,,True,2000-03-22,,https://app.gamesmap.uk/organisations/795059f1-4abe-4a8d-a90d-47407c9c9093/map/
Jeton Games,13344212,games-company,False,developer,True,2021-04-19,,https://app.gamesmap.uk/organisations/d9185a92-d0ee-4587-a413-04b24d947dbd/map/
Jfi Games,13519991,games-company,False,developer,True,2021-07-20,,https://app.gamesmap.uk/organisations/14cd76e5-842e-4b58-9fde-d1946ec648c1/map/
J Games,13961105,games-company,False,developer,True,2022-03-07,,https://app.gamesmap.uk/organisations/72f93411-001b-4c52-adff-e7dab11d6f73/map/
Jinheng Games,SC888583,games-company,False,developer,True,2026-05-05,,https://app.gamesmap.uk/organisations/816ae57f-0565-47bd-90e5-08cca81d7ed6/map/
Jjb Game Development,16702997,games-company,False,developer,True,2025-09-08,,https://app.gamesmap.uk/organisations/c565b051-945b-47fc-a342-9db62eb14e4a/map/
Jkub,SC760459,games-company,True,developer,True,2023-02-28,,https://app.gamesmap.uk/organisations/8f4bd805-60eb-4f14-8104-5eee7375ccd4/map/
Jmw Games,16374982,games-company,False,developer,True,2025-04-08,,https://app.gamesmap.uk/organisations/64ea93de-cb5d-46f6-931d-91ae8055d174/map/
Jobless Studios,16178142,games-company,False,developer,True,2025-01-12,,https://app.gamesmap.uk/organisations/85455c38-6fbb-4c02-badd-4c524dac5538/map/
Joe Richardson Games,12776995,games-company,False,developer,True,2020-07-29,,https://app.gamesmap.uk/organisations/39952e3c-554f-4fbb-8cfc-e9d6facffec4/map/
Johnny Atom Productions,06138021,service-company,True,,True,2007-03-05,,https://app.gamesmap.uk/organisations/74c427fa-27b4-4064-988a-d4e180b64f5b/map/
Jones And Bleecker Games,16798459,games-company,False,developer,True,2025-10-20,,https://app.gamesmap.uk/organisations/a274a9d4-0c6f-4312-8296-4034afaaa7b7/map/
Jor Games,10536166,games-company,False,developer,True,2016-12-22,,https://app.gamesmap.uk/organisations/cc226ae3-dfe8-48cf-8332-63269d6e44c7/map/
Jorgen Games,11960029,games-company,False,developer,True,2019-04-24,,https://app.gamesmap.uk/organisations/08c14969-b915-4027-bf3f-50636316a4c3/map/
Journeymen Games,16981111,games-company,False,developer,True,2026-01-22,,https://app.gamesmap.uk/organisations/23fa5b56-792c-465c-b278-24cc4ba4fd0a/map/
Joydle Interactive,17233012,games-company,False,developer,True,2026-05-20,,https://app.gamesmap.uk/organisations/6e09348b-3bbe-497d-93e9-921e3b51058d/map/
Joyvirtue Entertainment,NI738800,games-company,False,developer,True,2026-03-13,,https://app.gamesmap.uk/organisations/1aa125a2-0560-480b-adfb-43a765858a78/map/
Joyzo,09023888,games-company,False,developer,True,2014-05-06,,https://app.gamesmap.uk/organisations/b44445cc-c595-45ab-b472-4f9f5ecbf617/map/
Jubair Game Development,16666405,games-company,False,developer,True,2025-08-21,,https://app.gamesmap.uk/organisations/f81a5e89-59f3-46e0-9370-f17b5a9af694/map/
Jump Over The Age,11659631,games-company,False,developer,True,2018-11-05,,https://app.gamesmap.uk/organisations/d365613d-a259-40d1-808f-5cc08f4b8f50/map/
Juniper Research,04365384,service-company,False,,True,2002-02-01,,https://app.gamesmap.uk/organisations/fb6e7f24-53a7-4901-b889-75592fd0db77/map/
Junkfish,SC451981,games-company,True,developer,True,2013-06-11,,https://app.gamesmap.uk/organisations/136067aa-a224-4a49-9a5d-ffe848e511da/map/
Jury Games,13148913,games-company,False,developer,True,2021-01-21,,https://app.gamesmap.uk/organisations/216451c6-a2cb-43f2-8a61-9aec09e56a94/map/
Just Add Water (Development),05976021,games-company,False,developer,True,2006-10-24,,https://app.gamesmap.uk/organisations/50f721fb-0541-4c90-94c9-db56d5d362d2/map/
Just A Pixel,08199512,games-company,False,developer,True,2012-09-03,,https://app.gamesmap.uk/organisations/f6c3b3f2-01bb-4eb1-8cb9-201b659242f8/map/
Justflight London,09888150,games-company,False,developer,True,2015-11-25,,https://app.gamesmap.uk/organisations/ec02ed89-3232-4fa4-ba19-fb8330af2dd3/map/
Just Mobile Games,05213248,games-company,False,developer,True,2004-08-24,,https://app.gamesmap.uk/organisations/4d5088be-fe1e-4648-b555-b1f4e240cfb9/map/
Justwontdie,12149769,games-company,False,developer,True,2019-08-12,,https://app.gamesmap.uk/organisations/7aa2259c-e203-4663-a166-1163df9e6df3/map/
K2 Games,17216965,games-company,False,developer,True,2026-05-13,,https://app.gamesmap.uk/organisations/e7e58eb3-9852-4d41-8b7f-e584965f986a/map/
K9 Digital,13650710,games-company,False,developer,True,2021-09-29,,https://app.gamesmap.uk/organisations/9d8b5820-fa66-4bab-9a94-f3cb7c7e9210/map/
Kabam Games,08504182,games-company,False,developer,True,2013-04-25,,https://app.gamesmap.uk/organisations/1f99ebed-289e-4e61-880c-62b4c19ae321/map/
Kadre Studios,17336068,games-company,False,developer,True,2026-07-13,,https://app.gamesmap.uk/organisations/2532f3fc-db08-47aa-b96e-c432aa9a8a20/map/
Kai-Tama Entertainment,12015074,games-company,False,developer,True,2019-05-23,,https://app.gamesmap.uk/organisations/6e9b6d64-d03a-4f69-a758-a4e978015835/map/
Kaizen Game Works,11635479,games-company,False,developer,True,2018-10-22,,https://app.gamesmap.uk/organisations/e0c2b55b-2a1b-4a56-925d-6b270bd43afa/map/
Kakoon Entertainment,12539434,games-company,False,developer,True,2020-03-30,,https://app.gamesmap.uk/organisations/2acd4c9d-34b7-4f8e-b0a0-ac5a06b6e369/map/
Kalamtech,10282353,games-company,False,developer,True,2016-07-16,,https://app.gamesmap.uk/organisations/e440c78c-743b-42c6-a5af-70a25c3a3a23/map/
Kalypso Media,06306411,games-company,False,publisher,True,2007-07-09,,https://app.gamesmap.uk/organisations/3be7d033-7e6c-4b21-83f1-7799b72881b2/map/
Kamo2020,16357687,games-company,False,developer,True,2025-04-01,,https://app.gamesmap.uk/organisations/bcbcc332-e9cf-4e9c-b478-894fca0f5f87/map/
Kando Factory,14859170,service-company,True,,True,2023-05-10,,https://app.gamesmap.uk/organisations/72b7d733-4464-46cb-acd1-4619862a1ad9/map/
Kanto Media,10764274,games-company,False,developer,True,2017-05-10,,https://app.gamesmap.uk/organisations/c0bb30ea-6295-403b-9666-743e5bf5142c/map/
Karma Games,12425040,games-company,False,developer,True,2020-01-27,,https://app.gamesmap.uk/organisations/eb6f36e9-c3fc-4dbe-bbbd-3dd241d38aab/map/
Kasedo Games,06963203,games-company,True,publisher,True,2009-07-15,,https://app.gamesmap.uk/organisations/c9f190eb-d5e5-4e3f-8249-7fc8a33469bd/map/
Katniss,16839159,games-company,False,developer,True,2025-11-07,,https://app.gamesmap.uk/organisations/73795126-327e-4c3b-9719-557e4e21d52f/map/
Kazatan Games,12472644,games-company,False,developer,True,2020-02-19,,https://app.gamesmap.uk/organisations/24f6dbe5-241e-418c-a606-dc050880924d/map/
Kc6067 Studios,16475823,games-company,False,developer,True,2025-05-27,,https://app.gamesmap.uk/organisations/0da8ad88-be92-4cb5-8f6b-04158432ba01/map/
Keane Games,09963347,games-company,False,developer,True,2016-01-21,,https://app.gamesmap.uk/organisations/0c5ea513-8125-4c94-9bff-c951d828b296/map/
Keera Studios,08598985,games-company,False,developer,True,2013-07-05,,https://app.gamesmap.uk/organisations/8e0e3615-eb09-48b1-a5f4-79e974fa6e99/map/
Kepithor Studios,11657583,games-company,False,developer,True,2018-11-02,,https://app.gamesmap.uk/organisations/130ab26f-a791-4ae0-b4fb-4208c9d6ecf7/map/
Kepler Interactive,12545265,games-company,False,publisher,True,2020-04-02,,https://app.gamesmap.uk/organisations/a8efb802-a13a-432b-a793-52298c73c57b/map/
Kestrel Games,08771263,games-company,False,developer,True,2013-11-12,,https://app.gamesmap.uk/organisations/27d137f5-600e-448e-9e72-4ee7f915d504/map/
Kettu Studios,12510662,games-company,False,developer,True,2020-03-11,,https://app.gamesmap.uk/organisations/29d0af42-4787-4c57-a78f-8bb0a4b55cb4/map/
Ketzapp,14868513,games-company,False,developer,True,2023-05-15,,https://app.gamesmap.uk/organisations/bca85e5e-3b03-443a-80ea-342cf2385dad/map/
Key Compass Games,17267792,games-company,False,developer,True,2026-06-08,,https://app.gamesmap.uk/organisations/a6335cf0-b070-4e26-b0cd-d406c61554d9/map/
Keywords Studios,08548351,games-company,True,publisher,True,2013-05-29,,https://app.gamesmap.uk/organisations/7247dfa4-4eab-4965-b9c2-410ee95e3f22/map/
Kfirapps,10020725,games-company,False,developer,True,2016-02-23,,https://app.gamesmap.uk/organisations/1151581c-d80d-4a5e-a3e5-eb38771232ee/map/
Kg Games,17292741,games-company,False,developer,True,2026-06-21,,https://app.gamesmap.uk/organisations/1509bcd5-408b-4151-b567-3e4a52d2ebfc/map/
Khimaira Studios,17110240,games-company,False,developer,True,2026-03-23,,https://app.gamesmap.uk/organisations/af4180b2-9458-4fc5-a7d1-9624a55d46e6/map/
Kiba Interactive,16610458,games-company,False,developer,True,2025-07-28,,https://app.gamesmap.uk/organisations/f474cd8c-7404-4ec2-938f-1d6e66929624/map/
Kickstand Games,12236343,games-company,False,developer,True,2019-10-01,,https://app.gamesmap.uk/organisations/b9c57fca-3247-484e-9edc-112f8c107011/map/
Kids Web Services,13351982,games-company,False,developer,True,2021-04-22,,https://app.gamesmap.uk/organisations/335d59b1-6bfb-4c37-be47-51b5e5445939/map/
Kilaiplay,16151229,games-company,False,developer,True,2024-12-24,,https://app.gamesmap.uk/organisations/49ff3db0-a3ed-45f7-85dd-f6603a145224/map/
Kiln Studios,11272034,games-company,False,developer,True,2018-03-23,,https://app.gamesmap.uk/organisations/9bc9fe72-0482-44e6-af49-7f0a7d8ec7ad/map/
Kimchi Soup Studios,16055474,games-company,False,developer,True,2024-11-01,,https://app.gamesmap.uk/organisations/72ba2346-67cf-4679-948e-29366621b2e8/map/
Kindred Spirit Games,15363612,games-company,True,developer,True,2023-12-20,,https://app.gamesmap.uk/organisations/7a85d2e7-abd0-4068-b057-c04d6a224368/map/
Kinetek Labs,NI737716,games-company,False,developer,True,2026-02-09,,https://app.gamesmap.uk/organisations/eaa7d571-8d61-4145-aa13-e00c729f5139/map/
Kinetic Games,12966685,games-company,False,developer,True,2020-10-21,,https://app.gamesmap.uk/organisations/1557f1fb-c555-4d81-8dc8-3ee7f413d509/map/
Kinetic Publishing,17232018,games-company,False,developer,True,2026-05-20,,https://app.gamesmap.uk/organisations/cd1d1d2a-c848-4641-a397-da16ddc13aa6/map/
KINGSTON UNIVERSITY,,academic-institution,False,,True,,,https://app.gamesmap.uk/organisations/376f2761-6b51-4663-b454-8f36d0817b7a/map/
Kirkidexi,10672618,games-company,False,developer,True,2017-03-15,,https://app.gamesmap.uk/organisations/99ed98d5-4f71-4635-b2d8-57c131460dcd/map/
Kiss Publishing,11029387,games-company,False,publisher,True,2017-10-24,,https://app.gamesmap.uk/organisations/ea00503a-30cd-418a-9ce8-ed882f290846/map/
Kitchen Table Studios,17293958,games-company,False,developer,True,2026-06-22,,https://app.gamesmap.uk/organisations/b969b5fa-4e40-419c-b62a-e469e59e95c8/map/
Kitticat Games,14140421,games-company,False,developer,True,2022-05-30,,https://app.gamesmap.uk/organisations/077f3ead-cc00-4944-af68-e4b42d713c90/map/
Klaudia Kepa,16825553,games-company,False,developer,True,2025-11-02,,https://app.gamesmap.uk/organisations/ff31059b-8ce6-4408-b1a5-ec4c11a141e6/map/
K Monkey,11114768,games-company,False,developer,True,2017-12-18,,https://app.gamesmap.uk/organisations/46909cb8-ff14-46b6-a964-56633f816f03/map/
Knight Frank,OC305934,service-company,True,,True,2003-11-03,,https://app.gamesmap.uk/organisations/308fa2d6-6518-4de0-806d-f2ccc63dbe27/map/
Knockback Games,14239870,games-company,False,developer,True,2022-07-18,,https://app.gamesmap.uk/organisations/72bcd468-80d7-4a17-8f2d-6b2791ed43fb/map/
Knockout Trading,13522910,games-company,False,developer,True,2021-07-21,,https://app.gamesmap.uk/organisations/522f4e07-1c56-4736-b78e-f75668326f35/map/
Knowbout,17325238,games-company,False,developer,True,2026-07-07,,https://app.gamesmap.uk/organisations/f7687cc5-ec4a-4f0d-b44b-4acfe6b65f70/map/
Koala Software,17202072,games-company,False,developer,True,2026-05-06,,https://app.gamesmap.uk/organisations/2f4ec470-120a-41cb-84a0-6d2eee022970/map/
Koei Tecmo Europe,04506827,games-company,True,publisher,True,2002-08-08,,https://app.gamesmap.uk/organisations/376f0001-5841-42fd-9c25-7eddd3cb832d/map/
Koi Games,17259411,games-company,False,developer,True,2026-06-03,,https://app.gamesmap.uk/organisations/2ee89727-1929-4260-984d-aa0f2f02aa94/map/
Kokku Games,16945555,games-company,False,developer,True,2026-01-06,,https://app.gamesmap.uk/organisations/6959df41-2a59-4f6e-94ea-7296e24dc941/map/
Kola Entertainment,17010014,games-company,False,developer,True,2026-02-03,,https://app.gamesmap.uk/organisations/9dc381d6-a15f-4edd-ad75-9f7cc1b34ff2/map/
Konami Digital Entertainment,FC024569,games-company,True,publisher,True,2003-05-30,,https://app.gamesmap.uk/organisations/f5c60815-3999-4215-a19e-55c199affd92/map/
Konglomerate Games,SC645394,games-company,False,developer,True,2019-10-25,,https://app.gamesmap.uk/organisations/62b54c65-a0b3-4715-86a0-9df71db2f7a9/map/
Kotori Studios,08191517,games-company,True,developer,True,2012-08-24,,https://app.gamesmap.uk/organisations/0ea04ae6-d7b0-4fca-9628-bc2165fb108b/map/
Koyama Interactive,17223304,games-company,False,developer,True,2026-05-15,,https://app.gamesmap.uk/organisations/3e784745-bed9-4a85-b113-5a819449798d/map/
Kreto Games,16432733,games-company,False,developer,True,2025-05-06,,https://app.gamesmap.uk/organisations/d0ccfffb-1b37-4c48-b8c5-8c84b09aa026/map/
Krux Entertainment,17291594,games-company,False,developer,True,2026-06-21,,https://app.gamesmap.uk/organisations/fad250e3-db7b-48ae-a9f0-8abc2ecb812c/map/
Kubedev,10619063,games-company,False,developer,True,2017-02-14,,https://app.gamesmap.uk/organisations/63a8d534-c9a5-4438-a4e8-879d7112d50c/map/
Kub Studios,06952175,games-company,False,developer,True,2009-07-03,,https://app.gamesmap.uk/organisations/e6eed1d8-ad35-43cf-bcb3-8ac026e5a63e/map/
Kucko Games,16455311,games-company,False,developer,True,2025-05-17,,https://app.gamesmap.uk/organisations/6ea135d3-9bf9-4bd7-a645-93adef115e89/map/
Kuju,04335012,games-company,False,developer,True,2001-12-05,,https://app.gamesmap.uk/organisations/5766367d-ee58-41cc-b4df-f0859c0f45a9/map/
Kultura Ex Machina,07351587,games-company,False,developer,True,2010-08-20,,https://app.gamesmap.uk/organisations/4c67e824-6a1b-4c7c-9562-20919f7cd563/map/
Kumi Souls Games,12379106,games-company,False,developer,True,2019-12-30,,https://app.gamesmap.uk/organisations/382f19d0-5975-4f5d-8318-1e8108d61968/map/
Kunpeng Studios,16771082,games-company,False,developer,True,2025-10-08,,https://app.gamesmap.uk/organisations/090baeee-f006-4c91-81f1-210655d4d5ea/map/
Kurly Entertainment,09736518,games-company,False,developer,True,2015-08-17,,https://app.gamesmap.uk/organisations/e85d3911-e5a3-4589-8c69-3c92ec5ab0c9/map/
Kwabi Games,11251758,games-company,False,developer,True,2018-03-13,,https://app.gamesmap.uk/organisations/f9330f03-dc94-4bcd-8dd0-196b9d92fbcf/map/
Kwalee,07648078,games-company,True,developer; publisher,True,2011-05-26,,https://app.gamesmap.uk/organisations/f2f24b24-a8c3-4c91-b268-127b3ddcb3c4/map/
Kym Entertainment,12101223,service-company,True,,True,2019-07-12,,https://app.gamesmap.uk/organisations/33f1cbaf-069b-434a-a069-ccd7eef93b21/map/
Lab42,09381660,games-company,True,developer,True,2015-01-09,,https://app.gamesmap.uk/organisations/d0105da2-e0d8-44cb-84d7-cafffc72c5ae/map/
Lab Grown Games,16298707,games-company,False,developer,True,2025-03-06,,https://app.gamesmap.uk/organisations/55777ef4-7fb9-4c22-b5b7-8edcfbd4691f/map/
Lab Leak Interactive,14290039,games-company,False,developer,True,2022-08-11,,https://app.gamesmap.uk/organisations/7dbfd6e2-6fe4-4924-b040-84690bf7e541/map/
Laced Music,08990230,service-company,True,,True,2014-04-10,,https://app.gamesmap.uk/organisations/481a76aa-f92d-415c-a8da-f518362bec8b/map/
Lac Games,13081152,games-company,False,developer,True,2020-12-14,,https://app.gamesmap.uk/organisations/c62cec48-5213-4324-bce7-c8182ec21a84/map/
Laireon Games,10315099,games-company,False,developer,True,2016-08-05,,https://app.gamesmap.uk/organisations/1e4435c9-b989-4ca3-b2a7-874bb26ea9ad/map/
Lambic Studios,11159659,games-company,False,developer,True,2018-01-19,,https://app.gamesmap.uk/organisations/0dd2edac-f01b-4a84-9174-6eccdf38e816/map/
Lame Games,10565595,games-company,False,developer,True,2017-01-16,,https://app.gamesmap.uk/organisations/ef021777-670d-4aee-8795-cb266519bdfd/map/
Landmark Games Development,14163280,games-company,False,developer,True,2022-06-09,,https://app.gamesmap.uk/organisations/cfa7da25-69fe-485e-ab19-3843d41c2f8f/map/
Landmark Games,13136489,games-company,False,developer,True,2021-01-15,,https://app.gamesmap.uk/organisations/b0f593f3-a3c9-4099-8d15-d66109e1aa4c/map/
Landofgaming,16149943,games-company,False,developer,True,2024-12-23,,https://app.gamesmap.uk/organisations/295232e0-08d8-4b2c-9598-13ff4d9bfd86/map/
Land & Sea Games,10513422,games-company,False,developer,True,2016-12-06,,https://app.gamesmap.uk/organisations/4f4a4cb3-429f-4fea-bb93-e57b1b52a255/map/
Lantern Studio,11830052,games-company,False,developer,True,2019-02-15,,https://app.gamesmap.uk/organisations/e8731a78-875f-4c24-a85f-974544657c13/map/
Larsgaard Games,SC876718,games-company,False,developer,True,2026-01-27,,https://app.gamesmap.uk/organisations/76091b8c-e3a9-4fd5-b4dc-6320f788a4b5/map/
Laser Dog Games,08296906,games-company,False,developer,True,2012-11-16,,https://app.gamesmap.uk/organisations/c12aeb99-923e-4ca5-8535-8baff3132e8c/map/
Laser Labs Games,09935041,games-company,False,developer,True,2016-01-04,,https://app.gamesmap.uk/organisations/c491fe98-22f1-40a1-a6e4-6ad71253184e/map/
Last17,08331785,games-company,False,developer,True,2012-12-14,,https://app.gamesmap.uk/organisations/d865ee88-fca3-4d97-99f6-8b0cef2b2907/map/
Last Chance Interactive,11227533,games-company,False,developer,True,2018-02-27,,https://app.gamesmap.uk/organisations/f86cd3ff-cc45-46a6-98e6-ea1b75c6ece8/map/
Last Horizon,17166572,games-company,False,developer,True,2026-04-19,,https://app.gamesmap.uk/organisations/2dbd31c8-9380-413b-af2b-0561f5afa124/map/
Last Level,12270188,games-company,False,developer,True,2019-10-18,,https://app.gamesmap.uk/organisations/0be475a0-c798-432e-ad43-3922f47a4252/map/
Last Watch Games,17309182,games-company,False,developer,True,2026-06-30,,https://app.gamesmap.uk/organisations/d9bcc085-414f-4f39-b874-2ada971b1a2d/map/
Late Night Games,10689400,games-company,False,developer,True,2017-03-24,,https://app.gamesmap.uk/organisations/ddc09934-9886-463b-8255-50c2538e753c/map/
Laughing Jackal,05543718,games-company,False,developer,True,2005-08-23,,https://app.gamesmap.uk/organisations/483a380f-75ba-49f3-a662-deac67e49f9e/map/
Lava Skull,07472026,games-company,False,developer,True,2010-12-16,,https://app.gamesmap.uk/organisations/84f69926-37d7-4848-af4d-a43f6d0b38bf/map/
Lazy Fox Games,17218002,games-company,False,developer,True,2026-05-13,,https://app.gamesmap.uk/organisations/02af9b67-b73a-4e53-bb7e-640bf23107fe/map/
Lazy Monday,SC509528,games-company,False,developer,True,2015-06-29,,https://app.gamesmap.uk/organisations/e5768ff6-6bd9-4f8c-85c5-2509b5fce4a1/map/
Lazyrays,12783765,games-company,False,developer,True,2020-07-31,,https://app.gamesmap.uk/organisations/ba803d3b-a1e6-4433-adbb-67e9ac5d32a9/map/
Ldf Studios,17182523,games-company,False,developer,True,2026-04-27,,https://app.gamesmap.uk/organisations/60f96544-6f1a-4cc0-9598-2a17e436595d/map/
Leafwind Studios,17252962,games-company,False,developer,True,2026-06-01,,https://app.gamesmap.uk/organisations/0674baaf-059f-4e5d-8c58-cf8b2d79df19/map/
Leda Entertainment,09174605,games-company,False,developer,True,2014-08-13,,https://app.gamesmap.uk/organisations/7121743c-291e-4e85-a876-73c384ece840/map/
LEEDS BECKETT UNIVERSITY,,academic-institution,False,,True,,,https://app.gamesmap.uk/organisations/94c567d9-71f7-46f1-a4c3-aae445cf85fa/map/
Lee & Thompson,OC351626,service-company,True,,True,2010-01-20,,https://app.gamesmap.uk/organisations/e8a50934-03f6-4105-940c-c9be0feaf8d4/map/
Legacy Games,12320068,games-company,False,developer,True,2019-11-18,,https://app.gamesmap.uk/organisations/c800b66f-c99d-4702-83b5-63b36e5448cc/map/
Legenberry,16998930,games-company,False,developer,True,2026-01-29,,https://app.gamesmap.uk/organisations/4ced0e8c-24e4-4361-bcf7-14116febf814/map/
Lekano Game,16727764,games-company,False,developer,True,2025-09-18,,https://app.gamesmap.uk/organisations/b657f4a2-dc4f-47bc-ab0b-6c2058613f08/map/
Lellow Labs,17275904,games-company,False,developer,True,2026-06-17,,https://app.gamesmap.uk/organisations/a0076a16-0f00-4252-87c2-af059e1f6923/map/
Lemon Moose Games,07919730,games-company,False,developer,True,2012-01-23,,https://app.gamesmap.uk/organisations/14152906-e9e6-4407-91fb-61066455e865/map/
Let Us Game,14695443,games-company,False,developer,True,2023-02-28,,https://app.gamesmap.uk/organisations/d6d27fa7-eea1-4c23-8d5e-fc094fd044d8/map/
Level 91 Entertainment,NI645095,games-company,False,developer,True,2017-04-06,,https://app.gamesmap.uk/organisations/8145a7c3-cfdd-437a-ae5c-a74181e7a8b2/map/
Level House Games,14841542,games-company,False,developer,True,2023-05-02,,https://app.gamesmap.uk/organisations/8f4c28f6-9e25-408e-8adf-ce11668a86d1/map/
Level Lords,10717979,games-company,False,developer,True,2017-04-10,,https://app.gamesmap.uk/organisations/fe1c0a86-00c1-4b4f-95ab-9cdedab69bb7/map/
Levellr,12909887,service-company,True,,True,2020-09-28,,https://app.gamesmap.uk/organisations/701ea430-8927-4415-9964-4ba8c8b4dc09/map/
Level Two Beards,12206526,games-company,False,developer,True,2019-09-13,,https://app.gamesmap.uk/organisations/91b22b42-d032-43d0-9ff4-a57f11919961/map/
Lewis Silkin,OC317120,service-company,False,,True,2006-01-10,,https://app.gamesmap.uk/organisations/853bf087-9e96-41c5-be36-aaafa277ace6/map/
Liarking Studio,17058198,games-company,False,developer,True,2026-02-26,,https://app.gamesmap.uk/organisations/ae2a7cd5-295e-48f8-af97-a364f2613064/map/
Liberty Games Interactive,07893636,games-company,False,developer,True,2011-12-29,,https://app.gamesmap.uk/organisations/1e374d25-a136-4f11-a39a-c8016aed4565/map/
Lick Pr,08921607,service-company,True,,True,2014-03-04,,https://app.gamesmap.uk/organisations/a55cf86e-b8c6-4314-b74d-3f71bd5e929f/map/
Life Ninja Education,12364754,games-company,False,developer,True,2019-12-16,,https://app.gamesmap.uk/organisations/ddd7996a-f542-4d93-bd16-b89310107f8e/map/
Light Arc Studio,08756463,games-company,False,developer,True,2013-10-31,,https://app.gamesmap.uk/organisations/040e555a-60e8-464e-88a2-faedb9bdb072/map/
Lighthouse Games,14303226,games-company,False,developer,True,2022-08-18,,https://app.gamesmap.uk/organisations/39ec6a19-b293-4184-9910-1a8465b0eec7/map/
Lighthouse Games Studio,10972945,games-company,False,developer,True,2017-09-20,,https://app.gamesmap.uk/organisations/4446a42c-7fe9-4b14-8d62-df5238458637/map/
Light-It-Up Entertainment Company,11037615,games-company,False,developer,True,2017-10-30,,https://app.gamesmap.uk/organisations/06ed39e0-6e63-401a-80c5-8d8c601aaffc/map/
Light Pillar Software,08284314,games-company,False,developer,True,2012-11-07,,https://app.gamesmap.uk/organisations/04f9a3ba-065d-4517-9e36-839b2f9e807c/map/
Lightwood Consultancy,03737612,games-company,False,developer,True,1999-03-22,,https://app.gamesmap.uk/organisations/0ad08c25-01b6-42d3-88b4-d273b05f283e/map/
Ling Qu Ai,16377962,games-company,False,developer,True,2025-04-09,,https://app.gamesmap.uk/organisations/13dd5852-80e0-4fe3-93c9-e67d39b38ccd/map/
Link Entertainment,12498375,games-company,False,developer,True,2020-03-04,,https://app.gamesmap.uk/organisations/099c0a54-ca6e-4e32-bd96-f439331e9a18/map/
Linkfluence Innovations,16567549,games-company,False,developer,True,2025-07-08,,https://app.gamesmap.uk/organisations/94848b79-907b-498f-8f87-5e1de57880ec/map/
Linklaters,OC326345,service-company,True,,True,2007-02-27,,https://app.gamesmap.uk/organisations/3d0d515c-92c4-460c-9535-820374c7dbd2/map/
Liontech Studios,10505773,games-company,False,developer,True,2016-12-01,,https://app.gamesmap.uk/organisations/d00e9236-ef5c-4b47-966d-c8b43ea4212d/map/
Liquid Crimson,07931892,service-company,True,,True,2012-02-01,,https://app.gamesmap.uk/organisations/088c0aeb-9e0e-468c-9088-a7ce19987678/map/
Liquid Violet,07485094,service-company,True,,True,2011-01-07,,https://app.gamesmap.uk/organisations/dc74d20c-2c5a-45a1-bedc-22971fe1528b/map/
Liskio,14407056,games-company,False,developer,True,2022-10-10,,https://app.gamesmap.uk/organisations/70a206b2-480c-49d9-9505-410198b73280/map/
Li Studios,17221087,games-company,False,developer,True,2026-05-14,,https://app.gamesmap.uk/organisations/f6993106-ed04-4980-846b-be89dfca0783/map/
Lit Studios,13965356,games-company,False,developer,True,2022-03-09,,https://app.gamesmap.uk/organisations/cebd6365-ade7-4f33-9680-5075e947c76f/map/
Little Ace Studios,17031083,games-company,False,developer,True,2026-02-12,,https://app.gamesmap.uk/organisations/ff1e6b52-74c0-465c-8406-5f2e1ac3561f/map/
Little Echo Games,16492303,games-company,False,developer,True,2025-06-03,,https://app.gamesmap.uk/organisations/64da4e1f-6c4c-4626-89d9-fd1168996692/map/
Little Emperor Studios,11767314,games-company,False,developer,True,2019-01-15,,https://app.gamesmap.uk/organisations/5d11ea8a-53a3-4b4b-88e6-af8262b60dc7/map/
Little Finn Studios,16735345,games-company,False,developer,True,2025-09-22,,https://app.gamesmap.uk/organisations/ff2ec024-5d75-44d9-b710-dfc1e2a0408c/map/
Little Lion Dragon Studio,17249205,games-company,False,developer,True,2026-05-29,,https://app.gamesmap.uk/organisations/2dcc8f4c-9cc2-4334-9af3-c3581a674ae0/map/
Little Nuno Studios,17321407,games-company,False,developer,True,2026-07-05,,https://app.gamesmap.uk/organisations/906bfe22-892e-4413-81c9-3d44c7e9efa8/map/
Little Star Games,16517110,games-company,False,developer,True,2025-06-13,,https://app.gamesmap.uk/organisations/25047af8-2eba-4b01-bcbd-ee9693067f47/map/
Live Entertainment Technologies,12292024,games-company,False,developer,True,2019-10-31,,https://app.gamesmap.uk/organisations/00962680-91e8-464a-81d4-ed1255dc5b9d/map/
Live Rail Games,16841954,games-company,False,developer,True,2025-11-09,,https://app.gamesmap.uk/organisations/fbc7337d-bffd-4d76-b35c-4901411bed28/map/
LIVERPOOL JOHN MOORES UNIVERSITY,,academic-institution,False,,True,,,https://app.gamesmap.uk/organisations/1752e102-cb75-4740-833e-89a6db69d39b/map/
Llamasoft,05280637,games-company,False,developer,True,2004-11-08,,https://app.gamesmap.uk/organisations/df518110-21e4-4e5d-8c1d-04932e812c48/map/
Lma Property Investments,04427883,service-company,False,,True,2002-04-30,,https://app.gamesmap.uk/organisations/af6f88a1-2229-4dd3-911e-da394c687e2f/map/
Lmm Automotive,12373048,games-company,False,developer,True,2019-12-20,,https://app.gamesmap.uk/organisations/f651b508-e404-4481-9c7e-781479537611/map/
Location Games,09606827,games-company,False,developer,True,2015-05-26,,https://app.gamesmap.uk/organisations/b0015554-5e1a-45fa-a06d-10f7f3c7d9f7/map/
Lockbox Games,09869661,games-company,False,developer,True,2015-11-12,,https://app.gamesmap.uk/organisations/8f50ab00-5b20-45df-a868-686e8c859d72/map/
Locked In Games York,10908999,games-company,False,developer,True,2017-08-10,,https://app.gamesmap.uk/organisations/e668171d-07e7-4611-875b-76c2c09bbefb/map/
Lockton Companies,OC353198,service-company,True,,True,2010-03-12,,https://app.gamesmap.uk/organisations/524da560-172e-465a-b5ca-5b442dac727d/map/
Lockwood Publishing,06242481,games-company,False,developer,True,2007-05-10,,https://app.gamesmap.uk/organisations/20e74b7d-31d8-4120-869e-bdef2f2fb163/map/
Lo-Fi Games,07865212,games-company,False,developer,True,2011-11-30,,https://app.gamesmap.uk/organisations/d6e3e2ee-b7f9-4d3f-9829-6cf01547e721/map/
LONDON METROPOLITAN UNIVERSITY,,academic-institution,False,,True,,,https://app.gamesmap.uk/organisations/8a394436-eaa8-4f12-aca2-87c37ee66f0e/map/
London & Partners,07493460,service-company,False,,True,2011-01-14,,https://app.gamesmap.uk/organisations/e41aa3b4-52a9-4fbb-a46a-b4d14074060f/map/
LONDON SOUTH BANK UNIVERSITY,,academic-institution,False,,True,,,https://app.gamesmap.uk/organisations/2b7c99e7-16f6-44a7-8260-8fd96731d39d/map/
Long Pig Games,14010103,games-company,False,developer,True,2022-03-29,,https://app.gamesmap.uk/organisations/643cd74d-96c8-4ec0-ab5f-a110ebfbf690/map/
Loony Code,12694808,games-company,False,developer,True,2020-06-24,,https://app.gamesmap.uk/organisations/5877d235-72c3-44d8-b817-7ab1f54fc28d/map/
Loopymood,16475312,games-company,False,developer,True,2025-05-27,,https://app.gamesmap.uk/organisations/599fe2c4-c536-4dc9-8bf6-3a7c35665733/map/
Lordus,17187327,games-company,False,developer,True,2026-04-28,,https://app.gamesmap.uk/organisations/8f0de935-f35f-4fb4-a409-3fd82e5f1f0f/map/
Lost Forest Games,09767482,games-company,False,developer,True,2015-09-08,,https://app.gamesmap.uk/organisations/ec284610-4767-447d-bef8-eabdf07fa3e7/map/
Lost Games,17156541,games-company,False,developer,True,2026-04-14,,https://app.gamesmap.uk/organisations/8e3ba944-051c-4d3e-bb84-852e5aefc538/map/
Lost Tiger Studio,14781068,games-company,False,developer,True,2023-04-04,,https://app.gamesmap.uk/organisations/a95c8186-d7e9-40ae-93e5-ad0b7e455ae1/map/
Lots Of Bugs Studios,17160303,games-company,False,developer,True,2026-04-15,,https://app.gamesmap.uk/organisations/16d8afed-0061-4efb-bcb3-d6bb316d44ee/map/
Louqou,12908513,games-company,False,developer,True,2020-09-28,,https://app.gamesmap.uk/organisations/f4073f9f-5369-422a-923a-e87d24442aec/map/
Lovewish,13711793,games-company,False,developer,True,2021-10-29,,https://app.gamesmap.uk/organisations/3e122877-54dc-4c2e-abad-ac8d0fa9c253/map/
Loviero Design,SC858270,games-company,False,developer,True,2025-08-07,,https://app.gamesmap.uk/organisations/6cab8995-3e49-4d77-817d-f30383565b24/map/
Lowburn Games,11058220,games-company,False,developer,True,2017-11-10,,https://app.gamesmap.uk/organisations/76ee98b9-d558-4dae-90d4-a4ef61dde4f1/map/
Low End Games,11817152,games-company,False,developer,True,2019-02-11,,https://app.gamesmap.uk/organisations/8fd313c9-e1af-4655-b9db-bcbab11d5342/map/
Lowiro,11305601,games-company,False,developer,True,2018-04-12,,https://app.gamesmap.uk/organisations/9a4883a8-7edb-4198-9af3-4bab890e5bb0/map/
The Manchester College,,academic-institution,False,,True,,,https://app.gamesmap.uk/organisations/e6a7a34b-f3c0-4460-926d-59ab7d414ad2/map/
Lucid Entertainment Group,12750278,games-company,False,developer,True,2020-07-17,,https://app.gamesmap.uk/organisations/13aec00f-def4-4d85-b151-a7c0338dcd98/map/
Lucid Games,07497245,games-company,False,developer,True,2011-01-19,,https://app.gamesmap.uk/organisations/399c138a-9933-4996-914b-d336a70f8104/map/
Lucid Publishing,09728132,games-company,False,developer,True,2015-08-11,,https://app.gamesmap.uk/organisations/c3048b5c-1f0d-4718-97f8-d8474e70efe9/map/
Luckora Interactive,17135480,games-company,False,developer,True,2026-04-02,,https://app.gamesmap.uk/organisations/57e379c4-4b15-4a33-adaf-0cc2a8b3b934/map/
Lucky Deck Gaming,16954008,games-company,False,developer,True,2026-01-09,,https://app.gamesmap.uk/organisations/c3071ed0-f846-418e-98f4-ff6842685637/map/
Lucky Dog Games,16148436,games-company,False,developer,True,2024-12-23,,https://app.gamesmap.uk/organisations/045399eb-3f1b-4795-a7b2-d4af3cac2221/map/
Lucky Ghost Games,14278983,games-company,False,developer,True,2022-08-05,,https://app.gamesmap.uk/organisations/32f14844-52ae-4290-8ca1-b6f29be3271c/map/
Lucky Star 8,14759593,games-company,False,developer,True,2023-03-27,,https://app.gamesmap.uk/organisations/fb7e778e-ef71-4cf3-9cc4-c42d84572077/map/
Lucky Stars Entertainment,16589723,games-company,False,developer,True,2025-07-17,,https://app.gamesmap.uk/organisations/cb0aee15-f190-4f9c-b62d-c1364d46acb0/map/
Ludere Labs,16529296,games-company,False,developer,True,2025-06-19,,https://app.gamesmap.uk/organisations/76b667a1-966b-4fc1-93ba-a65c08dd6947/map/
Ludi Infiniti,17243507,games-company,False,developer,True,2026-05-26,,https://app.gamesmap.uk/organisations/54141dc6-7e80-4e49-b194-acbb577685d6/map/
Ludo Gamelabs,NI726118,games-company,False,developer,True,2025-02-07,,https://app.gamesmap.uk/organisations/875866dc-5892-40b1-8702-6fa524a5efa3/map/
Ludo Laboratories,16965517,games-company,False,developer,True,2026-01-15,,https://app.gamesmap.uk/organisations/acd27ac6-0491-48b8-b030-581b6cea59ca/map/
Ludometrics,SC378885,games-company,False,developer,True,2010-05-20,,https://app.gamesmap.uk/organisations/5c222022-cf80-43a5-8dce-d87ca1a74366/map/
Ludophoria,13710344,games-company,False,developer,True,2021-10-28,,https://app.gamesmap.uk/organisations/4ad02341-5ee4-4870-866e-3b9d5b8b49b4/map/
Ludus Games,17331322,games-company,False,developer,True,2026-07-09,,https://app.gamesmap.uk/organisations/fa87dc06-aba8-439d-b116-bf6481640b14/map/
Lumen Digital,10915175,games-company,False,developer,True,2017-08-14,,https://app.gamesmap.uk/organisations/806f36c8-9812-4029-9d38-e9abcc3848e3/map/
LUMINATE EDUCATION GROUP,,academic-institution,False,,True,,,https://app.gamesmap.uk/organisations/dfa9f59f-8e19-4f5a-95c4-825d7855957b/map/
Luminous Flux Games,17054177,games-company,False,developer,True,2026-02-25,,https://app.gamesmap.uk/organisations/152450d8-5f02-4d8f-aea8-cbd7ed98b6f9/map/
Lumirex,17327533,games-company,False,developer,True,2026-07-08,,https://app.gamesmap.uk/organisations/9bafc17f-48ac-4271-bacf-55f15d84c45b/map/
Lunaboot Studios,16214934,games-company,False,developer,True,2025-01-28,,https://app.gamesmap.uk/organisations/c65961b0-927f-40db-b4b9-e3a86f382085/map/
Lunafy Games,16668388,games-company,False,developer,True,2025-08-22,,https://app.gamesmap.uk/organisations/fffa92d0-d322-4d9e-a9d9-af4b5a715130/map/
Lunar Interactive Arts,12044811,games-company,False,developer,True,2019-06-11,,https://app.gamesmap.uk/organisations/c0c641f8-ce9c-4f4b-ba45-10efe6e5277c/map/
Lunaris Games,12115334,games-company,False,developer,True,2019-07-22,,https://app.gamesmap.uk/organisations/f0eefd4e-c041-48ef-9d14-6bd72e4eb270/map/
Lunarock Studios,17046863,games-company,False,developer,True,2026-02-22,,https://app.gamesmap.uk/organisations/bd3f6182-f1ee-487c-91ba-4c3e395a016f/map/
Lunar Play Games,17206348,games-company,False,developer,True,2026-05-08,,https://app.gamesmap.uk/organisations/3eedd94a-671c-4ba1-8c53-070463d57630/map/
Lunar Software,08213239,games-company,False,developer,True,2012-09-13,,https://app.gamesmap.uk/organisations/0291ff76-5605-471a-b3ab-c29579a539d2/map/
Lunavira,16607618,games-company,False,developer,True,2025-07-25,,https://app.gamesmap.uk/organisations/9da7f0dd-595e-4850-a30b-4873270e8e88/map/
Lupus Solus Studio,10089230,games-company,False,developer,True,2016-03-29,,https://app.gamesmap.uk/organisations/46b8ae47-b5b6-48b3-ac99-9709153156ad/map/
Lusiadas Interactive,16580269,games-company,False,developer,True,2025-07-14,,https://app.gamesmap.uk/organisations/285c1683-15e4-45ca-99aa-3ffd6be98e72/map/
Luton & Son,11332354,service-company,False,,True,2018-04-27,,https://app.gamesmap.uk/organisations/7e7d7e79-4712-48ea-9e4f-48a20b54ebb7/map/
Lychee Game Labs,09875379,games-company,False,developer,True,2015-11-17,,https://app.gamesmap.uk/organisations/ffc4a9dd-3117-482b-b41b-7a5187a1d52e/map/
Lychgate Studios,SC882035,games-company,False,developer,True,2026-03-11,,https://app.gamesmap.uk/organisations/363090e2-5383-4e71-b360-0bd89e7fb589/map/
Macha Studios,07474922,games-company,False,developer,True,2010-12-21,,https://app.gamesmap.uk/organisations/ed2abd22-f0e9-43c7-aa1f-b095a684cf7f/map/
Machine Studios,09048691,games-company,False,developer,True,2014-05-20,,https://app.gamesmap.uk/organisations/36ab1868-3918-44fe-b30b-2c30d8b1781f/map/
Mad Apper Studios,14138266,games-company,False,developer,True,2022-05-27,,https://app.gamesmap.uk/organisations/8b1577bf-b780-4d67-9d7e-5c68a5294e84/map/
Madbookstudios,11588690,games-company,False,developer,True,2018-09-26,,https://app.gamesmap.uk/organisations/3b1c8d7d-8f10-4076-a0de-412dd2dd0c1c/map/
Mad Crusader,16736415,games-company,False,developer,True,2025-09-23,,https://app.gamesmap.uk/organisations/9c001c6b-228e-4059-a0f7-818eaa99c609/map/
Made With Monster Love,09212544,games-company,False,developer,True,2014-09-10,,https://app.gamesmap.uk/organisations/aa7cabd6-f792-40e6-8e98-7f2c495cc8b1/map/
Mad Fellows,07609874,games-company,False,developer,True,2011-04-19,,https://app.gamesmap.uk/organisations/0082e7c0-70cd-4830-8a98-cd1b0ce6c16f/map/
Mad Man Games,12228652,games-company,False,developer,True,2019-09-26,,https://app.gamesmap.uk/organisations/e8fe5e15-f0f5-4274-883a-3f510d729be4/map/
Madmunki,08021608,games-company,False,developer,True,2012-04-05,,https://app.gamesmap.uk/organisations/d9e26cfd-58d6-4692-a517-2b9aa369f7e0/map/
Madorium,13943032,games-company,True,developer,True,2022-02-28,,https://app.gamesmap.uk/organisations/e9297856-42c3-4e39-bc22-d1550ef3abf3/map/
Madowl Games,09962358,games-company,False,developer,True,2016-01-21,,https://app.gamesmap.uk/organisations/5ef95807-fdc6-4613-a591-52a7597544f1/map/
Madruga Works,09712444,games-company,False,developer,True,2015-07-31,,https://app.gamesmap.uk/organisations/adbff772-de78-47be-b8ff-50e6a9cf5187/map/
Magellanic Games,11673839,games-company,False,developer,True,2018-11-13,,https://app.gamesmap.uk/organisations/d4915324-c7c4-4ca3-b2c3-0016f0aaedfd/map/
Magenta Software,07217950,games-company,False,developer,True,2010-04-09,,https://app.gamesmap.uk/organisations/82b8d70f-2a93-41ee-9afb-faa00a90c263/map/
Mag Games,08892692,games-company,False,developer,True,2014-02-13,,https://app.gamesmap.uk/organisations/4a5aee5d-ddda-4f46-a79a-2c191c31a7ca/map/
Magicave Holdings,13656896,games-company,True,developer; publisher,True,2021-10-01,,https://app.gamesmap.uk/organisations/b13cca55-05f6-4a95-af8a-25fadd87aae9/map/
Magic Dream Studio,16750789,games-company,False,developer,True,2025-09-29,,https://app.gamesmap.uk/organisations/693ad0c6-8ca0-4d33-ba9c-9a4380f2849e/map/
Magic Notion,08344968,games-company,True,developer,True,2013-01-02,,https://app.gamesmap.uk/organisations/10825818-b756-4a97-9a37-6ee3c99f3bff/map/
Magic Productions,12175406,games-company,False,developer,True,2019-08-27,,https://app.gamesmap.uk/organisations/0caedac4-d22c-4e8d-9196-0bbe10a894c9/map/
Magic Tavern,12802431,games-company,False,developer,True,2020-08-10,,https://app.gamesmap.uk/organisations/5c398b52-2412-4d0a-9628-805066d53ffb/map/
Magmatic Games,07710599,games-company,False,developer,True,2011-07-19,,https://app.gamesmap.uk/organisations/6d32eee1-4853-4167-ab8f-7bcf54378c44/map/
Magmaworks,13370036,games-company,False,developer,True,2021-04-30,,https://app.gamesmap.uk/organisations/88533e3f-5620-4e50-8864-2b8acb1445cd/map/
Magna Ludum Creatives,11208148,service-company,True,,True,2018-02-15,,https://app.gamesmap.uk/organisations/4e0c7291-f4e9-430f-81ef-05e32dae91af/map/
Magnetic Arcade,11437053,games-company,True,developer,True,2018-06-28,,https://app.gamesmap.uk/organisations/49294447-6af8-45f4-8bdf-414758f29927/map/
Magnetic Flare Studios,16763603,games-company,False,developer,True,2025-10-05,,https://app.gamesmap.uk/organisations/2fa70ab9-3cd1-4f00-84bf-fe7fd8b7e935/map/
Maha Interactive Labs,17226150,games-company,False,developer,True,2026-05-18,,https://app.gamesmap.uk/organisations/4fe1f40a-2b15-4fea-8868-82f55ea92022/map/
Make-A-Wish Foundation,02031836,service-company,True,,True,1986-06-26,,https://app.gamesmap.uk/organisations/365108aa-b0dd-43c4-bc39-e2c651003909/map/
Make Real,04253279,games-company,True,developer,True,2001-07-17,,https://app.gamesmap.uk/organisations/15baf2a1-0ace-4376-8d07-f6289ddfdc3c/map/
Makingames,09139732,games-company,False,developer,True,2014-07-21,,https://app.gamesmap.uk/organisations/787f24ce-6ace-4ca6-9867-d9268facf240/map/
Making Moves London,09274821,service-company,True,,True,2014-10-22,,https://app.gamesmap.uk/organisations/6335f403-f512-4f5a-b0dc-85b0606affc7/map/
Mak Studios,07200028,games-company,False,developer,True,2010-03-23,,https://app.gamesmap.uk/organisations/a79777fd-c233-48a1-9cbe-88239f2cb8f2/map/
Malarkes Entertainment,13646038,games-company,False,developer,True,2021-09-27,,https://app.gamesmap.uk/organisations/f492b9cf-eb40-4018-b7b9-3b979a4308eb/map/
Maltin Pr,07427503,service-company,True,,True,2010-11-02,,https://app.gamesmap.uk/organisations/3337157c-252b-42ba-9c6e-fefec96e8d2f/map/
Mammoth Studios,16209607,games-company,False,developer,True,2025-01-27,,https://app.gamesmap.uk/organisations/74b50283-bbee-4405-8500-ecf1372655fb/map/
Manapix Interactive,16778560,games-company,False,developer,True,2025-10-10,,https://app.gamesmap.uk/organisations/deaa7156-9030-4bdb-8a11-37fe4b4773a1/map/
MANCHESTER METROPOLITAN UNIVERSITY,,academic-institution,False,,True,,,https://app.gamesmap.uk/organisations/9fdf3937-5103-41b4-b562-27655b4e1f25/map/
Mandasquare,14799067,games-company,False,developer,True,2023-04-13,,https://app.gamesmap.uk/organisations/ba975fff-2faf-4432-8eb8-b50ff58169a5/map/
Mandelduck,09656795,games-company,False,developer,True,2015-06-25,,https://app.gamesmap.uk/organisations/cde9f76b-9b0a-4fe7-ade7-b5c8d4775e94/map/
Mandrillus Maximus,17308946,games-company,False,developer,True,2026-06-30,,https://app.gamesmap.uk/organisations/1d2d6d79-51ae-49dd-8085-032d182fcf09/map/
Mania Games,16718896,games-company,False,developer,True,2025-09-15,,https://app.gamesmap.uk/organisations/d93e847b-270d-490e-b02a-468c94771bdc/map/
Manifest Worldwide,17272555,games-company,False,developer,True,2026-06-10,,https://app.gamesmap.uk/organisations/38e9b4dd-808d-4e25-bac3-56ad44896b5b/map/
Mannering Entertainment,09318644,games-company,False,developer,True,2014-11-19,,https://app.gamesmap.uk/organisations/43701562-1408-4941-9488-7558dececfba/map/
Mansoura Consulting,11983529,games-company,False,developer,True,2019-05-08,,https://app.gamesmap.uk/organisations/f8e2fb22-7aa3-4f56-92b9-9f4889f11870/map/
Mantanoir Studio,16980062,games-company,False,developer,True,2026-01-22,,https://app.gamesmap.uk/organisations/31b90522-c514-49e4-b181-df0743938107/map/
Many Cats Studios,11026811,games-company,False,developer,True,2017-10-23,,https://app.gamesmap.uk/organisations/76168de9-8f8a-4474-aea7-9c1f4456591e/map/
Maoga,16650055,games-company,False,developer,True,2025-08-14,,https://app.gamesmap.uk/organisations/9dc6a0e9-68e6-4bd4-aa4a-817dbe614582/map/
Marionette Studios,07860732,games-company,False,developer,True,2011-11-25,,https://app.gamesmap.uk/organisations/1000c579-07d5-409d-9e4c-01412d351b3c/map/
Maritz Studios,14836354,games-company,False,developer,True,2023-05-01,,https://app.gamesmap.uk/organisations/72806e36-f112-450c-b5d3-403ce6b181c8/map/
Markmonitor International,04847541,service-company,False,,True,2003-07-28,,https://app.gamesmap.uk/organisations/b0c9ed63-3f16-469a-88d1-fa3c9d7f3c10/map/
Marvelous Europe,08013642,games-company,True,publisher,True,2012-03-30,,https://app.gamesmap.uk/organisations/f8126631-3478-4e56-a046-0750384a101c/map/
Mashed Pixels,16745534,games-company,False,developer,True,2025-09-26,,https://app.gamesmap.uk/organisations/0add7289-e414-4815-af2c-29ef78140f62/map/
Mash Virtual International,09986602,games-company,False,developer,True,2016-02-04,,https://app.gamesmap.uk/organisations/db53d52e-44bf-4aa8-bad6-08350cd11492/map/
Massive Monster,09272785,games-company,False,developer,True,2014-10-21,,https://app.gamesmap.uk/organisations/19378abb-687a-42b9-92a5-d29c51bda66d/map/
Mastered Studios,11585221,academic-institution,True,,True,2018-09-24,,https://app.gamesmap.uk/organisations/e66165a4-84b9-455f-b400-fc3af5ea8ead/map/
Matchingham Games,12452205,games-company,False,developer,True,2020-02-10,,https://app.gamesmap.uk/organisations/65715e22-5e11-461b-8402-e98f0423e60b/map/
Mates Entertainment,16820716,games-company,False,developer,True,2025-10-30,,https://app.gamesmap.uk/organisations/ec984b4f-2f00-41f4-b333-7e7b70403964/map/
Matiq Innovation Studio,16938896,games-company,False,developer,True,2026-01-02,,https://app.gamesmap.uk/organisations/021fc888-f151-472c-9649-489e179c04c7/map/
Matmi New Media Design,04142762,games-company,False,developer,True,2001-01-17,,https://app.gamesmap.uk/organisations/b406e44a-0e41-423c-b8b1-f3186de3f48f/map/
Mattel,02687172,games-company,False,developer,True,1992-02-13,,https://app.gamesmap.uk/organisations/cbd28070-d93d-43d4-85b3-804f6c00ef61/map/
Matterworks Interactive,14183673,games-company,False,developer,True,2022-06-20,,https://app.gamesmap.uk/organisations/582e8a32-9172-4aa2-a065-11852734064b/map/
Maverick Games,14285167,games-company,True,developer,True,2022-08-09,,https://app.gamesmap.uk/organisations/234991d3-d3ae-4443-8080-e75d589481ed/map/
Maverick Media,03068959,service-company,True,,True,1995-06-16,,https://app.gamesmap.uk/organisations/eb88ecf7-716b-471f-896e-152c81d0e151/map/
Max Ent Games,07113176,games-company,True,publisher,True,2009-12-29,,https://app.gamesmap.uk/organisations/f45f98cb-2aee-4ef8-bf2e-4814d827abeb/map/
Maximum Entertainment,02955670,games-company,True,publisher,True,1994-08-04,,https://app.gamesmap.uk/organisations/6679cbc0-55c6-4e70-92e7-6623bb003a20/map/
Maysalward,10559399,games-company,False,developer,True,2017-01-11,,https://app.gamesmap.uk/organisations/d278ef03-b257-4a39-8b0a-74feadc15f59/map/
Maze Theory Games Studio,17177394,games-company,False,developer,True,2026-04-23,,https://app.gamesmap.uk/organisations/f9cc6c35-a8b1-4ce4-a50e-25661d5bbd3f/map/
Mazorca Games,09567633,games-company,False,developer,True,2015-04-29,,https://app.gamesmap.uk/organisations/e40f6195-73e4-45dc-982b-cb8c762b54d2/map/
Mbc Game Studio (Uk),17024377,games-company,False,developer,True,2026-02-10,,https://app.gamesmap.uk/organisations/0fc99f79-0a0e-4183-afab-f95b66858be0/map/
Mcarthur Games,SC708792,games-company,False,developer,True,2021-09-07,,https://app.gamesmap.uk/organisations/c48c0bc5-107f-4a6f-8d74-5f5e8baa7874/map/
Meaning Machine Games,16142915,games-company,False,developer,True,2024-12-18,,https://app.gamesmap.uk/organisations/7f0be805-e696-43a0-b0dc-2f4030001d59/map/
Mechabit,08349181,games-company,True,developer,True,2013-01-07,,https://app.gamesmap.uk/organisations/219be57d-f9df-4518-896e-cd9f0b8d543f/map/
Media Molecule,05665849,games-company,True,developer,True,2006-01-04,,https://app.gamesmap.uk/organisations/297f6f9f-2a0b-4255-810b-9e24c25de6ce/map/
Mediatonic,05565220,games-company,True,publisher,True,2005-09-15,,https://app.gamesmap.uk/organisations/9791f2f0-3f61-4f02-971b-066717c10e7f/map/
Megacreep,14484417,games-company,False,developer,True,2022-11-15,,https://app.gamesmap.uk/organisations/721600ac-e6c7-4044-89d8-36d400080610/map/
Melsoft,08432787,games-company,False,developer,True,2013-03-06,,https://app.gamesmap.uk/organisations/184abbe8-8edc-42d7-beba-9d90c4cbfc3e/map/
Menzies,OC336077,service-company,True,,True,2008-04-01,,https://app.gamesmap.uk/organisations/392b6a30-3c96-4386-bf01-367402d8747f/map/
Mera Interactive,16505481,games-company,False,developer,True,2025-06-09,,https://app.gamesmap.uk/organisations/7a930e96-c927-4802-93c0-c445928b1e4c/map/
Merchant Games,10296786,games-company,False,developer,True,2016-07-26,,https://app.gamesmap.uk/organisations/82cefaab-7311-4c23-96f5-69b212d7f256/map/
Mercia Fund Management,06973399,service-company,False,,True,2009-07-27,,https://app.gamesmap.uk/organisations/d7f34a66-f918-4e05-83dc-3e8bd5d27594/map/
Mersey Pixel,16712679,games-company,False,developer,True,2025-09-11,,https://app.gamesmap.uk/organisations/7881d949-27fb-46b3-9def-4d9d9d129825/map/
Mertuxa Games,16536806,games-company,False,developer,True,2025-06-23,,https://app.gamesmap.uk/organisations/3efaa4df-7dc0-4c25-a951-ddf3f4cae179/map/
Merzant Studios,16394256,games-company,False,developer,True,2025-04-17,,https://app.gamesmap.uk/organisations/15b5e897-f735-42e9-88b2-1463e6b91372/map/
Metaclub Interactive,17309031,games-company,False,developer,True,2026-06-30,,https://app.gamesmap.uk/organisations/c60873ac-f48e-4e48-b94a-03f1696dcdfd/map/
Metagravity Studio,13735761,games-company,False,developer,True,2021-11-10,,https://app.gamesmap.uk/organisations/4dd2a90f-a54f-4e06-be8f-62867d81a165/map/
Metal Nugget Studios,17228433,games-company,False,developer,True,2026-05-19,,https://app.gamesmap.uk/organisations/e67cbd18-60ed-4cf8-b536-e6289645ddc7/map/
Metaverse,12734491,games-company,False,developer,True,2020-07-10,,https://app.gamesmap.uk/organisations/38da98c5-0373-4e43-9406-cc6ac5709809/map/
Meteoric Games,07868661,games-company,False,developer,True,2011-12-02,,https://app.gamesmap.uk/organisations/1582d167-5fd8-42b3-9940-f3bfef7aebb9/map/
Methuselah Interactive,14875624,games-company,False,developer,True,2023-05-17,,https://app.gamesmap.uk/organisations/bf5d92f9-f640-43ec-acaa-85e11452e477/map/
Metropolis Entertainment,06389694,games-company,False,developer,True,2007-10-04,,https://app.gamesmap.uk/organisations/ca6adec3-314e-4f23-bd21-3b2f3bfe0280/map/
Metrotext,16905638,games-company,False,developer,True,2025-12-12,,https://app.gamesmap.uk/organisations/d197dc36-62fd-45d4-bf7a-545eadcb1223/map/
"Me, We Studios",07108571,games-company,False,developer,True,2009-12-18,,https://app.gamesmap.uk/organisations/76bfe440-d119-4438-a38c-67f09ccd0243/map/
Meztek,12729872,games-company,False,developer,True,2020-07-08,,https://app.gamesmap.uk/organisations/eab73267-b193-44e0-9c1b-617640b59161/map/
Mezunda,13271457,games-company,False,developer,True,2021-03-16,,https://app.gamesmap.uk/organisations/ad46b3c8-3a20-4230-8bd2-96f7e9133f63/map/
Mfk Studios,17060159,games-company,False,developer,True,2026-02-27,,https://app.gamesmap.uk/organisations/97a2de77-0916-42c1-9a4d-6f4d817d387c/map/
Mib Global,12471313,games-company,False,developer,True,2020-02-19,,https://app.gamesmap.uk/organisations/c24758b7-ba2d-40b8-8927-8e3ac17eed2d/map/
Micro Coding,16756100,games-company,False,developer,True,2025-10-01,,https://app.gamesmap.uk/organisations/2610ddfa-6809-4183-ac62-2dc197150efe/map/
Microfacet Games,16907780,games-company,False,developer,True,2025-12-12,,https://app.gamesmap.uk/organisations/bbd31a1b-dfc0-4e7b-a80c-bd37d9b70b97/map/
Microsoft,01624297,games-company,True,publisher,True,1982-03-24,,https://app.gamesmap.uk/organisations/3e612395-d50a-4e32-b7be-4343b353a4ed/map/
Microwave Games,17132338,games-company,False,developer,True,2026-04-01,,https://app.gamesmap.uk/organisations/781a8e40-f25d-4a34-b595-b013ddd04470/map/
Midasplayer.Com,04534247,games-company,True,developer,True,2002-09-13,,https://app.gamesmap.uk/organisations/2726b564-3a76-4b48-8bc0-24ee5c21bd72/map/
Northern Skills Group,,academic-institution,False,,True,,,https://app.gamesmap.uk/organisations/5d091fe0-7e9f-4635-a8bb-12e6753011d1/map/
MIDDLESEX UNIVERSITY,,academic-institution,False,,True,,,https://app.gamesmap.uk/organisations/d9725f06-f7a9-4e10-8ede-d01cb0928899/map/
Midnight Forge,14780127,games-company,False,developer,True,2023-04-04,,https://app.gamesmap.uk/organisations/93d87b62-3d0f-4cb1-91cc-7bd7af0a8a32/map/
Midoki,07882357,games-company,False,developer,True,2011-12-14,,https://app.gamesmap.uk/organisations/32c54589-a4f9-42e7-abd2-f4b014feebb8/map/
Mighty Kind Studios,16841026,games-company,False,developer,True,2025-11-08,,https://app.gamesmap.uk/organisations/a8f80377-994e-46cc-9a69-23fa1f18a63b/map/
Mighty Minds Games,17130355,games-company,False,developer,True,2026-04-01,,https://app.gamesmap.uk/organisations/d7808a79-b4c6-4b53-8c73-d56702ea91e1/map/
Mikaverse Entertainment,SC755415,games-company,False,developer,True,2023-01-16,,https://app.gamesmap.uk/organisations/142b13bd-0c72-4a69-866a-1f82ff274a93/map/
Mike Bithell Games,08395628,games-company,True,developer,True,2013-02-08,,https://app.gamesmap.uk/organisations/472178ce-5724-47d3-aa81-004dadaf7a89/map/
Mildly Professional,11832525,games-company,False,developer,True,2019-02-18,,https://app.gamesmap.uk/organisations/b21b0091-f707-4200-89ac-1d673cbf19da/map/
Mild Panic Games,16704387,games-company,False,developer,True,2025-09-09,,https://app.gamesmap.uk/organisations/34ae4c2a-8dd3-4e0c-b2ff-3e365dd90347/map/
Milky Tea,05771167,games-company,True,developer,True,2006-04-05,,https://app.gamesmap.uk/organisations/d5ce8cce-953b-4243-9cca-38abfb876c8d/map/
Mimesis Studios,12768442,games-company,False,developer,True,2020-07-27,,https://app.gamesmap.uk/organisations/77bf1d06-1d4a-4993-b0c1-ee941cc40be9/map/
Mimram Media,08991902,service-company,True,,True,2014-04-11,,https://app.gamesmap.uk/organisations/00ebcd2b-a574-4960-85ea-21acd1b5dc6b/map/
Mind Candy,05119483,games-company,False,developer,True,2004-05-05,,https://app.gamesmap.uk/organisations/dc2de0d2-ab03-44c1-9033-f1d9e7e6c8b6/map/
Mind Feast Games,12974695,games-company,False,developer,True,2020-10-26,,https://app.gamesmap.uk/organisations/1f3e32b7-98e7-4ead-a0a9-50f57aaa5c16/map/
Mind Fitness Learning,10716446,service-company,True,,True,2017-04-08,,https://app.gamesmap.uk/organisations/8bab763f-8109-4332-8322-2fe665da33b6/map/
Mindfuel Games,16314096,games-company,False,developer,True,2025-03-13,,https://app.gamesmap.uk/organisations/ca5f4281-2d5c-494b-adc9-c3c029c3a0bc/map/
Mind Pump Games,08549394,games-company,False,developer,True,2013-05-30,,https://app.gamesmap.uk/organisations/40738a91-38de-4092-87c1-144dfb545722/map/
Mindquest Games,16777500,games-company,False,developer,True,2025-10-10,,https://app.gamesmap.uk/organisations/8052b77b-c4c5-4e1b-ac1c-39c017e4fb08/map/
Mindscape,03713107,games-company,False,developer,True,1999-02-12,,https://app.gamesmap.uk/organisations/061c8a34-cbde-4a20-a4f7-5ff898d8ad97/map/
Mind The Grease Games,16908475,games-company,False,developer,True,2025-12-13,,https://app.gamesmap.uk/organisations/f812c08d-dddc-4bcc-9452-081ef06a6f6f/map/
Mineparty Studios,16310171,games-company,False,developer,True,2025-03-12,,https://app.gamesmap.uk/organisations/398a6539-ff8d-4751-8e01-c3bac9a2e38b/map/
Minerva Studio,17280941,games-company,False,developer,True,2026-06-18,,https://app.gamesmap.uk/organisations/87c64332-e614-4e4e-926f-3dbfd90df451/map/
Miniclip (Uk),06432709,games-company,False,developer,True,2007-11-21,,https://app.gamesmap.uk/organisations/25bf3e78-b869-466c-bf71-f0e9e8637e0a/map/
Minskworks,09263867,games-company,False,developer,True,2014-10-14,,https://app.gamesmap.uk/organisations/0555e311-198e-44f4-9c5d-1018e7e8374c/map/
Mint Arcade,08692760,games-company,False,developer,True,2013-09-17,,https://app.gamesmap.uk/organisations/6e5f18c5-e23d-44d0-b238-88a687e05087/map/
Mint Games,09062781,games-company,False,developer,True,2014-05-29,,https://app.gamesmap.uk/organisations/e29c0e2f-0377-46e7-a8d0-9c23e5d1cd4f/map/
Mi Pixel,13677851,games-company,False,developer,True,2021-10-13,,https://app.gamesmap.uk/organisations/910954fc-9709-4249-b0a7-5c0869c6e0bd/map/
Miracle Tea Studios,10417309,games-company,False,developer,True,2016-10-07,,https://app.gamesmap.uk/organisations/726c15b3-56c5-4631-834d-7fe3a553cdde/map/
Mira Mundi,16590007,games-company,False,developer,True,2025-07-17,,https://app.gamesmap.uk/organisations/db67657f-3dbe-4bcd-acca-e3e8454faa1c/map/
Mishcon De Reya,OC399969,service-company,True,,True,2015-05-18,,https://app.gamesmap.uk/organisations/409d2a03-4f54-42a9-8fd6-5a27ffcadfc5/map/
Mission Control Games,16753181,games-company,False,developer,True,2025-09-30,,https://app.gamesmap.uk/organisations/921eb526-4bd3-4f42-b6e7-be04186d6291/map/
Mistral Entertainment,06533356,games-company,False,developer,True,2008-03-13,,https://app.gamesmap.uk/organisations/347a77b7-6a23-4c09-87e8-662a7c901f19/map/
Mixogames,09338574,games-company,False,developer,True,2014-12-03,,https://app.gamesmap.uk/organisations/5649dde2-3817-481a-9698-2657d3e20cf3/map/
Mixr Studios,10598740,games-company,False,developer,True,2017-02-03,,https://app.gamesmap.uk/organisations/b6212d3f-acce-4cda-9ce0-eed8de3cb743/map/
Mmo Games App,12328024,games-company,False,developer,True,2019-11-22,,https://app.gamesmap.uk/organisations/972b54d0-ffc4-4530-8805-ecead65f8971/map/
Mobile Apps,07532847,games-company,False,developer,True,2011-02-17,,https://app.gamesmap.uk/organisations/01f5c0f7-4624-42e2-ba40-219b78da2827/map/
Mobilefusion Apps,10091100,games-company,False,developer,True,2016-03-30,,https://app.gamesmap.uk/organisations/9406f4bb-0a64-4d5c-8386-1850adb367a0/map/
Mobile Gaming Studios,08324771,games-company,False,developer,True,2012-12-10,,https://app.gamesmap.uk/organisations/d4913e1a-433c-4c9b-97fb-86e0d44f9421/map/
Mobile Pie,05557026,games-company,False,developer,True,2005-09-07,,https://app.gamesmap.uk/organisations/60f3cfb5-d54a-4eb6-9312-78cf9229ed34/map/
Mobimi Games,10569045,games-company,False,developer,True,2017-01-17,,https://app.gamesmap.uk/organisations/0f661558-33c1-4676-87a9-21a2ee13a364/map/
Mode 7,04879718,games-company,False,developer,True,2003-08-28,,https://app.gamesmap.uk/organisations/e4a4590a-266f-4190-aee6-e377c99b87b6/map/
Modern Dream,08697827,games-company,True,developer,True,2013-09-19,,https://app.gamesmap.uk/organisations/6b3aa0fc-3fdd-4d0a-a250-a0dad6d1546e/map/
Modern Wolf,11956982,games-company,False,publisher,True,2019-04-23,,https://app.gamesmap.uk/organisations/8ab425e9-afba-4d4b-aada-5cb938fef434/map/
Modnyvr,16546064,games-company,False,developer,True,2025-06-27,,https://app.gamesmap.uk/organisations/c72e96b8-b6ab-4b25-a58e-40f53f22ce1a/map/
Modnyvr-Ophthalmic,16556074,games-company,False,developer,True,2025-07-02,,https://app.gamesmap.uk/organisations/178dad5d-38c9-48e1-a2c8-22f9af169a6b/map/
Modux Studios,10162692,games-company,False,developer,True,2016-05-04,,https://app.gamesmap.uk/organisations/c71985df-9ab7-4b28-8e70-4474b3106a21/map/
Moeru Ai,16896930,games-company,False,developer,True,2025-12-08,,https://app.gamesmap.uk/organisations/5337ee52-1637-473e-af3e-4d73422d3e2b/map/
Mohaci Studios,16555096,games-company,False,developer,True,2025-07-01,,https://app.gamesmap.uk/organisations/dd51d9d6-9b14-4b8b-8a41-89764c303fae/map/
Mojiworks,10324569,games-company,True,developer,True,2016-08-11,,https://app.gamesmap.uk/organisations/c475a207-d210-4db0-9b63-3528604ca9f3/map/
Mojiworks One,10638992,games-company,False,developer,True,2017-02-24,,https://app.gamesmap.uk/organisations/bf4b0388-79ab-4516-a124-9f14c687acdb/map/
Mojo Bones,07704741,games-company,False,developer,True,2011-07-14,,https://app.gamesmap.uk/organisations/83e8b88f-1d23-4914-8534-51e5b2e898f3/map/
Mojo Soft,11300919,games-company,False,developer,True,2018-04-10,,https://app.gamesmap.uk/organisations/3e260afa-3452-478f-9885-471bd057f6f1/map/
Monete,10714771,games-company,False,developer,True,2017-04-07,,https://app.gamesmap.uk/organisations/4c7d975b-0ace-44ec-b3ea-5e9137f5ce20/map/
Monolith Interactive,16927353,games-company,False,developer,True,2025-12-22,,https://app.gamesmap.uk/organisations/711db668-027a-4b43-92eb-735dac7cec0e/map/
Monster And Monster,07586638,games-company,False,developer,True,2011-03-31,,https://app.gamesmap.uk/organisations/cb18c8a0-b1bd-4383-98bd-543dd0fa373c/map/
Montebearo,11852357,games-company,False,developer,True,2019-02-28,,https://app.gamesmap.uk/organisations/6190407e-92c6-4d5f-9743-40c0e5694f31/map/
Monteith Partners Europe,11995664,service-company,False,,True,2019-05-14,,https://app.gamesmap.uk/organisations/6e62eb74-2fb6-4c29-bcaf-786491418dfa/map/
Montgo Studios,16524877,games-company,False,developer,True,2025-06-17,,https://app.gamesmap.uk/organisations/a9fc2aab-2711-4001-bec9-d1f864d0eb6e/map/
Mooda Entertainment,11298660,games-company,False,developer,True,2018-04-09,,https://app.gamesmap.uk/organisations/05a46a8f-5a80-4f2c-88ef-ffc64002fa8c/map/
Moonbear,09982192,games-company,False,developer,True,2016-02-02,,https://app.gamesmap.uk/organisations/9ad17f0a-66c9-4539-854b-8f9e94b94ed3/map/
Moonbit,12308178,games-company,False,developer,True,2019-11-11,,https://app.gamesmap.uk/organisations/1d536b64-e3c0-40e5-ad24-f26de3fc37dd/map/
Moon Boi Studios,14095864,games-company,False,developer,True,2022-05-09,,https://app.gamesmap.uk/organisations/8a948ce2-e4d2-436a-b7dc-7ba7785556db/map/
Mooncall Games,14794855,games-company,False,developer,True,2023-04-12,,https://app.gamesmap.uk/organisations/51838f4e-7f68-41b1-bfaa-c2338176d79e/map/
Moonhead Games,16512652,games-company,False,developer,True,2025-06-11,,https://app.gamesmap.uk/organisations/7e68d145-7a0a-4b4e-9e68-341dcd470124/map/
Moonpod,04755102,games-company,False,developer,True,2003-05-06,,https://app.gamesmap.uk/organisations/ceba6453-8d49-411b-b849-ce1af9e98234/map/
Moon Rocket Games,08950590,games-company,False,developer,True,2014-03-20,,https://app.gamesmap.uk/organisations/bb0d0259-d0c5-4689-855d-c1efe296b0ce/map/
Moonshine Studios,11407999,games-company,False,developer,True,2018-06-11,,https://app.gamesmap.uk/organisations/203d41d2-5f5a-45d3-81e8-d91876fe4d9a/map/
Moore Kingston Smith,OC317343,service-company,True,,True,2006-01-23,,https://app.gamesmap.uk/organisations/4136f120-9a0e-4869-905d-b30c1c36cc68/map/
Moose & Pie Studios,16865399,games-company,False,developer,True,2025-11-19,,https://app.gamesmap.uk/organisations/6aad52fc-2552-45e2-9539-22a5d55d4067/map/
Mordant Void,10884820,games-company,False,developer,True,2017-07-26,,https://app.gamesmap.uk/organisations/c221bec7-60e7-4fdb-8a50-89649e1ee9f9/map/
More Fun With Games,SC744795,games-company,False,developer,True,2022-09-20,,https://app.gamesmap.uk/organisations/f1e45c62-2a1a-4d51-b0e0-59d8aa21b77a/map/
Morrowmoss Studios,16946894,games-company,False,developer,True,2026-01-06,,https://app.gamesmap.uk/organisations/958931ab-3f90-42b9-bce1-4ff13d654d71/map/
Motivetime,02278356,games-company,False,developer,True,1988-07-19,,https://app.gamesmap.uk/organisations/728175cd-3c78-4225-9638-e83cd2e5a492/map/
Mouldy Toof Studios,09256933,games-company,False,developer,True,2014-10-09,,https://app.gamesmap.uk/organisations/1f13ed83-3ca0-4bb9-ae82-d08f80124aac/map/
Moxie Ops,15333260,service-company,True,,True,2023-12-06,,https://app.gamesmap.uk/organisations/8b955e40-7830-437c-aad5-4a42b8ef5d08/map/
Mpound,16500769,games-company,False,developer,True,2025-06-06,,https://app.gamesmap.uk/organisations/ccb7d158-17e8-44e1-83d3-42498bb0e12b/map/
Mra Gaming,17339482,games-company,False,developer,True,2026-07-14,,https://app.gamesmap.uk/organisations/b53714c2-94a2-49df-a44f-53c89626a6ba/map/
Mr Qwak,07999948,games-company,False,developer,True,2012-03-21,,https://app.gamesmap.uk/organisations/368ab35b-352b-4691-9f1a-8419c2bb56fc/map/
Mr Rabbit Games,16655521,games-company,False,developer,True,2025-08-18,,https://app.gamesmap.uk/organisations/4a47a4cc-617c-4665-aa04-9c58ea8ae153/map/
Muffin Games,07503633,games-company,False,developer,True,2011-01-24,,https://app.gamesmap.uk/organisations/4d6b5c1c-46a5-4d9a-914c-db4deb30a587/map/
Murderous Pursuits Game,SC485667,games-company,False,developer,True,2014-09-02,,https://app.gamesmap.uk/organisations/24627df8-b9b9-45b2-85ab-40afe26e1729/map/
Murmuration Games,17347700,games-company,False,developer,True,2026-07-20,,https://app.gamesmap.uk/organisations/9b0ffb0f-2776-4391-89f7-0c6172fec7a4/map/
Mushicap Games,SC858883,games-company,False,developer,True,2025-08-13,,https://app.gamesmap.uk/organisations/f19209f3-4052-49e6-a6b0-edf1619e0cd5/map/
Musta'S Games,16480634,games-company,False,developer,True,2025-05-28,,https://app.gamesmap.uk/organisations/db1d0b38-a8db-4b50-9c91-57b43691c6ef/map/
Mutant Labs,06989755,games-company,False,developer,True,2009-08-13,,https://app.gamesmap.uk/organisations/c1154318-b8e7-4d49-b520-26d87d8e3e2f/map/
Muterra,17288867,games-company,False,developer,True,2026-06-19,,https://app.gamesmap.uk/organisations/1ef623c1-f663-4fce-9267-afa457bed62a/map/
Mutlu Games,16445800,games-company,False,developer,True,2025-05-12,,https://app.gamesmap.uk/organisations/1ae15ceb-e1be-4134-90c4-66f74fcb2c20/map/
Myriad Associates,06638267,service-company,False,,True,2008-07-04,,https://app.gamesmap.uk/organisations/6b63ef8a-dadf-4432-9e62-38fdb89f2518/map/
Myrrors Gaming,17345233,games-company,False,developer,True,2026-07-17,,https://app.gamesmap.uk/organisations/e9d530fd-de23-4a36-b638-8e774a337769/map/
My Teams.Club,12974258,games-company,False,developer,True,2020-10-26,,https://app.gamesmap.uk/organisations/659290f4-7a9a-4cc1-8f37-5d68781c950d/map/
Mythbyte Studios,16550852,games-company,False,developer,True,2025-06-30,,https://app.gamesmap.uk/organisations/923e54d1-5b5f-4f51-8388-7d5e1b0e6da0/map/
Mythical Games,09041146,games-company,True,developer,True,2014-05-15,,https://app.gamesmap.uk/organisations/8089f523-bf47-4091-9e2a-1ed9a4221dab/map/
Myxa,09293252,games-company,False,developer,True,2014-11-03,,https://app.gamesmap.uk/organisations/3fc708dd-bdde-478c-a010-4c6cbcf3c92a/map/
Namo Games,SC463599,games-company,False,developer,True,2013-11-12,,https://app.gamesmap.uk/organisations/83bf7d6d-373e-4d58-bda5-ae7a14488889/map/
Namsu 1908 Studios,16657484,games-company,False,developer,True,2025-08-18,,https://app.gamesmap.uk/organisations/7a276e92-85ac-4a8c-a90e-7a7a568c3a0a/map/
Nanny Goat Games,10774123,games-company,False,developer,True,2017-05-16,,https://app.gamesmap.uk/organisations/bc3be39c-557a-49a9-b93d-8caddcb6be9c/map/
Narrow Street Studios,09222225,games-company,False,developer,True,2014-09-17,,https://app.gamesmap.uk/organisations/ebcca239-5d8a-4374-a83e-4c67cc72250e/map/
National Insecurities,11236053,games-company,False,developer,True,2018-03-06,,https://app.gamesmap.uk/organisations/c48c96d9-6e75-41c0-a15f-94a9e38a0482/map/
National Student Esports,10907331,service-company,False,,True,2017-08-09,,https://app.gamesmap.uk/organisations/8dfe6a23-1e96-4c22-bc7e-50033a696581/map/
Natural Communications,04993195,games-company,True,developer; publisher,True,2003-12-11,,https://app.gamesmap.uk/organisations/77ba2637-ddca-44db-9392-e0cb8945f538/map/
Naturalmotion Games,05973612,games-company,False,developer,True,2006-10-20,,https://app.gamesmap.uk/organisations/41f3b87c-9189-4ef4-b0ff-35a5ea5d961a/map/
Naturalmotion,04304578,games-company,True,developer,True,2001-10-15,,https://app.gamesmap.uk/organisations/61676548-9ccd-49ab-a43d-6584d813c336/map/
Naturalmotion Software,05534049,games-company,False,developer,True,2005-08-11,,https://app.gamesmap.uk/organisations/a54473c4-b54f-445c-a205-2c171719c940/map/
N-Body Solutions,10811850,games-company,False,developer,True,2017-06-09,,https://app.gamesmap.uk/organisations/c2e616bf-de77-4435-8880-09fc5fb622c2/map/
Nc Europe,05165702,games-company,True,publisher,True,2004-06-29,,https://app.gamesmap.uk/organisations/9bf810f6-145b-4f20-a5f9-24ce86cad12a/map/
Newcastle College,,academic-institution,False,,True,,,https://app.gamesmap.uk/organisations/49a9bdf9-8de4-474d-b3ad-b7b9e86bea13/map/
Ndemic Creations,07928565,games-company,False,developer,True,2012-01-30,,https://app.gamesmap.uk/organisations/18a168fd-057c-43d3-a8de-e11247dfa1b7/map/
Ndreams,04362105,games-company,True,developer,True,2002-01-28,,https://app.gamesmap.uk/organisations/6c406171-4666-4cd1-925a-85b59f5704c5/map/
Near Light,10287794,games-company,False,developer,True,2016-07-20,,https://app.gamesmap.uk/organisations/04a43128-6e16-4e82-b31c-44a46f116250/map/
Nebuchadnezzar Games,17049681,games-company,False,developer,True,2026-02-24,,https://app.gamesmap.uk/organisations/0c8d7247-cb9f-4d43-bc80-de47c85473e0/map/
Nebula Games,11804499,games-company,False,developer,True,2019-02-04,,https://app.gamesmap.uk/organisations/fdb85004-8db9-41a3-9f41-b5530c5c1db0/map/
Ne Games,13211167,games-company,True,developer,True,2021-02-18,,https://app.gamesmap.uk/organisations/ef26ad52-0d2e-4c71-95ee-a13bd9a077a3/map/
Nekifo,13333223,games-company,False,developer,True,2021-04-14,,https://app.gamesmap.uk/organisations/26465784-bc01-4fab-858e-3310687093b7/map/
Nekonyan,10729116,games-company,False,publisher,True,2017-04-19,,https://app.gamesmap.uk/organisations/e6909129-1a54-4bb5-b50d-b5cd8c79d18f/map/
Nemean Tale Studios,11291904,games-company,False,developer,True,2018-04-04,,https://app.gamesmap.uk/organisations/9be3758c-f156-4370-99c6-1ee449c78737/map/
Neo Crystal Games,12557693,games-company,False,developer,True,2020-04-15,,https://app.gamesmap.uk/organisations/f036ee8a-87f5-4e43-ad3a-e81ea557cd58/map/
Neon Goblin Games,17200002,games-company,False,developer,True,2026-05-05,,https://app.gamesmap.uk/organisations/b67ad52d-bf17-4b8d-a1c2-7193e20f5281/map/
Neonnova Studios,16989773,games-company,False,developer,True,2026-01-27,,https://app.gamesmap.uk/organisations/b8263f75-0bf3-4f78-94f3-9387b856aa4d/map/
Nequinox Studios,09407408,games-company,True,developer,True,2015-01-27,,https://app.gamesmap.uk/organisations/3fb22585-8ff3-4aef-abd1-509909c41b46/map/
Nerdybird Studios,12320689,games-company,False,developer,True,2019-11-18,,https://app.gamesmap.uk/organisations/e6e9470f-e9c3-428e-a444-e04b45552d9b/map/
Nerial,10103578,games-company,False,developer,True,2016-04-05,,https://app.gamesmap.uk/organisations/26452cf7-0191-4e34-aaa1-8e6b26b2cffd/map/
Nero J,NI676411,games-company,False,developer,True,2021-02-11,,https://app.gamesmap.uk/organisations/963ca984-b38b-4a50-889e-9e627f6314fa/map/
Neshooo,16448089,games-company,False,developer,True,2025-05-13,,https://app.gamesmap.uk/organisations/ad857f36-42a0-4425-af4d-7a12db264b60/map/
Netdevo,05901124,games-company,False,developer,True,2006-08-09,,https://app.gamesmap.uk/organisations/ca8f6a9a-cfe2-4038-b68e-c6d8474c4989/map/
Netspeak Games Development,12800835,games-company,False,developer,True,2020-08-10,,https://app.gamesmap.uk/organisations/82c5b298-1128-43cc-a93c-ea0c3bb23913/map/
Netspeak Games,11862950,games-company,True,developer,True,2019-03-05,,https://app.gamesmap.uk/organisations/2153cbb2-eda7-4994-bc19-ae8e8e2a45fb/map/
Neural Narratives,14744593,games-company,False,developer,True,2023-03-21,,https://app.gamesmap.uk/organisations/d5155ce1-ba49-49f7-992a-0441e68fb5dd/map/
Neuralwaves Interactive,17221215,games-company,False,developer,True,2026-05-14,,https://app.gamesmap.uk/organisations/97e08e6e-0a81-40f8-b68a-3d76b66b5492/map/
Neuro Nova Bad Dog Studios,16763066,games-company,False,developer,True,2025-10-04,,https://app.gamesmap.uk/organisations/7338373d-f1fd-43db-ab78-5fe3af7cf748/map/
Neverbreeze Studios,16793115,games-company,False,developer,True,2025-10-17,,https://app.gamesmap.uk/organisations/17b9833f-a8e6-4583-b65e-856a60e39edc/map/
Neverland Digital Entertainment,13167762,games-company,False,developer,True,2021-01-29,,https://app.gamesmap.uk/organisations/3fcd7a48-1523-4f4b-bff8-77421147232e/map/
Neversleep Games,14600802,games-company,False,developer,True,2023-01-18,,https://app.gamesmap.uk/organisations/49046ae7-c8e7-413b-8c4f-18327f6fcd3b/map/
New Age Games,13971293,games-company,False,developer,True,2022-03-11,,https://app.gamesmap.uk/organisations/cce371ea-baa1-4f74-86a0-bedb24001ebf/map/
Newfangled Games,11795670,games-company,False,developer,True,2019-01-29,,https://app.gamesmap.uk/organisations/6e87df6f-b42a-4253-904b-427d64b1733c/map/
New Gate Studios,17180045,games-company,False,developer,True,2026-04-24,,https://app.gamesmap.uk/organisations/ee7a17f9-1530-4510-8da8-e3ed26796f13/map/
New Man Games,11593908,games-company,False,developer,True,2018-09-28,,https://app.gamesmap.uk/organisations/48a4beef-28e8-474f-b837-e951d5ad4e1e/map/
New Party Rules Labs,13536243,games-company,False,developer,True,2021-07-28,,https://app.gamesmap.uk/organisations/72473822-6aeb-459c-a1ef-685af173f7e4/map/
New Star Games,05940422,games-company,False,developer,True,2006-09-19,,https://app.gamesmap.uk/organisations/186e4c99-26b9-4653-a31f-44839992972b/map/
New Star Publishing,09292502,games-company,True,developer,True,2014-11-03,,https://app.gamesmap.uk/organisations/e033e424-b848-4fe6-9d6a-f41e96684e36/map/
New Table Games,13803446,games-company,False,developer,True,2021-12-15,,https://app.gamesmap.uk/organisations/d055bcc9-2983-46e2-b0da-cee048fa6eb6/map/
New-Tech-Now,16335954,games-company,False,developer,True,2025-03-24,,https://app.gamesmap.uk/organisations/e3a6ab5e-36c7-4c2d-8198-de4288f52821/map/
Newtquest Games,09203404,games-company,False,developer,True,2014-09-04,,https://app.gamesmap.uk/organisations/819afceb-2610-4e8e-90a5-8dbbd8ec3134/map/
Newvex,14804563,games-company,False,developer,True,2023-04-15,,https://app.gamesmap.uk/organisations/bbd96138-f288-483f-86f1-5138dd0df0a7/map/
Next Gen Tourism,12436509,games-company,False,developer,True,2020-01-31,,https://app.gamesmap.uk/organisations/6db47335-c862-4dc8-a44f-93bcb3602a72/map/
Next Level Games,16302505,games-company,False,developer,True,2025-03-09,,https://app.gamesmap.uk/organisations/667e6e5a-972a-4bc5-9d2b-d1e5cf5bb226/map/
Next Number Games,07583720,games-company,False,developer,True,2011-03-30,,https://app.gamesmap.uk/organisations/fc979788-5396-4398-8520-021c82ed6977/map/
Nextrast Solutions,16835604,games-company,False,developer,True,2025-11-06,,https://app.gamesmap.uk/organisations/258255cb-5d2d-4438-8f4c-44b5f9e2fa7b/map/
Next Stop Studios,16278401,games-company,False,developer,True,2025-02-26,,https://app.gamesmap.uk/organisations/584a964c-952d-4e18-b910-186af036251e/map/
Nexus Labs Development,14065644,games-company,False,developer,True,2022-04-25,,https://app.gamesmap.uk/organisations/e068467f-2617-4a51-a7a4-606732241141/map/
Nice Games,16095125,games-company,False,developer,True,2024-11-22,,https://app.gamesmap.uk/organisations/f1103f93-3987-48ec-9258-3ac46aa98ded/map/
Nick Parker Consulting,04357810,service-company,True,,True,2002-01-22,,https://app.gamesmap.uk/organisations/bc7b21f1-4084-4e52-b7b5-54c3511c8a90/map/
Nicmit,13700344,games-company,False,developer,True,2021-10-25,,https://app.gamesmap.uk/organisations/5bdc5b6e-ec99-4988-9029-867dd1b9b283/map/
Nicola Hibbert Consulting,10393169,games-company,False,developer,True,2016-09-26,,https://app.gamesmap.uk/organisations/8873535b-df83-4356-95cb-64b1d0ad31fb/map/
Nidus Games,17180959,games-company,False,developer,True,2026-04-26,,https://app.gamesmap.uk/organisations/01e507fa-fb16-4fa2-9804-467d77cf1d36/map/
Nielsen Book Services,00070437,service-company,True,,True,1901-06-08,,https://app.gamesmap.uk/organisations/e9f4e7bc-9448-4fd1-9b1f-9e33a03a38b4/map/
Niffler,04180412,games-company,True,developer,True,2001-03-15,,https://app.gamesmap.uk/organisations/e6c9274b-ce3a-4d23-b6f3-b6aa9892cfef/map/
Night Wraith Studio,17212828,games-company,False,developer,True,2026-05-12,,https://app.gamesmap.uk/organisations/13eb0ef4-93eb-4497-8985-96aa22a87c88/map/
Nikomus Games,10629529,games-company,False,developer,True,2017-02-20,,https://app.gamesmap.uk/organisations/038bc6c4-2fc4-41ea-984f-8e9821b28890/map/
Nikos Art&Code,16299057,games-company,False,developer,True,2025-03-06,,https://app.gamesmap.uk/organisations/de534f5c-01ef-4068-b916-44f622afc041/map/
Nine Finger Games,13989766,games-company,False,developer,True,2022-03-19,,https://app.gamesmap.uk/organisations/4f886251-660a-49dc-b338-dd9aa62bb89f/map/
Ninja Kiwi Europe,SC285089,games-company,True,developer,True,2005-05-20,,https://app.gamesmap.uk/organisations/c4459da2-0202-4ed5-984c-1f597a466c70/map/
Ninja Theory,05240956,games-company,False,developer,True,2004-09-24,,https://app.gamesmap.uk/organisations/2a6640eb-5d51-4c11-85fc-777374f92dd4/map/
Nintendo Of Europe,BR005889,games-company,True,publisher,True,2001-01-01,,https://app.gamesmap.uk/organisations/21c3cf86-eb5f-47a8-b735-7afd13688f26/map/
Nish Studios,11762255,games-company,False,developer,True,2019-01-11,,https://app.gamesmap.uk/organisations/90d87c17-1433-4e86-b50d-ec03f5243f12/map/
Nisos,11546155,games-company,False,developer,True,2018-08-31,,https://app.gamesmap.uk/organisations/bcb69da7-8457-4555-91aa-362f79133d6e/map/
Nizan,09730944,games-company,False,developer,True,2015-08-13,,https://app.gamesmap.uk/organisations/291d190e-c4f2-4120-a361-b2ad335c5ee2/map/
Njay Studios,16704792,games-company,False,developer,True,2025-09-09,,https://app.gamesmap.uk/organisations/68688232-b20a-4aa8-8634-9d3106057f66/map/
Nkb Gaming Pvt,SC883332,games-company,False,developer,True,2026-03-21,,https://app.gamesmap.uk/organisations/03d68d65-a296-423e-9e2b-31a7363462a8/map/
Noble Games,07234318,games-company,False,developer,True,2010-04-26,,https://app.gamesmap.uk/organisations/882b79d2-7b9a-4000-9ec4-55aee277e6e4/map/
Noctal Games,16504340,games-company,False,developer,True,2025-06-09,,https://app.gamesmap.uk/organisations/7acbc983-605b-4d6e-a3a4-32b039b9be03/map/
Noctal,10835340,games-company,False,developer,True,2017-06-26,,https://app.gamesmap.uk/organisations/6a45f205-f04d-4136-925b-e19e7ef1343d/map/
Noctis Studios,16940486,games-company,False,developer,True,2026-01-03,,https://app.gamesmap.uk/organisations/4cbf8d37-f6f2-4d86-a233-13284ca9d1df/map/
Nocturnal Games,09943872,games-company,False,developer,True,2016-01-11,,https://app.gamesmap.uk/organisations/afcaacc9-6dba-486e-ab78-fb4ffc898cd9/map/
Nocturnal Interactive,16422240,games-company,False,developer,True,2025-04-30,,https://app.gamesmap.uk/organisations/24b42b1d-f0e2-4308-be7c-9a87e8973617/map/
Nocturne Studios,11115545,games-company,False,developer,True,2017-12-18,,https://app.gamesmap.uk/organisations/d8751d15-17cc-4900-892f-9f418fcb5ef3/map/
Nocturn Games,16440148,games-company,False,developer,True,2025-05-09,,https://app.gamesmap.uk/organisations/5c2a1411-11bd-437b-9881-5bfe8d7171e5/map/
Nocturnum Studios,16349394,games-company,False,developer,True,2025-03-27,,https://app.gamesmap.uk/organisations/2ac3aea0-b45a-45fc-bc05-9e9a33b83a60/map/
Nodding Frog,09321859,games-company,False,developer,True,2014-11-21,,https://app.gamesmap.uk/organisations/9adacf08-e3a6-4063-adab-18077806ad63/map/
Noftr. Games,17025946,games-company,False,developer,True,2026-02-11,,https://app.gamesmap.uk/organisations/58d70b27-53c0-462b-aaa9-5bc0dd8da945/map/
Noisia Vision,13504813,games-company,False,developer,True,2021-07-09,,https://app.gamesmap.uk/organisations/53fa9879-7159-4225-abef-dfcfbc2622bb/map/
Noisy Head Games,13186615,games-company,False,developer,True,2021-02-08,,https://app.gamesmap.uk/organisations/7221d2cf-4ea4-491e-a668-c8032cd18e7d/map/
Noisy Neighbor Creative Studios,13404951,games-company,False,developer,True,2021-05-17,,https://app.gamesmap.uk/organisations/273c2b3b-25df-42f8-9116-d9c369b2608c/map/
Nolo Games,10783323,games-company,False,developer,True,2017-05-22,,https://app.gamesmap.uk/organisations/0d0d017c-7352-4692-a55c-bc66c95c76f2/map/
Nomad Games,07661528,games-company,False,developer,True,2011-06-08,,https://app.gamesmap.uk/organisations/2bdf326f-31fa-4ce4-8e9c-ea4d581f89e0/map/
Nomad Interactive,17236491,games-company,False,developer,True,2026-05-21,,https://app.gamesmap.uk/organisations/be1feb4a-a82b-4f0f-8b87-078041f1782c/map/
Nomadz Games,16984054,games-company,False,developer,True,2026-01-23,,https://app.gamesmap.uk/organisations/e33256c0-dff0-4cc2-9547-978974a314a6/map/
No More Robots,10782307,games-company,False,publisher,True,2017-05-22,,https://app.gamesmap.uk/organisations/2a2cbe5d-4bf6-4842-abde-ced086aa26ad/map/
Nonagon Three,09437014,games-company,False,developer,True,2015-02-12,,https://app.gamesmap.uk/organisations/6d2018b7-6ff0-47ce-a9e4-5e14e512f141/map/
None Studios,08298188,games-company,False,developer,True,2012-11-19,,https://app.gamesmap.uk/organisations/8937aba1-2218-454a-9fea-77815954e1ca/map/
Noodle Games,16805897,games-company,False,developer,True,2025-10-23,,https://app.gamesmap.uk/organisations/cf3a7165-0245-4397-9c66-791725119448/map/
Noon Games,16385944,games-company,False,developer,True,2025-04-14,,https://app.gamesmap.uk/organisations/04d8f73b-493d-4b54-bcb9-a833898c00d0/map/
Nordicity,06590057,service-company,False,,True,2008-05-12,,https://app.gamesmap.uk/organisations/6cd51bdd-659e-42cf-99e0-e31bdab43183/map/
Norn Industries,NI659232,games-company,False,developer,True,2019-02-21,,https://app.gamesmap.uk/organisations/a0c16f95-c1b1-40e2-8da4-775d4fb1c240/map/
North Breeze Entertainment,11658119,games-company,False,developer,True,2018-11-05,,https://app.gamesmap.uk/organisations/5df287c7-8cbe-4100-946b-e50c9a2b2d62/map/
NORTH EAST SURREY COLLEGE OF TECHNOLOGY (NESCOT),,academic-institution,False,,True,,,https://app.gamesmap.uk/organisations/0287a9dc-b4da-47e2-9040-b0ef992c6469/map/
Northern Ireland Screen Commission,NI031997,service-company,True,,True,1997-02-26,,https://app.gamesmap.uk/organisations/fe11ddda-8148-4f9b-8652-f91f89d682da/map/
Northline Works,17143832,games-company,False,developer,True,2026-04-08,,https://app.gamesmap.uk/organisations/cee5b803-5b7c-4e19-80ba-8b8194c6f034/map/
Northrak,14150712,games-company,False,developer,True,2022-06-06,,https://app.gamesmap.uk/organisations/938869a0-030b-4efa-917e-2245643a127d/map/
Northstar Interactive,16946581,games-company,False,developer,True,2026-01-06,,https://app.gamesmap.uk/organisations/84be9bf0-c727-4dc5-be0c-0f2a0305d6a2/map/
North Star Video Games,09070557,games-company,False,developer,True,2014-06-04,,https://app.gamesmap.uk/organisations/6d29ab8c-d8be-45f7-841f-cadd2571922b/map/
NORTH WARWICKSHIRE AND SOUTH LEICESTERSHIRE COLLEGE,,academic-institution,False,,True,,,https://app.gamesmap.uk/organisations/5cb88dc3-b876-4e8a-9b80-a45a4fd3d12f/map/
Northwold Trading,16879226,games-company,False,developer,True,2025-11-28,,https://app.gamesmap.uk/organisations/a12fe6ca-d9d2-406a-91cc-656130863f2a/map/
NORWICH UNIVERSITY OF THE ARTS,,academic-institution,False,,True,,,https://app.gamesmap.uk/organisations/25353fa4-dba9-4e82-8394-46bca6bfb7b3/map/
Nosebleed Interactive,08087501,games-company,True,developer,True,2012-05-29,,https://app.gamesmap.uk/organisations/cc5ab5d4-f1fc-4991-a123-bb7be1801ad0/map/
Nos Games,16211596,games-company,False,developer,True,2025-01-27,,https://app.gamesmap.uk/organisations/e7aa5f78-b797-4351-afde-958fb6ea542d/map/
Notaduck,16151558,games-company,False,developer,True,2024-12-24,,https://app.gamesmap.uk/organisations/b8b7fb41-4502-49db-b7ae-643a1380ab85/map/
Not Evil Studios,14731473,games-company,False,developer,True,2023-03-15,,https://app.gamesmap.uk/organisations/83b458e8-f1d0-4e78-aae5-30c5443252c7/map/
Notgames,11760767,games-company,False,developer,True,2019-01-10,,https://app.gamesmap.uk/organisations/ad3cf15f-207e-46b0-8c80-2cd97c0b4165/map/
Nothing But Games,14763263,games-company,False,developer,True,2023-03-28,,https://app.gamesmap.uk/organisations/5320278d-c3f9-4e42-bf44-ac202d63b640/map/
NOTTINGHAM TRENT UNIVERSITY,,academic-institution,False,,True,,,https://app.gamesmap.uk/organisations/842634e5-e573-4561-8528-2d12998ddc74/map/
Nouveau Niche Games,12931961,games-company,False,developer,True,2020-10-06,,https://app.gamesmap.uk/organisations/de9370f0-4c60-4d5b-8e07-f5ae34b96fc3/map/
NOVA CENTRIC LIMITED,,academic-institution,False,,True,,,https://app.gamesmap.uk/organisations/55b26025-5137-4139-a889-1a5a7b9c5cf1/map/
Novadawn Studios,12088068,games-company,False,developer,True,2019-07-05,,https://app.gamesmap.uk/organisations/fb613ab0-b335-45fd-888a-ec8bff5e10a0/map/
Nova Digital Group,16319682,games-company,False,developer,True,2025-03-17,,https://app.gamesmap.uk/organisations/f0cc7224-6223-4587-96bf-8588e7be75c4/map/
Nova Loop Games,17344464,games-company,False,developer,True,2026-07-16,,https://app.gamesmap.uk/organisations/d12d2b56-b63d-4ab4-9a11-2978073e9167/map/
Novarama,04907780,games-company,False,developer,True,2003-09-23,,https://app.gamesmap.uk/organisations/3b9e2294-ff01-452c-9bd1-942437336064/map/
Novel Games,08142865,games-company,False,developer,True,2012-07-13,,https://app.gamesmap.uk/organisations/790e48cb-bbbf-478d-9a86-fa8b0cf04215/map/
Novumber Studios,16562747,games-company,False,developer,True,2025-07-07,,https://app.gamesmap.uk/organisations/621752b6-dd7c-4804-8695-c8512c6e0193/map/
Noxus,08960975,games-company,False,developer,True,2014-03-26,,https://app.gamesmap.uk/organisations/898f4343-3a7c-4e12-8798-fa0945c751c3/map/
Npire Exe,14348688,games-company,False,developer,True,2022-09-09,,https://app.gamesmap.uk/organisations/02f0a557-79c0-4da6-a553-4f8b8f073878/map/
Nuclear Candy,14613085,games-company,False,developer,True,2023-01-24,,https://app.gamesmap.uk/organisations/f7aea825-0f10-467a-9a45-e2a7285bc896/map/
Nuclear Heart Interactive,10188277,games-company,False,developer,True,2016-05-19,,https://app.gamesmap.uk/organisations/a61c60a1-6b75-4ac2-a457-072f81c5d987/map/
Nullify Games,10660006,games-company,False,developer,True,2017-03-08,,https://app.gamesmap.uk/organisations/2ddd27dd-537b-4312-acc7-51e6dcdac73a/map/
Numskull Games,11754974,games-company,True,publisher,True,2019-01-08,,https://app.gamesmap.uk/organisations/d5398128-f3b3-486c-aa20-4a37858638e6/map/
Nxtlvl Education,13982612,games-company,False,developer,True,2022-03-17,,https://app.gamesmap.uk/organisations/9537ff1e-0d57-45de-927a-58f1d86eba40/map/
Nyamyam,07378566,games-company,False,developer,True,2010-09-16,,https://app.gamesmap.uk/organisations/5324df63-6b3b-4434-a84e-1b51b817ebe6/map/
Nysko Games,10809316,games-company,False,developer,True,2017-06-08,,https://app.gamesmap.uk/organisations/d4c794f5-bc64-4382-92f1-df4914588bda/map/
Nyx Digital,05964462,games-company,False,developer,True,2006-10-12,,https://app.gamesmap.uk/organisations/2a519055-d0e8-4a9f-9924-37db26eb27f0/map/
Oak Games,12272248,games-company,False,developer,True,2019-10-21,,https://app.gamesmap.uk/organisations/4a4b75c2-2e83-451e-8e65-a4f95ca56c85/map/
Oakrot Games,16939493,games-company,False,developer,True,2026-01-02,,https://app.gamesmap.uk/organisations/7fa7de9d-1e3e-4b8f-8df4-f3705a62582c/map/
Objective-Z,10956676,games-company,False,developer,True,2017-09-11,,https://app.gamesmap.uk/organisations/e2c304e9-6234-4f5b-9079-39600e2dfe6d/map/
Oblation Studios,16702660,games-company,False,developer,True,2025-09-08,,https://app.gamesmap.uk/organisations/28cbd542-546d-4a6f-99c2-00f5ed2a28f5/map/
Oblivious Studios,13324628,games-company,False,developer,True,2021-04-09,,https://app.gamesmap.uk/organisations/0eb19a1b-27ed-4287-9956-2da7da739f06/map/
Oceara Studio,17300819,games-company,False,developer,True,2026-06-25,,https://app.gamesmap.uk/organisations/6622585d-2b20-4c82-b3fa-586a0ceca343/map/
Odd Bug Studio,09157736,games-company,False,developer,True,2014-08-01,,https://app.gamesmap.uk/organisations/d7d111c1-5c4c-4dcc-a018-75ccd8427c21/map/
Oddform Games,17302818,games-company,False,developer,True,2026-06-26,,https://app.gamesmap.uk/organisations/eb610212-6936-4f88-98ba-1bdaf354615c/map/
Odd Pixel Games,16205774,games-company,False,developer,True,2025-01-24,,https://app.gamesmap.uk/organisations/bbccdeb6-9a5b-4eea-929c-73469ba5ef57/map/
Odd Tales,09453477,games-company,False,developer,True,2015-02-23,,https://app.gamesmap.uk/organisations/6dac553d-94f4-41b2-acc6-0c2edaa62668/map/
Ó Dorchaidhe Games,NI737236,games-company,False,developer,True,2026-01-26,,https://app.gamesmap.uk/organisations/e7f5f2ca-6512-4bf2-b64a-8c753a2fc6f3/map/
Odyssey Game Studios,11440703,games-company,False,developer,True,2018-06-29,,https://app.gamesmap.uk/organisations/c0f23b91-d682-4d2e-af06-ea8d7e5808ea/map/
Off Chain Games,11837698,games-company,False,developer,True,2019-02-20,,https://app.gamesmap.uk/organisations/99d2bdba-7fa1-438d-8a54-147cb009ea75/map/
Offwidth Games,13388236,games-company,False,developer,True,2021-05-11,,https://app.gamesmap.uk/organisations/da85b0a3-46e5-4ee2-af0c-60aec4c5c47e/map/
Oj Games,SC861718,games-company,False,developer,True,2025-09-04,,https://app.gamesmap.uk/organisations/9b7f357d-79fe-4543-8561-84bbfe8c3ba3/map/
Okinvent,13699446,games-company,False,developer,True,2021-10-22,,https://app.gamesmap.uk/organisations/af273add-6319-4757-94d4-275a3b2795d4/map/
Okiplay,08010888,games-company,False,developer,True,2012-03-29,,https://app.gamesmap.uk/organisations/8bb6c79e-3947-49ba-87ed-589d1be20c99/map/
Oktra,03130362,service-company,True,,True,1995-11-24,,https://app.gamesmap.uk/organisations/21b59fe3-3b2e-4398-a83e-0ff92464304a/map/
Old Downtown,16274539,games-company,False,developer,True,2025-02-25,,https://app.gamesmap.uk/organisations/a51938cf-7522-45e5-9714-8805e9acfb32/map/
Omass Games,17057547,games-company,False,developer,True,2026-02-26,,https://app.gamesmap.uk/organisations/f976ede6-e9fe-4bcc-8f2c-87fa962d5285/map/
Omeda Studios,12425865,games-company,True,developer,True,2020-01-27,,https://app.gamesmap.uk/organisations/433ffd2f-0ba8-4f00-bf4d-94563755b653/map/
Omky Studios,10843312,games-company,False,developer,True,2017-06-30,,https://app.gamesmap.uk/organisations/4d920ebc-e0e3-4e34-8d3c-3dddd9e2bdb6/map/
Omnia Interactive,10396582,games-company,False,developer,True,2016-09-27,,https://app.gamesmap.uk/organisations/561919dc-04d5-43d0-8e4f-2476d6ec0dfb/map/
Omni Games,13231468,games-company,False,developer,True,2021-02-27,,https://app.gamesmap.uk/organisations/1eb10468-e233-4d2c-9920-5736aa173187/map/
Omniplay Games,12276685,games-company,False,developer,True,2019-10-23,,https://app.gamesmap.uk/organisations/c658cdb8-f943-4001-94f1-5f48fc659b2a/map/
Omni Systems,06493697,games-company,True,developer,True,2008-02-05,,https://app.gamesmap.uk/organisations/888ad416-42ae-4f75-b549-fd7069930c69/map/
Onebutton Games,11827464,games-company,False,developer,True,2019-02-14,,https://app.gamesmap.uk/organisations/40bd42bb-8422-4ff8-bc40-b078a735d0f6/map/
One Eyed Cat Games,16668577,games-company,False,developer,True,2025-08-22,,https://app.gamesmap.uk/organisations/bff1a144-4700-45b2-aded-837552fb491f/map/
Onefortynine Games,17293756,games-company,False,developer,True,2026-06-22,,https://app.gamesmap.uk/organisations/0103006d-41a2-4e19-a097-d12ba0e081f6/map/
One Rule Games,16877569,games-company,False,developer,True,2025-11-27,,https://app.gamesmap.uk/organisations/45cebdfa-c719-42a7-82ec-23831fc4ad0c/map/
Onexp315,16717107,games-company,False,developer,True,2025-09-15,,https://app.gamesmap.uk/organisations/fb62a95a-e58a-4c2d-b7b7-1820819290ba/map/
Onion Belt Interactive,16894721,games-company,False,developer,True,2025-12-07,,https://app.gamesmap.uk/organisations/bc6bdd30-3a40-434a-9bc7-4d7b0a76896c/map/
Onisteel Studios,17332632,games-company,False,developer,True,2026-07-10,,https://app.gamesmap.uk/organisations/3efdfb8d-fb50-4d11-9844-5d1835448aa5/map/
Onteca,04317651,games-company,False,developer,True,2001-11-06,,https://app.gamesmap.uk/organisations/9315567d-0256-4783-a2be-e07454fd7beb/map/
Onyx Games,16936750,games-company,False,developer,True,2025-12-30,,https://app.gamesmap.uk/organisations/81719d45-6b84-4451-805d-92088df02ac5/map/
Opiñon,11073750,games-company,False,developer,True,2017-11-21,,https://app.gamesmap.uk/organisations/54134384-37d3-4c27-964e-69fc56ca1488/map/
Opion Games,16650148,games-company,False,developer,True,2025-08-14,,https://app.gamesmap.uk/organisations/e7d07f72-2841-44e5-bff4-9e3ac7573b3c/map/
Opposable Games,07787838,games-company,False,developer,True,2011-09-27,,https://app.gamesmap.uk/organisations/246a515f-1e74-4978-af29-c93b35d18801/map/
Opp Studios,16500474,games-company,False,developer,True,2025-06-06,,https://app.gamesmap.uk/organisations/2c03a8a6-3952-4fce-a2ac-7ac964ec859a/map/
Optiflow Ludus Labs,16523644,games-company,False,developer,True,2025-06-17,,https://app.gamesmap.uk/organisations/d74de8a2-c3e3-4048-8d51-495888fdd707/map/
Opus Comics,05811518,games-company,False,developer,True,2006-05-09,,https://app.gamesmap.uk/organisations/3ca793c8-5269-4b0a-8d14-126cdbaeb2a1/map/
Orbital Grade Entertainment,17299058,games-company,False,developer,True,2026-06-24,,https://app.gamesmap.uk/organisations/e378fe56-6b02-421d-9643-70b3a7363d41/map/
Orbit Star Studios,16405059,games-company,False,developer,True,2025-04-24,,https://app.gamesmap.uk/organisations/de9707ee-2013-4713-a6fa-478330d6d39b/map/
Orchid Entertainment,13143534,games-company,False,developer,True,2021-01-19,,https://app.gamesmap.uk/organisations/83135dd0-3352-4843-8454-7806183d8308/map/
Oreville Studios,12185257,games-company,False,developer,True,2019-09-02,,https://app.gamesmap.uk/organisations/84d8bc5d-44bf-40d7-94a5-ddd069e02230/map/
Origin Story Games,12550927,games-company,False,developer,True,2020-04-07,,https://app.gamesmap.uk/organisations/a43d28bc-dd0b-4493-85a0-5ef90a238a64/map/
Orynix,17285487,games-company,False,developer,True,2026-06-19,,https://app.gamesmap.uk/organisations/6bfd44fd-3697-4583-93e9-d0ce260a3c20/map/
Osborne Clarke,OC397443,service-company,False,,True,2015-01-12,,https://app.gamesmap.uk/organisations/a7260ed8-7053-4e8a-96bf-edf0df491cc2/map/
Other5 Games,14595261,games-company,False,developer,True,2023-01-16,,https://app.gamesmap.uk/organisations/e7077149-6e11-4a12-89d8-8b92a2372767/map/
Othermaterials,08206443,games-company,False,developer,True,2012-09-07,,https://app.gamesmap.uk/organisations/903699ae-d340-4f67-8312-29212d218010/map/
Other Things,11975108,service-company,True,,True,2019-05-02,,https://app.gamesmap.uk/organisations/5f34eaf2-d591-40e7-9c24-cfc18936651f/map/
Ots7,09732721,games-company,False,developer,True,2015-08-14,,https://app.gamesmap.uk/organisations/edfc5833-d017-4c9b-a451-1644ddb90989/map/
Ouroboros Games,17349893,games-company,False,developer,True,2026-07-20,,https://app.gamesmap.uk/organisations/6dc7ec41-65b3-45fa-9951-dfb3c21da59c/map/
Oury Clark Consultants,OC305454,service-company,False,,True,2003-09-09,,https://app.gamesmap.uk/organisations/b476159f-1e0b-4c32-aeaf-8ea166e0a02d/map/
Outfit7 Brit,07895168,games-company,False,developer,True,2012-01-03,,https://app.gamesmap.uk/organisations/91b83d52-6da2-4827-b015-9fd4c630dcb9/map/
Outofthebit,06776817,games-company,True,developer,True,2008-12-18,,https://app.gamesmap.uk/organisations/ae568e57-01e7-439f-a402-4d658eaffb6f/map/
Outplay Entertainment,SC386157,games-company,False,developer,True,2010-09-29,,https://app.gamesmap.uk/organisations/a2c64a64-1dd9-4969-9acd-cb9c727bc86f/map/
Outright Games,10385931,games-company,True,publisher,True,2016-09-20,,https://app.gamesmap.uk/organisations/ce42caee-2c69-4408-be6c-29e5b6ffe279/map/
Outsider Games,NI611755,games-company,False,developer,True,2012-03-16,,https://app.gamesmap.uk/organisations/1ce3a38a-97fd-4bdf-8797-2e65c0a3d37e/map/
Outsource Media,04021600,service-company,True,,True,2000-06-26,,https://app.gamesmap.uk/organisations/ce6f50ba-9df6-45bf-be3b-65626eb83e0c/map/
Own Label Games,17354739,games-company,False,developer,True,2026-07-22,,https://app.gamesmap.uk/organisations/4c1c2103-e784-430d-a666-9c1772eb8018/map/
Oxalis Games,12763199,games-company,False,developer,True,2020-07-23,,https://app.gamesmap.uk/organisations/af11290e-44fa-4b60-a71f-eb875485eb9c/map/
Ozuma,08273017,games-company,False,developer,True,2012-10-30,,https://app.gamesmap.uk/organisations/fe2eb6c0-ac38-49e8-844f-b097184c86f6/map/
P2 Games,06806699,games-company,False,developer,True,2009-02-02,,https://app.gamesmap.uk/organisations/b077d0a6-e952-4482-b6b1-724f49fe378a/map/
Pale Eclipse,SC895260,games-company,False,developer,True,2026-07-07,,https://app.gamesmap.uk/organisations/b75d280c-1abc-4560-a37c-fe27dbf09592/map/
Panda Cat Games,15716690,games-company,True,developer,True,2024-05-13,,https://app.gamesmap.uk/organisations/6752af3d-d1f1-44c6-8f4b-48a68c682a3c/map/
Panda Game Studios,11538226,games-company,False,developer,True,2018-08-28,,https://app.gamesmap.uk/organisations/13d21308-1a83-40e5-99e1-bd3b933afc02/map/
Pandara'S Box,NI621976,games-company,False,developer,True,2013-12-16,,https://app.gamesmap.uk/organisations/89b7cde0-18e1-4318-a16b-f9eb1f09469d/map/
Pandco,NI605235,games-company,False,developer,True,2010-11-25,,https://app.gamesmap.uk/organisations/5cab7cef-10dd-4739-b376-898e04be944e/map/
Pandora X Software Studios,11719272,games-company,False,developer,True,2018-12-10,,https://app.gamesmap.uk/organisations/c78712ed-82a4-4067-b49e-b19902c85f77/map/
Pangolin Studios,14107379,games-company,False,developer,True,2022-05-14,,https://app.gamesmap.uk/organisations/83872f26-6d09-4c6f-8638-322750ddc897/map/
Pangunamedia,16262740,games-company,False,developer,True,2025-02-19,,https://app.gamesmap.uk/organisations/7a3e6755-92fe-446b-8b05-5dac24e8f78f/map/
Paper Cut Games,09920333,games-company,False,developer,True,2015-12-17,,https://app.gamesmap.uk/organisations/e622efdc-d43b-4e2e-9cb2-32f1b030bae6/map/
Paper Flower Games,14634090,games-company,False,developer,True,2023-02-02,,https://app.gamesmap.uk/organisations/149c2480-c964-461d-b4f8-aeaa953c283a/map/
Paperseven,07768162,games-company,False,developer,True,2011-09-09,,https://app.gamesmap.uk/organisations/dd060a40-dcab-42bb-8851-1c35b9c1f1fb/map/
Parabellum Studios,SC843623,games-company,False,developer,True,2025-04-02,,https://app.gamesmap.uk/organisations/a8c82c5e-fa9c-47bd-8490-c78cb9501f2c/map/
Parable Studios,15441055,games-company,True,developer,True,2024-01-24,,https://app.gamesmap.uk/organisations/c931d061-dcb5-4780-aaca-b09c3601a24e/map/
Parade,12348164,games-company,False,developer,True,2019-12-04,,https://app.gamesmap.uk/organisations/8d557db8-009f-46e5-b22f-b865e46aa19b/map/
Paradyme,10919668,games-company,False,developer,True,2017-08-16,,https://app.gamesmap.uk/organisations/e5ce0de2-6450-4ed2-b0ac-5f21d5200af0/map/
Parakite,NI619812,games-company,False,developer,True,2013-08-13,,https://app.gamesmap.uk/organisations/7afd6c68-05a3-45b6-8556-4182026e9239/map/
Parallax Games,07666296,games-company,False,developer,True,2011-06-13,,https://app.gamesmap.uk/organisations/ca16479e-033d-40ce-8791-ee9e0306afb7/map/
Parallel Circles,09995868,games-company,False,developer,True,2016-02-09,,https://app.gamesmap.uk/organisations/ad60158e-a64a-431f-ab47-eb4cef7ebf79/map/
Paramecium Games,17331857,games-company,False,developer,True,2026-07-10,,https://app.gamesmap.uk/organisations/2d212d87-a151-426c-80c0-f973d821cd9d/map/
Partickhill Games,SC467200,games-company,False,developer,True,2014-01-13,,https://app.gamesmap.uk/organisations/92ad24ca-df98-4fff-8629-e676a86ab501/map/
Particles Interactive,10822600,games-company,False,developer,True,2017-06-16,,https://app.gamesmap.uk/organisations/a640e51c-1136-4a80-a419-1b8116494cc0/map/
Partners,00497227,service-company,True,,True,1951-07-04,,https://app.gamesmap.uk/organisations/e619c3f5-04f5-4f68-8e83-8d18a27eecfd/map/
Pastime Entertainment,16746252,games-company,False,developer,True,2025-09-26,,https://app.gamesmap.uk/organisations/63425258-e20b-4616-9913-c418dada05b4/map/
Pataphysics,08539807,games-company,True,developer,True,2013-05-22,,https://app.gamesmap.uk/organisations/a327223d-9272-421a-93e6-25b9883c7c1c/map/
Pathbind Games,17124969,games-company,False,developer,True,2026-03-30,,https://app.gamesmap.uk/organisations/ebcc62f4-b724-45ff-bba9-ecd1228fa789/map/
Pathfinder Games,11402155,games-company,False,developer,True,2018-06-07,,https://app.gamesmap.uk/organisations/ef0ad673-b205-4474-9e7a-67788a72df35/map/
Pathforge Games,16794026,games-company,False,developer,True,2025-10-18,,https://app.gamesmap.uk/organisations/32339181-9111-4a3a-bc2c-a7dddb039a23/map/
Patrick Thomas,07960519,games-company,False,developer,True,2012-02-22,,https://app.gamesmap.uk/organisations/e1c7e505-d122-41fe-9f95-1f9c8353886e/map/
Patternedup247,17116271,games-company,False,developer,True,2026-03-25,,https://app.gamesmap.uk/organisations/f45c2771-1471-454e-90cb-c2a595bb08f0/map/
Paw Print Games,07485825,games-company,False,developer,True,2011-01-07,,https://app.gamesmap.uk/organisations/c888333b-8717-4830-80c1-1d8608e521c2/map/
Pay4Games,17253937,games-company,False,developer,True,2026-06-01,,https://app.gamesmap.uk/organisations/6c5bccc6-bd78-453d-89ba-df9218aaa204/map/
Peace Event And Entertainment,16905345,games-company,False,developer,True,2025-12-11,,https://app.gamesmap.uk/organisations/4570be8e-01fc-4732-a6a1-2cc280c0c71f/map/
Peachy Games,16638670,games-company,False,developer,True,2025-08-08,,https://app.gamesmap.uk/organisations/6f507453-5196-49f9-9781-b7ed5b386362/map/
Pearson College London,,academic-institution,False,,True,,,https://app.gamesmap.uk/organisations/0d94a2fa-55b5-403d-8465-fd82869b7caa/map/
Pebbledust Games,16223119,games-company,False,developer,True,2025-02-02,,https://app.gamesmap.uk/organisations/feb1f97b-64e7-43b5-a06b-47268716a4ac/map/
Peculiar Pixels,11355670,games-company,False,developer,True,2018-05-11,,https://app.gamesmap.uk/organisations/195e4192-d6ab-4316-a1ee-0a0534c9a1af/map/
Peek & Poke Interactive,17237277,games-company,False,developer,True,2026-05-22,,https://app.gamesmap.uk/organisations/6988f293-e77e-43b6-a02e-9349a2932106/map/
Pelican 7,09316501,games-company,False,developer,True,2014-11-18,,https://app.gamesmap.uk/organisations/98f36b5e-d658-4957-bd48-2f869c0023b2/map/
Pepper Tango Games,16663257,games-company,False,developer,True,2025-08-20,,https://app.gamesmap.uk/organisations/944422d8-18ee-4ef3-a166-d9c15917db9c/map/
Perchang,09994675,games-company,False,developer,True,2016-02-09,,https://app.gamesmap.uk/organisations/28e49ca0-4bdc-4b8c-a6e5-36f44bf02e43/map/
Perfect Crime Games,13373759,games-company,False,developer,True,2021-05-04,,https://app.gamesmap.uk/organisations/c992e2a0-d089-4e54-b3ee-6737efb0c4ab/map/
Perfect Dimension Studios,07946414,games-company,False,developer,True,2012-02-13,,https://app.gamesmap.uk/organisations/37add1fb-f9cc-4468-b8b1-789899ac5e65/map/
Pgd Games,17265313,games-company,False,developer,True,2026-06-06,,https://app.gamesmap.uk/organisations/56fd370d-fbff-4afe-b65d-c84b8436079d/map/
Pg Game Development,09487648,games-company,False,developer,True,2015-03-13,,https://app.gamesmap.uk/organisations/f936113d-8788-45c0-832e-74eb5699b774/map/
Phaedra Games,12127416,games-company,False,developer,True,2019-07-29,,https://app.gamesmap.uk/organisations/8765453a-2b4f-498b-aaf0-f2dc5b9d5d05/map/
Phoenix Games Holding,12861236,games-company,False,developer,True,2020-09-07,,https://app.gamesmap.uk/organisations/a7097cea-c41d-4921-a83b-0dff4babffd1/map/
Phoenix Interactive,16738600,games-company,False,developer,True,2025-09-24,,https://app.gamesmap.uk/organisations/39c2880c-72c9-450d-a7e0-d7c0ae350c9f/map/
Phoenix,02465958,games-company,False,developer,True,1990-02-01,,https://app.gamesmap.uk/organisations/d749939c-3ebf-43d3-aa3b-7c9fea139592/map/
Pictopotamus,08529784,games-company,False,developer,True,2013-05-15,,https://app.gamesmap.uk/organisations/8f6b0e62-3b2d-4d37-a991-0f9c8bfc1d98/map/
Pierce,10666874,games-company,False,developer,True,2017-03-13,,https://app.gamesmap.uk/organisations/3560e7ab-1112-41c8-8466-a12557e3b2dc/map/
Piggyback Interactive,03521751,service-company,True,,True,1998-03-04,,https://app.gamesmap.uk/organisations/74e3fadb-91f6-4651-9658-57664899f958/map/
Pilchard Games,17333328,games-company,False,developer,True,2026-07-10,,https://app.gamesmap.uk/organisations/07827308-336b-443c-8d8d-105f5cff5bfa/map/
Pillarset Layer Games,16267833,games-company,False,developer,True,2025-02-21,,https://app.gamesmap.uk/organisations/4ad2fb96-307e-42a8-9016-3b7e1f51be50/map/
Pill Bug Interactive,10690991,games-company,False,developer,True,2017-03-27,,https://app.gamesmap.uk/organisations/3d215b7a-145b-437d-8423-0686dba27f22/map/
Pilot Entertainment,08744563,games-company,False,developer,True,2013-10-23,,https://app.gamesmap.uk/organisations/c3e09e96-a3f0-45c5-adcf-c5a1d35cc8f6/map/
Pinecone Games,11131514,games-company,False,developer,True,2018-01-03,,https://app.gamesmap.uk/organisations/e146424a-f17b-4987-acd5-86b21a59545e/map/
Pinewood Studios,00392619,service-company,False,,True,1945-01-18,,https://app.gamesmap.uk/organisations/119c1bd3-8987-4387-8b0b-1fdab53a3e93/map/
Pinfall Games,16323323,games-company,False,developer,True,2025-03-18,,https://app.gamesmap.uk/organisations/ccf566d5-8c4d-4fa1-8d1c-1468e9a5c5f9/map/
Ping Ping Bar,14776348,games-company,False,developer,True,2023-04-03,,https://app.gamesmap.uk/organisations/3c8e902a-1f55-496a-8093-8de33c9d3d90/map/
Pinwydd Entertainment,17323282,games-company,False,developer,True,2026-07-06,,https://app.gamesmap.uk/organisations/ad20b035-57b8-4c58-a8d0-3d570c4b887b/map/
Pixel6 Studios,10606334,games-company,False,developer,True,2017-02-07,,https://app.gamesmap.uk/organisations/356c8cc1-ad12-4f61-a163-09ebd6cbd55f/map/
Pixelated Panties,09767983,games-company,False,developer,True,2015-09-08,,https://app.gamesmap.uk/organisations/3928df45-a0e5-4315-aaa5-fa583df1502d/map/
Pixel Bar Leeds,11346782,service-company,True,,True,2018-05-04,,https://app.gamesmap.uk/organisations/7aa1b1d6-6a96-49f1-8f30-287ff3c6b15b/map/
Pixel Box,16173830,games-company,False,developer,True,2025-01-09,,https://app.gamesmap.uk/organisations/761e4de0-b988-481d-9ce8-4ca6db5f6f40/map/
Pixel Clay,16632573,games-company,False,developer,True,2025-08-06,,https://app.gamesmap.uk/organisations/4e33bff1-cd2e-42e0-8b36-8b5e2d3a2671/map/
Pixelcore Interactive,16538125,games-company,False,developer,True,2025-06-24,,https://app.gamesmap.uk/organisations/73d0ae7a-a677-41af-b39a-8cd25df3b83e/map/
Pixelcount Studios,10179935,games-company,False,developer,True,2016-05-13,,https://app.gamesmap.uk/organisations/5cb599ee-4ea5-4fe9-bc58-6deea6b76f8d/map/
Pixel Envision,09558675,games-company,False,developer,True,2015-04-23,,https://app.gamesmap.uk/organisations/4f0b9bf9-71d0-476a-b281-aae5d282ea66/map/
Pixelfactor,10634577,games-company,False,developer,True,2017-02-23,,https://app.gamesmap.uk/organisations/0f6c4894-5fd4-495e-945e-998837d78b9f/map/
Pixel Flick,11040992,games-company,False,developer,True,2017-10-31,,https://app.gamesmap.uk/organisations/04117d2c-cb56-48d5-9ead-6ac45f42bded/map/
Pixel Helix,15976769,service-company,True,,True,2024-09-24,,https://app.gamesmap.uk/organisations/de99fa11-133c-4580-aaee-db4a17ca2940/map/
Pixel Knights,07701072,games-company,False,developer,True,2011-07-12,,https://app.gamesmap.uk/organisations/ad6573d7-c4ef-44c2-b3a8-9c1aeb992c46/map/
Pixelnova Games,16761045,games-company,False,developer,True,2025-10-03,,https://app.gamesmap.uk/organisations/f25c44b2-614c-4f35-a7db-7e3900d611da/map/
Pixel Pathos,09114245,games-company,False,developer,True,2014-07-03,,https://app.gamesmap.uk/organisations/051d1c26-c152-418a-88f3-76001698c353/map/
Pixel & Pen Studios,16660259,games-company,False,developer,True,2025-08-19,,https://app.gamesmap.uk/organisations/7862ebf7-8975-4dc1-9176-7cefc56471d5/map/
Pixel Pigeon Games,16738852,games-company,False,developer,True,2025-09-24,,https://app.gamesmap.uk/organisations/92726061-4b46-4f6f-b997-fe7e51f72b80/map/
Pixel Playbox,16436961,games-company,False,developer,True,2025-05-08,,https://app.gamesmap.uk/organisations/059dafed-e8eb-4d0a-b518-e925cf806380/map/
Pixel Playground Studio,17184339,games-company,False,developer,True,2026-04-27,,https://app.gamesmap.uk/organisations/ee3d6546-f93f-4287-8bcc-c7f0a997ab51/map/
Pixel Playworks,16153551,games-company,False,developer,True,2024-12-27,,https://app.gamesmap.uk/organisations/f5ab6db5-4f9d-42ff-9b07-1ca733d6aa7c/map/
Pixel Point,12573416,games-company,False,developer,True,2020-04-27,,https://app.gamesmap.uk/organisations/f7cf3623-674d-471f-8cf2-659ab6509927/map/
Pixel Popcorn,17157817,games-company,False,developer,True,2026-04-14,,https://app.gamesmap.uk/organisations/a029e919-c067-4e19-b05c-43df9a5c5ece/map/
Pixel & Prop,17011572,games-company,False,developer,True,2026-02-04,,https://app.gamesmap.uk/organisations/44273733-d645-479e-afab-d591642d2730/map/
Pixel Pyro,07344249,games-company,False,developer,True,2010-08-12,,https://app.gamesmap.uk/organisations/c35a7cdc-76d8-4425-b844-07a021569c99/map/
Pixels Life Studio,SC851226,games-company,False,developer,True,2025-06-05,,https://app.gamesmap.uk/organisations/469539ec-a577-4b3e-b9fd-3b4e595ee137/map/
Pixel Smash Games,14515404,games-company,False,developer,True,2022-11-30,,https://app.gamesmap.uk/organisations/1b72e6ac-aaaa-4569-bea7-da86e3aa8e41/map/
Pixel Squared,NI647226,games-company,False,developer,True,2017-08-02,,https://app.gamesmap.uk/organisations/2db0ab82-d9aa-494f-8ed9-323068962869/map/
Pixel Toys,08228060,games-company,True,developer,True,2012-09-25,,https://app.gamesmap.uk/organisations/7893782f-9abc-4ced-ab55-1aa335ffde14/map/
Pixel Trickery,09698232,games-company,False,developer,True,2015-07-22,,https://app.gamesmap.uk/organisations/566f7c47-10e3-418e-898e-9fb4520af94d/map/
Pixel Verse Studios,16367623,games-company,False,developer,True,2025-04-06,,https://app.gamesmap.uk/organisations/5cf94fd8-5b43-48c2-9f22-79a90d2eeeb6/map/
Pixel Wings,12949781,games-company,False,developer,True,2020-10-14,,https://app.gamesmap.uk/organisations/bed756fc-4b7e-4143-a178-67ae56704044/map/
Pixel Works Distribution,16539549,games-company,False,developer,True,2025-06-24,,https://app.gamesmap.uk/organisations/f61f6774-1820-430a-971d-02a4a3f74e40/map/
Pix Games,SC731085,games-company,False,developer,True,2022-05-01,,https://app.gamesmap.uk/organisations/7e8a4b23-258c-498c-8a29-c919906e6954/map/
Pixion Games,10749772,games-company,True,developer,True,2017-05-02,,https://app.gamesmap.uk/organisations/04963c5f-370e-4f51-b698-906c0d3e2647/map/
Pixipoly,SC833258,games-company,False,developer,True,2025-01-07,,https://app.gamesmap.uk/organisations/8b439f07-82fd-4d6b-abde-ede9e8295d50/map/
Pixward Games,14411879,games-company,False,developer,True,2022-10-11,,https://app.gamesmap.uk/organisations/24a37f7e-a3bf-4e1c-bf44-f6c8376ea97f/map/
Plain Concepts,09361527,games-company,False,developer,True,2014-12-18,,https://app.gamesmap.uk/organisations/04a8339a-3fba-4f97-a249-711583e62dde/map/
Plaion,02925650,games-company,True,publisher,True,1994-05-04,,https://app.gamesmap.uk/organisations/9d352071-430a-4d8c-9ae2-e89b49e80b94/map/
Plan 10 Interactive,17171508,games-company,False,developer,True,2026-04-21,,https://app.gamesmap.uk/organisations/330934f9-352e-4bcf-a064-9b861004e142/map/
Planet Entertainment,12108462,games-company,False,developer,True,2019-07-17,,https://app.gamesmap.uk/organisations/22be86c3-76cf-4abc-b048-73f007ce1b92/map/
Plan Of Attack,06862424,service-company,True,,True,2009-03-28,,https://app.gamesmap.uk/organisations/fef4f50b-398c-4825-8807-da5bfba793d5/map/
Plasma Beam Games,11561277,games-company,False,developer,True,2018-09-10,,https://app.gamesmap.uk/organisations/2cf9e4ef-e88e-4b4f-ad7b-da47d43d1e14/map/
Pla Studios,07518134,games-company,False,developer,True,2011-02-04,,https://app.gamesmap.uk/organisations/90e98063-7d4c-408a-b08b-3efa67605c6b/map/
Platinum Pixel,14023320,games-company,False,developer,True,2022-04-04,,https://app.gamesmap.uk/organisations/376f6574-e255-4a9b-aa79-4cabf078c3dc/map/
Playbook Interactive,16969410,games-company,False,developer,True,2026-01-16,,https://app.gamesmap.uk/organisations/38266ffa-3748-4708-99d9-3fe0d8abaaa5/map/
Playcanvas,07627374,games-company,False,developer,True,2011-05-09,,https://app.gamesmap.uk/organisations/3394a116-0838-4bac-80af-e5d320800cea/map/
Playdemic,07106742,games-company,True,developer,True,2009-12-16,,https://app.gamesmap.uk/organisations/7397451a-a6d6-4b6a-abbb-db3e1f3b25d9/map/
Player Research,07897279,service-company,True,,True,2012-01-04,,https://app.gamesmap.uk/organisations/06795112-8a17-4999-839b-040e3933b6b4/map/
Playerthree,04300401,games-company,False,developer,True,2001-10-08,,https://app.gamesmap.uk/organisations/4621433e-a1a6-40ed-9d3e-7d57bd61bd85/map/
Playfusion,12373957,games-company,False,developer,True,2019-12-20,,https://app.gamesmap.uk/organisations/d78c3691-2f2f-4e06-b76b-2ec15307665c/map/
Playground Games,07057499,games-company,True,developer,True,2009-10-26,,https://app.gamesmap.uk/organisations/e39f6976-2bb7-4d51-8afc-43850aaf5824/map/
Playground Mobile,08847652,games-company,False,developer,True,2014-01-16,,https://app.gamesmap.uk/organisations/bd702489-3c50-4669-9352-a44507c65610/map/
Play It Inc,11178447,games-company,False,publisher,True,2018-01-30,,https://app.gamesmap.uk/organisations/be8d64ad-2ca6-47ae-87f3-8632c3eeec21/map/
Playlance Games,16785769,games-company,False,developer,True,2025-10-15,,https://app.gamesmap.uk/organisations/6c666c50-612a-41ab-81ac-f8df2b6b46fe/map/
Playmotive,08726686,games-company,False,developer,True,2013-10-10,,https://app.gamesmap.uk/organisations/bea4a374-3ab8-41fa-abcd-5bb14c2973ee/map/
Playscale,17221976,games-company,False,developer,True,2026-05-15,,https://app.gamesmap.uk/organisations/463f892c-e2a2-4174-ab4b-5155ae2e05c9/map/
Playset Games,17162712,games-company,False,developer,True,2026-04-16,,https://app.gamesmap.uk/organisations/74b0eb10-f92f-4b73-83a5-78bfbbe6d685/map/
Playsport Games,08487983,games-company,False,developer,True,2013-04-15,,https://app.gamesmap.uk/organisations/da7d4ef2-40bc-44d9-ae91-0c138b9731af/map/
Play Squared Studio,14541657,games-company,False,developer,True,2022-12-14,,https://app.gamesmap.uk/organisations/100d792a-4a1c-448c-b111-1db267cb0d69/map/
Playstack,10168633,games-company,True,publisher,True,2016-05-07,,https://app.gamesmap.uk/organisations/3e57cf21-ad20-4919-9f84-366036ff69cd/map/
Playstyle Games,07957991,games-company,False,developer,True,2012-02-21,,https://app.gamesmap.uk/organisations/e2b8405e-7747-4352-a67d-d9ecd3f29e5f/map/
Play The Game,14431506,games-company,False,developer,True,2022-10-20,,https://app.gamesmap.uk/organisations/569ecbf1-2e7c-4456-8ee8-ba7b58789e94/map/
Playtime Games,14182365,games-company,False,developer,True,2022-06-20,,https://app.gamesmap.uk/organisations/e0ecc132-e8ab-4f3e-be72-68424dbb7fbb/map/
Playtonic Games Development,12210393,games-company,False,developer,True,2019-09-17,,https://app.gamesmap.uk/organisations/c5e457cf-3253-4f3a-8e6b-fea5682fcde3/map/
Playtonic,09172538,games-company,True,developer,True,2014-08-12,,https://app.gamesmap.uk/organisations/ad654adf-764c-4212-a087-c73e3597ceed/map/
Playtoniq Games,17076663,games-company,False,developer,True,2026-03-08,,https://app.gamesmap.uk/organisations/a0704254-a7bf-4370-8590-f9dee5bd4b75/map/
Playtra Games,10858664,games-company,True,developer,True,2017-07-10,,https://app.gamesmap.uk/organisations/61be6f15-a81e-44be-ae61-716a778c4be0/map/
Playwing,05021996,games-company,False,developer,True,2004-01-21,,https://app.gamesmap.uk/organisations/f6beaf36-d8fd-445e-930a-3d2b090b855d/map/
Play With Games,08906706,games-company,False,developer,True,2014-02-21,,https://app.gamesmap.uk/organisations/bc8c9ba2-c739-4ab7-990e-e55fe79d41aa/map/
Playworks Digital,10223032,games-company,False,developer,True,2016-06-09,,https://app.gamesmap.uk/organisations/b7ea88b4-b4b0-4b37-ad3a-bcf1750861f8/map/
Plum Games,14852114,games-company,False,developer,True,2023-05-08,,https://app.gamesmap.uk/organisations/c34c7924-ff85-46a7-9fae-0406f33a9c13/map/
PLYMOUTH COLLEGE OF ART,,academic-institution,False,,True,,,https://app.gamesmap.uk/organisations/f40ec433-bdfe-4db2-82e9-2908b8edd72f/map/
Pocketbinder,16133666,games-company,False,developer,True,2024-12-13,,https://app.gamesmap.uk/organisations/ae2659b2-e41a-4a07-984e-7b06627659f3/map/
Pocket Money Games,09859464,games-company,False,developer,True,2015-11-05,,https://app.gamesmap.uk/organisations/9b31ed0a-32fc-4f29-a513-8ea082d5d1e2/map/
Pocket Sized Hands,SC557798,games-company,False,developer,True,2017-02-16,,https://app.gamesmap.uk/organisations/845409d0-4a61-4efc-a422-1cabafd2aea7/map/
Poisson Rouge Interactica,08316261,games-company,False,developer,True,2012-12-03,,https://app.gamesmap.uk/organisations/b7d8f20e-4cc5-42b6-af80-31b93c78c67e/map/
Polestar Games,11435268,games-company,False,developer,True,2018-06-27,,https://app.gamesmap.uk/organisations/6ad1a411-4a60-443a-b53c-cc90dc819549/map/
Polyart Studio,11670446,games-company,False,developer,True,2018-11-09,,https://app.gamesmap.uk/organisations/eb999548-28d5-4f44-bb6b-78bfb17432bb/map/
Polybius Games,SC346372,games-company,False,developer,True,2008-07-31,,https://app.gamesmap.uk/organisations/f46602a2-184b-43b8-a896-2c54a4313818/map/
Polydonut,SC888313,games-company,False,developer,True,2026-05-01,,https://app.gamesmap.uk/organisations/702111e6-68a7-46fb-964c-1979f5397e8c/map/
Polygon51 Studios,13693038,games-company,False,developer,True,2021-10-20,,https://app.gamesmap.uk/organisations/8e63b22c-1c5b-42b1-a0f0-2decb13b50b2/map/
Polygon Treehouse,10647475,games-company,False,developer,True,2017-03-02,,https://app.gamesmap.uk/organisations/8b85c637-0bc2-4691-92ce-31ce64e8c570/map/
Polyhedron Games,SC519352,games-company,False,developer,True,2015-11-03,,https://app.gamesmap.uk/organisations/63c6ef15-9666-4506-81ec-e8e2c89fd647/map/
Polyplant Games,16587061,games-company,False,developer,True,2025-07-16,,https://app.gamesmap.uk/organisations/7dc38d40-512b-4bd8-8417-1cb9d60ed16e/map/
Polyward,16495924,games-company,False,developer,True,2025-06-04,,https://app.gamesmap.uk/organisations/12c7ef51-6c11-4897-8879-9ed196340b77/map/
Popcorn Entertainment,07841623,games-company,False,developer,True,2011-11-10,,https://app.gamesmap.uk/organisations/a9b4ce72-2029-4519-97b5-d65078536784/map/
Popcultr,08346770,service-company,True,,True,2013-01-04,,https://app.gamesmap.uk/organisations/6a4ff9cd-78a9-4120-94cc-0bc21888775f/map/
Popleaf,09069427,games-company,False,developer,True,2014-06-03,,https://app.gamesmap.uk/organisations/473a740d-9b77-45b9-8486-b12ef8957a0a/map/
Poptacular,08530431,games-company,False,developer,True,2013-05-15,,https://app.gamesmap.uk/organisations/f8dc5c0f-59b7-43e7-9036-47037c91e26f/map/
Portalscope Studios,17059387,games-company,False,developer,True,2026-02-27,,https://app.gamesmap.uk/organisations/bac0d8e4-ada9-423b-bbd4-f7c4e72cb6da/map/
Portivium,17333252,games-company,False,developer,True,2026-07-10,,https://app.gamesmap.uk/organisations/287cd655-8e58-45db-b812-c05611109c7e/map/
Pose Media,14499133,games-company,False,developer,True,2022-11-22,,https://app.gamesmap.uk/organisations/6fe4af26-4419-4317-ab7e-2a720df14427/map/
Positech Computing,03560148,games-company,False,developer,True,1998-05-08,,https://app.gamesmap.uk/organisations/25fa9d5a-b2af-47e2-b522-ab5f696b32c7/map/
Positronic Studios,11262110,games-company,False,developer,True,2018-03-19,,https://app.gamesmap.uk/organisations/d2dfe6d4-49b7-498e-8f66-61126e845c66/map/
Potassium Frog,07766241,games-company,False,developer,True,2011-09-07,,https://app.gamesmap.uk/organisations/53c69092-6628-4659-86cb-a9725dafdf02/map/
Potato Gaffs,NI733455,games-company,False,developer,True,2025-09-17,,https://app.gamesmap.uk/organisations/377abf4f-1a6f-4630-af5c-56b9e4dc21a3/map/
Powcrowd,10119053,games-company,False,developer,True,2016-04-12,,https://app.gamesmap.uk/organisations/cabd783e-f39d-4850-a5db-4159035a479b/map/
Powered Up Games,05515799,games-company,False,developer,True,2005-07-21,,https://app.gamesmap.uk/organisations/5506fa13-575c-4ff6-8ed3-ccb7548d03be/map/
Power Surge Games,SC579244,games-company,False,developer,True,2017-10-18,,https://app.gamesmap.uk/organisations/3ae2b511-940d-4fb2-a195-4a5388a229b9/map/
Pqube,06801773,games-company,True,publisher,True,2009-01-26,,https://app.gamesmap.uk/organisations/a75e6937-190c-49a2-8fa3-c4f9131161e5/map/
Preferred Games,04748491,games-company,False,developer,True,2003-04-29,,https://app.gamesmap.uk/organisations/f6c5ac86-876a-4a59-ba96-ff1caca35bea/map/
Preloaded,04195538,games-company,False,developer,True,2001-04-06,,https://app.gamesmap.uk/organisations/4ceee68a-b01c-4a0b-a57d-da5f820f3dc1/map/
Premier Public Relations,01707417,service-company,True,,True,1983-03-17,,https://app.gamesmap.uk/organisations/5dad787a-62db-4f00-b216-cc3f2c3fc423/map/
Prensorium Games,17116599,games-company,False,developer,True,2026-03-25,,https://app.gamesmap.uk/organisations/e012a4fb-8d05-4171-9398-c917b83a3089/map/
Press Engine,11779526,service-company,True,,True,2019-01-21,,https://app.gamesmap.uk/organisations/da385da6-67df-4273-a2ab-8cc0789f4f60/map/
Aberystwyth University,,academic-institution,False,,True,,,https://app.gamesmap.uk/organisations/a2a958be-f503-492d-81ff-6f7cefc45cbc/map/
Prime Foundry,17093075,games-company,False,developer,True,2026-03-16,,https://app.gamesmap.uk/organisations/17a491f7-72bd-47c8-83fa-956fea1d895c/map/
Prism Game Studios,16302960,games-company,False,developer,True,2025-03-10,,https://app.gamesmap.uk/organisations/3ee31d95-2da5-4857-a8ff-b4e3e2563958/map/
Prodigy Labs,16904098,games-company,False,developer,True,2025-12-11,,https://app.gamesmap.uk/organisations/13451cce-80b5-4332-be14-c154cc70a526/map/
Proelium Studios,10402651,games-company,False,developer,True,2016-09-29,,https://app.gamesmap.uk/organisations/3f3e12d7-70d8-4711-a706-bde3e9ab8aae/map/
Project Game Changer,09533008,games-company,False,developer,True,2015-04-09,,https://app.gamesmap.uk/organisations/edee393c-6ac0-4639-bdcf-4396f7a4322d/map/
Projectklowd Game Studios,11414085,games-company,False,developer,True,2018-06-13,,https://app.gamesmap.uk/organisations/07d403c4-75ef-4cb0-991a-3271747574e9/map/
Projectorgames,06500284,games-company,False,developer,True,2008-02-11,,https://app.gamesmap.uk/organisations/d967bf81-e639-4cb6-aaba-f8a315fe91e8/map/
Prometheus Games,SC893280,games-company,False,developer,True,2026-06-18,,https://app.gamesmap.uk/organisations/67a8b1f1-a103-42d5-8a94-5030ee8519ec/map/
Proper Games,17083754,games-company,False,developer,True,2026-03-10,,https://app.gamesmap.uk/organisations/3a791972-b034-488b-9e58-36932dbfc24a/map/
Protected Void,10131639,games-company,False,developer,True,2016-04-19,,https://app.gamesmap.uk/organisations/c774ca0b-8f13-4c6c-8139-291ec2b4a4d4/map/
Psycho Robbin,14457328,games-company,False,developer,True,2022-11-02,,https://app.gamesmap.uk/organisations/ba6aa544-3223-40b6-b0e8-61294f908e64/map/
Psygnosis,01039371,games-company,False,publisher,True,1972-01-21,,https://app.gamesmap.uk/organisations/eef15649-1ef4-4ff6-bf99-5acace0d2426/map/
Psytec Games,09376117,games-company,True,developer,True,2015-01-06,,https://app.gamesmap.uk/organisations/47ab324b-2694-4e52-adcd-f597f1b99787/map/
Puffin Games,14673214,games-company,False,developer,True,2023-02-18,,https://app.gamesmap.uk/organisations/9a1b231c-2005-4abd-8f34-af77831a5819/map/
Pulsewave Interactive,17071716,games-company,False,developer,True,2026-03-04,,https://app.gamesmap.uk/organisations/ef977e05-7d2f-4ae7-b2e2-3b7b1620b98b/map/
Pulss Digital,16975736,games-company,False,developer,True,2026-01-20,,https://app.gamesmap.uk/organisations/6e231edc-655a-433a-a300-fe55f7803a02/map/
Punch Glass Studios,17274347,games-company,False,developer,True,2026-06-10,,https://app.gamesmap.uk/organisations/a9af569c-f612-4265-bea6-6fc9347b6341/map/
Pure Games Group,11563524,games-company,False,developer,True,2018-09-11,,https://app.gamesmap.uk/organisations/166e3fa4-93c1-4088-aca7-5082ef25759a/map/
Purple Bean Games,17178373,games-company,False,developer,True,2026-04-24,,https://app.gamesmap.uk/organisations/bfe9c8de-6c74-4693-b8df-3926eeb03a1e/map/
Purple Kingdom Games,10753613,games-company,False,developer,True,2017-05-04,,https://app.gamesmap.uk/organisations/841bd091-91ee-4ae3-bf50-8a0e476b8256/map/
Putw,14470279,games-company,False,developer,True,2022-11-08,,https://app.gamesmap.uk/organisations/dc4e33a9-09fe-48cd-b12a-4973f5248d60/map/
Puzzle Games World,SC882464,games-company,False,developer,True,2026-03-16,,https://app.gamesmap.uk/organisations/7da67999-b81b-4a6f-a08f-96f9e43dd38c/map/
Px4 Games & Technology Consulting,10149311,games-company,False,developer,True,2016-04-27,,https://app.gamesmap.uk/organisations/44257f8b-9b08-4f72-b5cb-744c5fc8a77c/map/
Py Game,16821897,games-company,False,developer,True,2025-10-30,,https://app.gamesmap.uk/organisations/49753fb4-c196-43ba-b4f1-d8e01af36210/map/
Pyra,10709425,service-company,True,,True,2017-04-04,,https://app.gamesmap.uk/organisations/a3b06f0a-57a5-468a-9ee8-92f7a5a55765/map/
Pyrosome Games,16435805,games-company,False,developer,True,2025-05-07,,https://app.gamesmap.uk/organisations/126a88e1-4a19-4831-bc41-fc51cedf0751/map/
Qd Events,SC241462,service-company,False,,True,2002-12-20,,https://app.gamesmap.uk/organisations/ab041517-3eda-43bf-a7a5-3459209ca2aa/map/
Qualia Games,17050185,games-company,False,developer,True,2026-02-24,,https://app.gamesmap.uk/organisations/1b1f7ddf-3409-4258-b41b-550795aea242/map/
Quandary Solutions,08782252,games-company,False,developer,True,2013-11-19,,https://app.gamesmap.uk/organisations/723a835d-9d7f-4419-9f91-3feebb8204c5/map/
Quantum Cat,14440048,games-company,False,developer,True,2022-10-24,,https://app.gamesmap.uk/organisations/caca2efc-6f85-48c9-a231-398fe2f4b8b8/map/
Queen Mary University Of London Students' Union,08092471,academic-institution,True,,True,2012-06-01,,https://app.gamesmap.uk/organisations/93d26526-81ea-470c-9b49-805aebf739b4/map/
Quest Arts Interactive,06673860,games-company,False,developer,True,2008-08-15,,https://app.gamesmap.uk/organisations/4596f241-a7df-4865-8bdf-9a041c64d9d2/map/
Questor Studios,09174762,games-company,False,developer,True,2014-08-14,,https://app.gamesmap.uk/organisations/5ab0040c-f086-4f59-83aa-45d9019d336e/map/
Quiet Room Studios,16554843,games-company,False,developer,True,2025-07-01,,https://app.gamesmap.uk/organisations/9d0bb933-3441-478d-a4f8-f9a44f4b7ea6/map/
Quiet Terminal Interactive,16279708,games-company,False,developer,True,2025-02-26,,https://app.gamesmap.uk/organisations/ca63e969-7be0-4428-b47e-a324b3d6ba46/map/
Quiwra,17136716,games-company,False,developer,True,2026-04-04,,https://app.gamesmap.uk/organisations/8e63aa9f-4420-4d19-93a0-587d0da486b3/map/
Quizapp,17204073,games-company,False,developer,True,2026-05-07,,https://app.gamesmap.uk/organisations/697b55dd-ad74-453e-b695-016243eb0900/map/
R8 Games,09305545,games-company,True,developer,True,2014-11-11,,https://app.gamesmap.uk/organisations/85282cfb-e7a6-419b-a09c-0d0abc4c1d75/map/
Raa Studios,12479616,games-company,False,developer,True,2020-02-24,,https://app.gamesmap.uk/organisations/1a4191f8-b8af-4a7b-86ae-e670ab72651e/map/
Raaza,07176896,games-company,False,developer,True,2010-03-03,,https://app.gamesmap.uk/organisations/e6c6ae72-5768-4d88-80e1-073bf603395f/map/
Rabbit Hole Games,13299742,games-company,False,developer,True,2021-03-29,,https://app.gamesmap.uk/organisations/91ab2140-3cdf-42f1-8979-8f46569818f7/map/
Racctuality,16932627,games-company,False,developer,True,2025-12-28,,https://app.gamesmap.uk/organisations/eb84a4ab-eef7-4f6c-ae7a-08c50e6e050d/map/
Radical Forge,10426294,games-company,True,developer,True,2016-10-13,,https://app.gamesmap.uk/organisations/fd39d828-9852-45f8-b2d6-6517568dce07/map/
Ragdollstudios,17328661,games-company,False,developer,True,2026-07-08,,https://app.gamesmap.uk/organisations/f07f995f-3e94-48e1-90ec-2bab2072cdca/map/
Raging Storm Studios,16966755,games-company,False,developer,True,2026-01-15,,https://app.gamesmap.uk/organisations/ff03d0d8-9c42-444c-8d48-305ba3d54f25/map/
Raiden,09556212,games-company,False,developer,True,2015-04-23,,https://app.gamesmap.uk/organisations/f5281b17-bc26-4d08-8c9f-0fc57249e6f4/map/
Railsimulator.Com,06751125,games-company,False,developer,True,2008-11-17,,https://app.gamesmap.uk/organisations/6fcb7f00-992b-40f5-b5c5-e92338d291ac/map/
Rainbook Studios,16658744,games-company,False,developer,True,2025-08-19,,https://app.gamesmap.uk/organisations/069c6bf1-b619-4397-86f1-8626895cb200/map/
Rainfall Games,12461420,games-company,False,developer,True,2020-02-13,,https://app.gamesmap.uk/organisations/fa31488b-5d0f-4bad-91bf-3f53afd58775/map/
Rainy Daze Games,17146429,games-company,False,developer,True,2026-04-09,,https://app.gamesmap.uk/organisations/23901126-e3aa-47d3-8e5d-5de88a41f045/map/
Rampant Apps,SC391053,games-company,False,developer,True,2011-01-06,,https://app.gamesmap.uk/organisations/95542b20-df34-41d4-babe-a1f3b8297086/map/
Rampant Games,10521440,games-company,False,developer,True,2016-12-12,,https://app.gamesmap.uk/organisations/c272a6ea-f0bf-46e9-93f0-75ab86af6398/map/
Randomnine,08216056,games-company,False,developer,True,2012-09-17,,https://app.gamesmap.uk/organisations/c0502d8a-65a7-4652-8ebf-4c6ab4abfcba/map/
Raptor Pr,12012732,service-company,True,,True,2019-05-22,,https://app.gamesmap.uk/organisations/6122a057-01ef-4285-bd98-a3b802b5a244/map/
Raredrop Games,09516490,games-company,False,developer,True,2015-03-28,,https://app.gamesmap.uk/organisations/dc58582e-f388-4c08-9ff5-de1f4826f820/map/
Rare,01905690,games-company,True,developer,True,1985-04-16,,https://app.gamesmap.uk/organisations/2526a683-83d5-4742-a403-8b7c91eaca52/map/
Rasa Studios,12242377,games-company,False,developer,True,2019-10-03,,https://app.gamesmap.uk/organisations/2b9c2a13-4431-4b1c-877a-6ef9de65e296/map/
Raspberry Pi Foundation,06758215,service-company,True,,True,2008-11-25,,https://app.gamesmap.uk/organisations/de905044-77f7-4fdc-9373-19c2d25e938f/map/
Rattle Can Games,14426210,games-company,False,developer,True,2022-10-18,,https://app.gamesmap.uk/organisations/0a916984-33da-4e21-b43d-eb670017b568/map/
Ravengrounds,11089587,games-company,False,developer,True,2017-11-30,,https://app.gamesmap.uk/organisations/6225a5f1-ca6b-43dc-9e38-fac5f80e3488/map/
Raven Ix Studio,10583806,games-company,False,developer,True,2017-01-25,,https://app.gamesmap.uk/organisations/3bc0852c-b685-47d8-be9f-70280a16bfc0/map/
RAVENSBOURNE UNIVERSITY LONDON,,academic-institution,False,,True,,,https://app.gamesmap.uk/organisations/a7803eae-58a5-4561-a111-ede7bb791f8a/map/
Razor Sharp Studios,07487871,games-company,False,developer,True,2011-01-11,,https://app.gamesmap.uk/organisations/753b8cd5-d060-4276-971f-8757e5099c04/map/
Readgraves,13711085,games-company,True,developer,True,2021-10-29,,https://app.gamesmap.uk/organisations/5e5f8d25-4820-4f91-84a8-b6f4fddb7195/map/
Readyaimfire,14432311,service-company,True,,True,2022-10-20,,https://app.gamesmap.uk/organisations/a5954a1d-0a17-468b-8ae1-aafc732e077e/map/
Ready Software,10423775,games-company,False,developer,True,2016-10-12,,https://app.gamesmap.uk/organisations/ef18f9a1-77d7-4269-9e47-7d02cf682de7/map/
Real Axis Interactive,16625877,games-company,False,developer,True,2025-08-04,,https://app.gamesmap.uk/organisations/d03dfa74-801d-446a-9fbc-48123ceb569e/map/
Realfit Vr,12547411,games-company,False,developer,True,2020-04-06,,https://app.gamesmap.uk/organisations/e37e6d21-ff59-4af2-8e5c-2d44d54a5ecd/map/
Really Cool Projects,13710365,games-company,False,developer,True,2021-10-28,,https://app.gamesmap.uk/organisations/138eb043-826c-44a3-ad54-c3b877db46c5/map/
Realm Studios,11200174,games-company,False,developer,True,2018-02-12,,https://app.gamesmap.uk/organisations/28631c08-d149-4090-9b5f-a7379b5e007d/map/
Realmwalker Studios,16767381,games-company,False,developer,True,2025-10-06,,https://app.gamesmap.uk/organisations/94fff03b-02ad-4843-b2e6-4700b5ee160c/map/
Real-Time Visualisation,03485012,service-company,True,,True,1997-12-23,,https://app.gamesmap.uk/organisations/0a957a26-b8d7-4c4b-b54d-dd9afcbb7cc7/map/
Reanimate,09368326,games-company,False,developer,True,2014-12-29,,https://app.gamesmap.uk/organisations/5f6545fe-3a2e-43dc-ac77-931689410ae3/map/
Rebellion Developments,02770940,games-company,False,developer,True,1992-12-04,,https://app.gamesmap.uk/organisations/2b248781-88d7-49ea-b946-2ea80e7939f1/map/
Rebellion Interactive Games,06643596,games-company,False,developer,True,2008-07-10,,https://app.gamesmap.uk/organisations/a4512b93-ecac-41d9-9eba-0fbebee44c10/map/
Rebellion,SC120259,games-company,False,developer,True,1989-09-19,,https://app.gamesmap.uk/organisations/46cad8e3-201c-4ac2-b83d-413cda3115cc/map/
Rebellion North,11721452,games-company,False,developer,True,2018-12-11,,https://app.gamesmap.uk/organisations/ca02614f-14d2-4e08-9015-43565e818c17/map/
Rebellion Software,04688527,games-company,False,developer,True,2003-03-06,,https://app.gamesmap.uk/organisations/80cc6e36-0594-4df7-9a55-e2ac4473caea/map/
Rebellion Warwick,07822337,games-company,False,developer,True,2011-10-25,,https://app.gamesmap.uk/organisations/20d8ce2c-69d2-438e-a269-1507fa8a4343/map/
Rebound Games,17251832,games-company,False,developer,True,2026-06-01,,https://app.gamesmap.uk/organisations/732db524-3cf1-468b-9700-f9ac5e9b7592/map/
Rebourne Studios,08937755,games-company,False,developer,True,2014-03-13,,https://app.gamesmap.uk/organisations/8d31ff49-6bea-42fb-8179-894ec6011e9a/map/
Record Games,14410136,games-company,False,developer,True,2022-10-11,,https://app.gamesmap.uk/organisations/032e94b9-935d-4ec4-b335-b8c40cfd2664/map/
Rectangle,SC571084,games-company,False,developer,True,2017-07-12,,https://app.gamesmap.uk/organisations/a08b6cc9-ec54-4935-8d36-f18f44d0001a/map/
Rectat,16064341,games-company,False,developer,True,2024-11-06,,https://app.gamesmap.uk/organisations/8bc303d6-7d6f-4d00-a680-11c337b3cd7a/map/
Redacted Games,SC838556,games-company,False,developer,True,2025-02-21,,https://app.gamesmap.uk/organisations/bbe6e6dd-319f-4c29-9abc-47fa003b7f01/map/
Red Book Games,12691516,games-company,False,developer,True,2020-06-23,,https://app.gamesmap.uk/organisations/f5e342f2-172f-4e54-acbd-dfd1215c630c/map/
Redbreast Studio,07906572,games-company,False,developer,True,2012-01-11,,https://app.gamesmap.uk/organisations/20fd92ce-a997-4c4e-a6e7-dfd400919d67/map/
Red Bull Media House,05771018,games-company,False,publisher,True,2006-04-05,,https://app.gamesmap.uk/organisations/3c0d49d7-4cc0-4544-a079-efbeee39f9d8/map/
Reddot Games Studios,14477963,games-company,False,developer,True,2022-11-11,,https://app.gamesmap.uk/organisations/9a8e0c50-1e99-489f-930b-fea51cdf54d6/map/
Red Ego Games,12413187,games-company,False,developer,True,2020-01-20,,https://app.gamesmap.uk/organisations/3c772f7b-e3b9-4b78-8912-a83511fa6b5f/map/
Red Giant Games,16463656,games-company,False,developer,True,2025-05-20,,https://app.gamesmap.uk/organisations/0bf8a4b5-8c0d-44c3-bf75-95ac6900995a/map/
Redkar,12882396,games-company,False,developer,True,2020-09-16,,https://app.gamesmap.uk/organisations/7df28a55-46bd-4d16-af1d-47551bb433a4/map/
Red Kite Games,07911481,games-company,True,developer,True,2012-01-16,,https://app.gamesmap.uk/organisations/1b1ceead-fb34-4a83-93f3-21c30fc23e58/map/
Red Kite Software Development,11564865,games-company,False,developer,True,2018-09-12,,https://app.gamesmap.uk/organisations/a024c8fe-8e57-4664-854e-effbd29655b0/map/
Redline Collective,13440477,games-company,False,developer,True,2021-06-07,,https://app.gamesmap.uk/organisations/d3461389-e814-4cd6-971c-59d6c1fe3d14/map/
Red Lizard Games,16292662,games-company,False,developer,True,2025-03-04,,https://app.gamesmap.uk/organisations/52019c0b-6744-4d45-905d-546748bfe0eb/map/
Red Phantom Games,07934546,games-company,False,developer,True,2012-02-03,,https://app.gamesmap.uk/organisations/ef14eb13-69f0-4158-a9c8-5615889012a4/map/
Red Rover Interactive,14666472,games-company,False,developer,True,2023-02-16,,https://app.gamesmap.uk/organisations/a23a08c3-c8aa-4c58-9817-8509c6e58cba/map/
Red Rover Interactive,14717780,games-company,False,developer,True,2023-03-09,,https://app.gamesmap.uk/organisations/eac197e3-e7c3-4fa0-9b9b-5c010ccf5203/map/
Red Sail Games,08102069,games-company,False,developer,True,2012-06-12,,https://app.gamesmap.uk/organisations/cfdea9f5-6e08-4cc0-aaa2-d13ee8b51ffd/map/
Redshifted Games,13858061,games-company,False,developer,True,2022-01-19,,https://app.gamesmap.uk/organisations/23bff625-fcfa-487f-8631-8af861dc2a5e/map/
Redway Games,14304981,games-company,False,developer,True,2022-08-18,,https://app.gamesmap.uk/organisations/b51b53f4-2457-49aa-890e-320fd36ae284/map/
Red Wine Entertainment,16264958,games-company,False,developer,True,2025-02-20,,https://app.gamesmap.uk/organisations/14900f58-eb3c-413e-ba2a-56ae2117d0ac/map/
Reef Entertainment,05372370,games-company,False,publisher,True,2005-02-22,,https://app.gamesmap.uk/organisations/5a3cdee6-41f0-4da5-b40a-1ae086c9826c/map/
Reelmagnet,16567498,games-company,False,developer,True,2025-07-08,,https://app.gamesmap.uk/organisations/cfa6bd62-3148-43ec-b41a-98b219a64bd8/map/
Reengage Developments,SC750340,games-company,False,developer,True,2022-11-14,,https://app.gamesmap.uk/organisations/e19b2d00-3886-4725-85c4-d4bbde781206/map/
Reflectar,14765348,games-company,False,developer,True,2023-03-28,,https://app.gamesmap.uk/organisations/0bf32f00-62bf-4eff-9c32-6f98bf8517b0/map/
Reforged Studios,14085322,games-company,False,publisher,True,2022-05-04,,https://app.gamesmap.uk/organisations/4f855421-62fc-4016-86de-3005e5abaea4/map/
Regatta Games,17296425,games-company,False,developer,True,2026-06-23,,https://app.gamesmap.uk/organisations/10b574e9-1ddb-456e-a206-f8805d8db97d/map/
Regolith Games,06124429,games-company,False,developer,True,2007-02-22,,https://app.gamesmap.uk/organisations/637018e0-297f-413d-a8ab-9dfeeda30879/map/
Reke Studios,10524394,games-company,False,developer,True,2016-12-14,,https://app.gamesmap.uk/organisations/bedec285-b7f9-4e63-88f3-1f28e8f93cbc/map/
Rekim,07815844,games-company,False,developer,True,2011-10-19,,https://app.gamesmap.uk/organisations/3d481578-5327-407d-acfb-c9243d4b8334/map/
Remex Software,09041865,games-company,False,developer,True,2014-05-15,,https://app.gamesmap.uk/organisations/dd7567d1-fa9d-485d-9fe2-742d50690d65/map/
Renaissance Pr,09861822,service-company,True,,True,2015-11-09,,https://app.gamesmap.uk/organisations/e3aec378-4dff-4f1c-baf7-3b2241f3eeae/map/
Renderlab,17281041,games-company,False,developer,True,2026-06-18,,https://app.gamesmap.uk/organisations/a2f43092-db5b-4ed2-a0d8-9d81a71e5bbf/map/
Renewables3D,16247441,games-company,False,developer,True,2025-02-12,,https://app.gamesmap.uk/organisations/759b0ec9-6cfe-48d3-8058-eb85654b37a1/map/
Renzora,17129374,games-company,False,developer,True,2026-03-31,,https://app.gamesmap.uk/organisations/af750dc0-ceb9-485c-ac75-7559689534b2/map/
Repixel8,11786191,games-company,False,developer,True,2019-01-24,,https://app.gamesmap.uk/organisations/d6303a8b-af46-4f64-bc1c-d3104f4ed1fa/map/
Replayed Games,16301789,games-company,False,developer,True,2025-03-07,,https://app.gamesmap.uk/organisations/a35a3b3e-8f38-4796-9c74-ad3fcd166bf5/map/
Replay Events,07476461,service-company,False,,True,2010-12-22,,https://app.gamesmap.uk/organisations/10325487-284b-4b4d-a34c-15cd738759f1/map/
Republic Games,15545776,games-company,False,developer,True,2024-03-07,,https://app.gamesmap.uk/organisations/7ee5157a-60aa-4006-b219-0a5d8c24646a/map/
Resbyte Games,SC865093,games-company,False,developer,True,2025-10-03,,https://app.gamesmap.uk/organisations/ea1a6a47-e8b8-417b-b230-0e3dcf556a2f/map/
Retro Games,09745704,service-company,True,,True,2015-08-24,,https://app.gamesmap.uk/organisations/b8a958d3-e8d7-44e9-87b2-afba36ec8e82/map/
Retrope Studios,16764496,games-company,False,developer,True,2025-10-06,,https://app.gamesmap.uk/organisations/22830a19-c1f2-418e-a076-1cbe9e2f7578/map/
Reverse Games,17153110,games-company,False,developer,True,2026-04-13,,https://app.gamesmap.uk/organisations/7e7e565a-0f44-4d56-bca4-571439467133/map/
Revive Entertainment,SC840503,games-company,False,developer,True,2025-03-07,,https://app.gamesmap.uk/organisations/5369cd05-5176-4360-afa1-e8ea54f3e1a7/map/
Revolgy,08805310,service-company,True,,True,2013-12-06,,https://app.gamesmap.uk/organisations/b3bbf31a-8cf7-4195-99f5-6d522f313c10/map/
Revolution Software,02484526,games-company,True,developer,True,1990-03-23,,https://app.gamesmap.uk/organisations/cd57f013-b9f9-43e6-817e-4707bca2f43e/map/
Rev Rooms (Sound),12342436,service-company,True,,True,2019-12-02,,https://app.gamesmap.uk/organisations/1e7d14ef-99de-4bb1-a4d3-8d755adfab9d/map/
Reward Racer,16532208,games-company,False,developer,True,2025-06-20,,https://app.gamesmap.uk/organisations/910941f5-2b74-4e4d-97f3-9e3df1d802ec/map/
Rewind Productions,11349353,games-company,False,developer,True,2018-05-08,,https://app.gamesmap.uk/organisations/49d2e1ce-7f47-4564-9d92-895b4df3eb0d/map/
Reyn Interactive,16076373,games-company,False,developer,True,2024-11-12,,https://app.gamesmap.uk/organisations/7c4c41d2-93d9-441f-9143-f62b30c36bf2/map/
Rg Group,11436560,games-company,False,developer,True,2018-06-27,,https://app.gamesmap.uk/organisations/ce091bd1-35b7-4db2-870a-c9e6429f58c4/map/
Rh Interactive,10591650,games-company,False,developer,True,2017-01-30,,https://app.gamesmap.uk/organisations/9e2e2346-e178-4b8a-8089-fb2209059536/map/
Rhomita,17189797,games-company,False,developer,True,2026-04-29,,https://app.gamesmap.uk/organisations/6ec17c45-380c-466e-8f1d-18fee2843c87/map/
Rhyanova,17251608,games-company,False,developer,True,2026-06-01,,https://app.gamesmap.uk/organisations/9e7ae302-a589-4eba-9c1a-057c30d73244/map/
Richard Loxley,03944363,games-company,False,developer,True,2000-03-09,,https://app.gamesmap.uk/organisations/dd54b59b-badb-4789-af4e-bdba686d679c/map/
Rifter Games,09576221,games-company,False,developer,True,2015-05-06,,https://app.gamesmap.uk/organisations/38a2cf9c-ded1-4e9c-a623-3d5c4a0ae5f8/map/
Riot Games Services,08818044,games-company,True,developer; publisher,True,2013-12-17,,https://app.gamesmap.uk/organisations/27787d0f-6b00-4fff-baaa-905631d51221/map/
Ripstone,07489192,games-company,True,developer; publisher,True,2011-01-11,,https://app.gamesmap.uk/organisations/838b509d-41c1-4537-b819-7d11eb1969d5/map/
Rira Games,17248137,games-company,False,developer,True,2026-05-28,,https://app.gamesmap.uk/organisations/1ba3b294-b0db-4fe8-9629-57725f13c5fb/map/
Risho Games,16405284,games-company,False,developer,True,2025-04-24,,https://app.gamesmap.uk/organisations/287ad50a-04f7-43ec-9ea8-c6708ea99869/map/
Rising Sun Studios,09014164,games-company,False,developer,True,2014-04-28,,https://app.gamesmap.uk/organisations/c08e7af9-be76-4d73-8997-ad0969d91c8c/map/
Rivet Games,SC605121,games-company,False,developer,True,2018-08-13,,https://app.gamesmap.uk/organisations/ca08c086-377c-4093-b53a-330b567e873d/map/
Rizviur,16984401,games-company,False,developer,True,2026-01-23,,https://app.gamesmap.uk/organisations/03fce052-b3eb-4e01-ac07-d889732df1b1/map/
Rnd Games,16808713,games-company,False,developer,True,2025-10-24,,https://app.gamesmap.uk/organisations/610e2f55-e4f9-4126-bac7-b9caf38e70c8/map/
RNN GROUP,,academic-institution,False,,True,,,https://app.gamesmap.uk/organisations/a3b5f29b-27fd-4fcd-a92b-d45b2b7791ed/map/
Roadside Games,16696167,games-company,False,developer,True,2025-09-05,,https://app.gamesmap.uk/organisations/fe362dda-6662-4886-b8b2-7bfb8746bad7/map/
Roaran,SC633577,games-company,False,developer,True,2019-06-17,,https://app.gamesmap.uk/organisations/be6b42c4-d3f6-4555-aa35-e0bfb3c2933a/map/
Roberts & Co Bunsen Outlet,08787812,games-company,False,developer,True,2013-11-25,,https://app.gamesmap.uk/organisations/11f873eb-1a09-418f-8b7f-e652dfdda93b/map/
Robinson Arts And Games,13957992,games-company,False,developer,True,2022-03-05,,https://app.gamesmap.uk/organisations/86dcc4bb-b5d1-4d0b-8cd0-d09ec231cba3/map/
Robot Teddy,10847056,service-company,True,,True,2017-07-03,,https://app.gamesmap.uk/organisations/0cd5e454-c6f8-47bb-b035-efa057245803/map/
Robust Arts,16635401,games-company,False,developer,True,2025-08-07,,https://app.gamesmap.uk/organisations/aee21824-241b-4a4c-9b31-f109d6c55d22/map/
Robust Games,13285961,games-company,False,developer,True,2021-03-23,,https://app.gamesmap.uk/organisations/e5a11c17-0d52-4ded-a9cf-10a3cf0438e9/map/
Rocket Flair Studios,NI647159,games-company,False,developer,True,2017-07-31,,https://app.gamesmap.uk/organisations/97af9b48-7b4d-4d26-8ef1-6a865d4b407d/map/
Rocket Fuel Games,12327184,games-company,False,developer,True,2019-11-21,,https://app.gamesmap.uk/organisations/dc9207f1-6017-4898-aa97-156041185be2/map/
Rocket Science Corporation (Uk),14437277,games-company,False,developer,True,2022-10-24,,https://app.gamesmap.uk/organisations/2c7e72ef-6846-45f1-9cf7-3479bb820157/map/
Rocksoft,11635118,games-company,False,developer,True,2018-10-22,,https://app.gamesmap.uk/organisations/de468fe1-7c08-4b56-80be-ed28b7bdf8d1/map/
Rockstar Dundee,06574738,games-company,False,developer,True,2008-04-23,,https://app.gamesmap.uk/organisations/b70de6b0-d43c-48ed-aa50-2f9fadbc4c38/map/
Rockstar Games,03312220,games-company,False,developer,True,1997-02-04,,https://app.gamesmap.uk/organisations/d0dabdfc-32df-49c7-8382-e0b922e33c16/map/
Rockstar International,05584724,games-company,False,developer,True,2005-10-06,,https://app.gamesmap.uk/organisations/1cbf557e-525a-40e3-9a11-56fbb0b6388a/map/
Rockstar London,05902287,games-company,False,developer,True,2006-08-10,,https://app.gamesmap.uk/organisations/730d6dd4-ef98-4adc-a091-7f6faf6d70ae/map/
Rocksteady Studios,05280625,games-company,True,developer,True,2004-11-08,,https://app.gamesmap.uk/organisations/31bd2c84-c030-4103-b9e1-31a8ac897a2b/map/
Rocktapus,12409052,games-company,False,developer,True,2020-01-17,,https://app.gamesmap.uk/organisations/571fefc0-1a1e-48af-a6d6-0fa3f007fe8a/map/
Rockwater Games,13548422,games-company,False,developer,True,2021-08-04,,https://app.gamesmap.uk/organisations/874a0f76-77df-4f7d-9f0c-151bb19e6955/map/
Rockwood Interactive,17161828,games-company,False,developer,True,2026-04-16,,https://app.gamesmap.uk/organisations/3b4facac-8311-4ed7-8eff-77e39b9d1b7e/map/
Rodent Studio,16882699,games-company,False,developer,True,2025-12-01,,https://app.gamesmap.uk/organisations/922dd1aa-1d41-4a49-851f-b8de0f0976b8/map/
Roehampton University,05161359,academic-institution,True,,True,2004-06-23,,https://app.gamesmap.uk/organisations/77050ca8-5b8b-4eaf-b75c-e2a551c2623f/map/
Roguebyte Interactive,16262250,games-company,False,developer,True,2025-02-19,,https://app.gamesmap.uk/organisations/a201cfe7-be64-413e-b3a9-5a1e001656af/map/
Rogue Digital Studios,17271235,games-company,False,developer,True,2026-06-09,,https://app.gamesmap.uk/organisations/92805d5f-11b8-4d2b-9897-04dacdaca545/map/
Rollingmedia,06580350,games-company,True,developer,True,2008-04-30,,https://app.gamesmap.uk/organisations/ad45976c-f1a0-46a7-a64c-b878ec66969f/map/
Room 17 Studio,10791672,games-company,False,developer,True,2017-05-26,,https://app.gamesmap.uk/organisations/a83f50a5-84d8-4f3e-844c-03c0fd84a583/map/
Rospeath Studios,10458884,games-company,False,developer,True,2016-11-02,,https://app.gamesmap.uk/organisations/26c2daa3-f644-40a2-8337-736a7a2a6c38/map/
Rough Ride Games,09041032,games-company,False,developer,True,2014-05-15,,https://app.gamesmap.uk/organisations/0de37e15-1c39-41aa-ba66-3b86d1a70ca9/map/
Round Squares Studios,10954172,games-company,False,developer,True,2017-09-08,,https://app.gamesmap.uk/organisations/7c6d004a-e982-4466-b6a0-3630f17d334d/map/
Rovio,09081846,games-company,False,developer,True,2014-06-11,,https://app.gamesmap.uk/organisations/c375f4f6-6e25-4fb9-90cb-81170c5be3a8/map/
Rowan Games,SC829907,games-company,False,developer,True,2024-11-25,,https://app.gamesmap.uk/organisations/dd01fb96-62bd-4197-8d16-9c11445a8962/map/
Roxor Gaming,11881927,games-company,False,developer,True,2019-03-14,,https://app.gamesmap.uk/organisations/bbda80f5-446a-4a81-9399-91c8f57ec3f5/map/
"Royal Holloway, University of London",,academic-institution,False,,True,,,https://app.gamesmap.uk/organisations/2080e986-1740-4e5c-be2e-00b60072005c/map/
Rpg Raid Roleplaying Games,13397694,games-company,False,developer,True,2021-05-14,,https://app.gamesmap.uk/organisations/e87630e2-f64b-402a-84ce-48296bef1b36/map/
Rs Games,16930016,games-company,False,developer,True,2025-12-23,,https://app.gamesmap.uk/organisations/8ff34868-f351-46d2-bf97-5121b7d17e16/map/
Rsm Uk Group,OC325346,service-company,False,,True,2007-01-15,,https://app.gamesmap.uk/organisations/4cbb9676-290b-4479-9120-5df0dd252bd8/map/
Rsm Uk Management,03077999,service-company,True,,True,1995-07-10,,https://app.gamesmap.uk/organisations/c329bbd4-d0e7-4259-9b7d-3eebbb99ef24/map/
Rubberduckysnacks,15150490,games-company,False,developer,True,2023-09-20,,https://app.gamesmap.uk/organisations/254672bb-c224-4f78-ba85-fe34c5ac76d9/map/
Rubber Road,08233870,games-company,False,publisher,True,2012-09-28,,https://app.gamesmap.uk/organisations/b7e47101-0a27-4481-a683-2b01c43e6701/map/
Rubicon Mobile,05397209,games-company,False,developer,True,2005-03-17,,https://app.gamesmap.uk/organisations/5d82237e-24de-437b-9570-06544decc8ef/map/
Rude Raven Games,SC749302,games-company,False,developer,True,2022-11-03,,https://app.gamesmap.uk/organisations/3c30ee06-b294-46a9-a773-e937deabbab2/map/
Ruisheng Holdings,14635014,service-company,True,developer,True,2023-02-02,,https://app.gamesmap.uk/organisations/bb4b7adb-489f-4a94-aa41-471726c3ff95/map/
Rumpus Animation,07637023,games-company,False,developer,True,2011-05-17,,https://app.gamesmap.uk/organisations/e523769e-5ec3-4cbd-a016-49bbf2ca486e/map/
Rune Cube Studios,16577713,games-company,False,developer,True,2025-07-11,,https://app.gamesmap.uk/organisations/c1d6d19a-3141-4727-8870-a635936be8ef/map/
Runehustle,16500739,games-company,False,developer,True,2025-06-06,,https://app.gamesmap.uk/organisations/eec04d6d-97f3-409c-85f3-1aa2851fc0da/map/
Runestone Games,05091036,games-company,False,developer,True,2004-04-01,,https://app.gamesmap.uk/organisations/d802023e-44c5-4a81-8dbf-a77708499042/map/
Runner Duck Games Independent,17247567,games-company,False,developer,True,2026-05-28,,https://app.gamesmap.uk/organisations/368d21df-5c03-400e-ba31-61f02bfaca84/map/
Runner Duck Games,10473771,games-company,False,developer,True,2016-11-10,,https://app.gamesmap.uk/organisations/fba7a479-5afa-4594-9572-def4573d9620/map/
Rupagency,16516388,games-company,False,developer,True,2025-06-13,,https://app.gamesmap.uk/organisations/662c4ead-362a-404c-acd8-1b2e57b869a5/map/
Rxljy,17215644,games-company,False,developer,True,2026-05-12,,https://app.gamesmap.uk/organisations/0ff10520-9107-42ee-9bb9-5f3abd6dfdcb/map/
S2 Entertainment,09362263,games-company,False,developer,True,2014-12-19,,https://app.gamesmap.uk/organisations/75c91dd3-b814-4ee3-94b1-f5d586942c0d/map/
S6 London,16190806,games-company,False,developer,True,2025-01-17,,https://app.gamesmap.uk/organisations/ba5850ad-c993-4907-bc96-68e231b750a3/map/
Sacrifice Games,16693151,games-company,False,developer,True,2025-09-03,,https://app.gamesmap.uk/organisations/cd948e08-47d5-495d-bbeb-a0ada9829b38/map/
Sad Owl Studios,13384882,games-company,True,developer,True,2021-05-10,,https://app.gamesmap.uk/organisations/3cb09182-76c8-4fc8-9f81-9d7534defa42/map/
SAE Institute Ltd,,academic-institution,False,,True,,,https://app.gamesmap.uk/organisations/e71f62ee-14b7-4b65-917a-6f79985d687a/map/
Sakora Studios,NI729727,games-company,False,developer,True,2025-05-23,,https://app.gamesmap.uk/organisations/72b2aa26-5738-4c24-a2e0-7a896a67d53f/map/
Salica Investments,08760647,service-company,False,,True,2013-11-04,,https://app.gamesmap.uk/organisations/bb4eeb64-e2fd-4972-bd3f-f33a9a3849e8/map/
Salient Entertainment,16835518,games-company,False,developer,True,2025-11-06,,https://app.gamesmap.uk/organisations/268ccfa9-7da8-441b-b594-d2052b7b24a3/map/
Salix Games,10097915,games-company,False,developer,True,2016-04-01,,https://app.gamesmap.uk/organisations/d92db388-cc9b-4629-b2c2-d7be8a12fdb0/map/
Saltlight City,16249204,games-company,False,developer,True,2025-02-13,,https://app.gamesmap.uk/organisations/77499cd0-cee5-41de-af5a-a7cd465bb042/map/
Salt Stone Studios,NI634766,games-company,False,developer,True,2015-11-11,,https://app.gamesmap.uk/organisations/807aabce-aeb4-4f65-b3d1-5100c8c42f7c/map/
Salty Studios Games,17232842,games-company,False,developer,True,2026-05-20,,https://app.gamesmap.uk/organisations/020457ba-684f-4e4a-9098-4a1c0ac1b526/map/
Sam Claydon Games,14492122,games-company,False,developer,True,2022-11-18,,https://app.gamesmap.uk/organisations/dc83b952-10ba-4c47-b7ea-e6f58c9b305e/map/
Sanctuary Woods,12108265,games-company,False,developer,True,2019-07-17,,https://app.gamesmap.uk/organisations/43a1e1fb-6a8f-4f70-9958-4d0bf9094dab/map/
Sandbank Studios,11440187,games-company,False,developer,True,2018-06-29,,https://app.gamesmap.uk/organisations/abcd5c42-da29-449b-ad6d-832f0998320a/map/
Sandcat Studios,17355129,games-company,False,developer,True,2026-07-22,,https://app.gamesmap.uk/organisations/0e6ff12c-64de-4649-9c6b-b23689c54956/map/
Sand Dune Games,16594406,games-company,False,developer,True,2025-07-21,,https://app.gamesmap.uk/organisations/82ac8176-6f33-4d31-a6ae-c00883aeeb8b/map/
Sandford Tech,13267496,games-company,True,developer; publisher,True,2021-03-15,,https://app.gamesmap.uk/organisations/9b6fc628-4ae0-42f1-8604-bd403f974f1a/map/
Sand Gardeners,13188781,games-company,False,developer,True,2021-02-09,,https://app.gamesmap.uk/organisations/4cbc5c8f-137e-4f72-b7c2-4223f75ba3a2/map/
Sanity Check Games,16153020,games-company,False,developer,True,2024-12-27,,https://app.gamesmap.uk/organisations/cd3977d2-0441-4ba8-8cdf-a9d58e32894c/map/
Sapphire Remainco,07372832,games-company,True,developer,True,2010-09-10,,https://app.gamesmap.uk/organisations/7db67771-7280-40b3-876a-85290bffa68b/map/
Saracen Games,11524133,games-company,False,developer,True,2018-08-17,,https://app.gamesmap.uk/organisations/14fa3a26-241e-4695-9615-299fc52b4bfc/map/
Saragan Games,16316193,games-company,False,developer,True,2025-03-14,,https://app.gamesmap.uk/organisations/59074717-980f-454b-ae8f-7261a982cb33/map/
Sasa Entertainment,12312400,games-company,False,developer,True,2019-11-13,,https://app.gamesmap.uk/organisations/aa30115d-0658-437e-967b-dc8529f38433/map/
Sashimi Games,11181634,games-company,False,developer,True,2018-02-01,,https://app.gamesmap.uk/organisations/05224118-f851-4ade-8b53-9f5cf57f15bb/map/
Sauce Games,17082929,games-company,False,developer,True,2026-03-10,,https://app.gamesmap.uk/organisations/0068c23e-c724-4aeb-9184-c015d75bf27a/map/
Savage Game Design,10870879,games-company,False,developer,True,2017-07-18,,https://app.gamesmap.uk/organisations/df21a9c3-a221-48bd-be24-adcfb4af38f4/map/
Savage Game Group,10865746,games-company,False,developer,True,2017-07-14,,https://app.gamesmap.uk/organisations/08710b6d-fe6d-4ae2-ace6-aafbd62d5512/map/
Savage Game Projects,13701803,games-company,False,developer,True,2021-10-25,,https://app.gamesmap.uk/organisations/6fbc10af-adab-4375-8a41-e85dbe23d1e9/map/
Savage Pixel Studios,12292220,games-company,False,developer,True,2019-10-31,,https://app.gamesmap.uk/organisations/cec231e9-68b6-47e6-a66f-3e113cabf4c5/map/
Saywhen Tech,17293699,games-company,False,developer,True,2026-06-22,,https://app.gamesmap.uk/organisations/f034f2d5-bdd2-4422-9162-dc8dfbad74d8/map/
Scale Of Deeds,16459874,games-company,False,developer,True,2025-05-19,,https://app.gamesmap.uk/organisations/60a6c91f-32a1-473a-a572-c428b04f633b/map/
Scan Computers International,02620081,service-company,True,,True,1991-06-13,,https://app.gamesmap.uk/organisations/a3704528-d54c-4497-9df8-24b50efba4f7/map/
Scansion,16276018,games-company,False,developer,True,2025-02-25,,https://app.gamesmap.uk/organisations/4b33b8d6-e259-4263-942d-925a0bfd051b/map/
Scary Beasties,06452322,games-company,False,developer,True,2007-12-13,,https://app.gamesmap.uk/organisations/039a9587-bdf7-4797-858a-14f47f5f39c7/map/
Scary Studios,SC874109,games-company,False,developer,True,2026-01-05,,https://app.gamesmap.uk/organisations/919708f6-ab96-4c49-ac98-58913b4d998d/map/
Scatterbrain Games,17354774,games-company,False,developer,True,2026-07-22,,https://app.gamesmap.uk/organisations/53e66ef6-6edf-4ae0-9c27-17a8b31ed96a/map/
Scenegraph Studios,10903302,games-company,False,developer,True,2017-08-07,,https://app.gamesmap.uk/organisations/aeff995e-59f7-48f8-83bb-7e7b03185c2b/map/
Science: Gamed,09578994,games-company,False,developer,True,2015-05-07,,https://app.gamesmap.uk/organisations/0bfde25d-6188-48af-a0ac-791bb7657e8e/map/
Sci Games,02201262,games-company,False,publisher,True,1987-12-01,,https://app.gamesmap.uk/organisations/69a8aca4-8478-475f-bd80-57355dd8a598/map/
Scopely,12217303,games-company,False,developer,True,2019-09-20,,https://app.gamesmap.uk/organisations/3e699745-7959-4c18-bc2a-7235251ef5e1/map/
Scrap Alley Studios,17145519,games-company,False,developer,True,2026-04-09,,https://app.gamesmap.uk/organisations/a5f89ca9-e583-4335-aabf-23c096ead54e/map/
Screaming Cat Studios,14627660,games-company,False,developer,True,2023-01-31,,https://app.gamesmap.uk/organisations/a5afec90-d30b-4850-921b-8d98defd0472/map/
Screen Burn Interactive,SC500575,games-company,False,developer,True,2015-03-16,,https://app.gamesmap.uk/organisations/f37ccfd8-9b33-4efe-8f26-3eddd60a8d0b/map/
Scribble Games,09280203,games-company,False,developer,True,2014-10-24,,https://app.gamesmap.uk/organisations/2a0fd5db-54c2-47ce-bc0b-b6d7778e9766/map/
Scriptoria Illuminate,14536999,games-company,False,developer,True,2022-12-12,,https://app.gamesmap.uk/organisations/158b9150-d254-43b9-92b4-ac429595a378/map/
Scyte Studios,16493048,games-company,False,developer,True,2025-06-03,,https://app.gamesmap.uk/organisations/e9358ff9-e4d3-4f1c-8fcc-63ac2c1b539e/map/
Seacorp Technologies,09639625,games-company,False,developer,True,2015-06-15,,https://app.gamesmap.uk/organisations/1e779d06-0a9c-4ded-9a43-f290b2d9ad13/map/
Second Impact Games,07764771,games-company,False,developer,True,2011-09-07,,https://app.gamesmap.uk/organisations/d3091006-9eef-4163-9c0b-74dd1c811951/map/
Second River Games,16705965,games-company,False,developer,True,2025-09-09,,https://app.gamesmap.uk/organisations/e370d55a-ba7c-4cce-a423-ecf213df395f/map/
Second Star Games,16369582,games-company,False,developer,True,2025-04-07,,https://app.gamesmap.uk/organisations/35bcdafd-291c-4659-9728-4d767a302b42/map/
Secret Dev Digital,17348332,games-company,False,developer,True,2026-07-20,,https://app.gamesmap.uk/organisations/6d30562b-97b2-49ff-99a8-c8c7e6f6ea9a/map/
Secret Sorcery,09550581,games-company,False,developer,True,2015-04-20,,https://app.gamesmap.uk/organisations/8875cf08-898d-4824-815e-ec7951e01237/map/
Sega Europe,01669057,games-company,True,publisher,True,1982-10-04,,https://app.gamesmap.uk/organisations/4b90642c-0e1e-41b8-b6b0-1f391eda4a9b/map/
Sega Publishing Europe,05562700,games-company,False,publisher,True,2005-09-13,,https://app.gamesmap.uk/organisations/4de49cec-7353-487e-b408-c266e9041bc6/map/
Sega Publishing Europe Vgdc,12431834,games-company,False,developer,True,2020-01-29,,https://app.gamesmap.uk/organisations/1fe0860a-d5e5-4241-b754-0bf4b6abb668/map/
Self Tape Battle,16783175,games-company,False,developer,True,2025-10-14,,https://app.gamesmap.uk/organisations/9f42e7d1-fcb3-4d7c-bc39-133ff6e18cdd/map/
Semaeopus,08905783,games-company,False,developer,True,2014-02-21,,https://app.gamesmap.uk/organisations/d353b078-865d-489d-929d-b1e38ff20ad3/map/
Septagram Games,14732739,games-company,False,developer,True,2023-03-15,,https://app.gamesmap.uk/organisations/d002d2dc-3584-4948-b10e-7fca470b283d/map/
Serendipitune,17350474,games-company,False,developer,True,2026-07-20,,https://app.gamesmap.uk/organisations/6db89b56-1bc7-4951-9f86-3d788b87c433/map/
Serene Content Studios,16220664,games-company,False,developer,True,2025-01-31,,https://app.gamesmap.uk/organisations/3c5600d1-4e03-4f7a-a2c2-8a9782ac6e75/map/
Serious Point Games,15564475,games-company,True,developer,True,2024-03-15,,https://app.gamesmap.uk/organisations/d65eb9ab-97d2-43b8-9dac-d2a2e816d066/map/
Services Alm,14236016,games-company,False,developer,True,2022-07-15,,https://app.gamesmap.uk/organisations/49c04256-bfba-46b1-b5ce-2db5a6ccdbd6/map/
Sesh Gaming,16081539,games-company,False,developer,True,2024-11-15,,https://app.gamesmap.uk/organisations/6082e457-9fd8-475e-b9da-0f8482d9d657/map/
Seventh Disorder,16377689,games-company,False,developer,True,2025-04-09,,https://app.gamesmap.uk/organisations/53267b8e-3740-49ee-8644-87a516b327c0/map/
Sevon Digital,16268806,games-company,False,developer,True,2025-02-21,,https://app.gamesmap.uk/organisations/eec4efc5-9bae-4a1e-a07b-8af9d2ec4048/map/
Seymour Studios,16278197,games-company,False,developer,True,2025-02-26,,https://app.gamesmap.uk/organisations/d1912720-ba7e-424b-ae2e-87d273502f73/map/
Sfb Games,08072089,games-company,True,developer,True,2012-05-16,,https://app.gamesmap.uk/organisations/1beb8a39-20d3-4308-87cc-c206f4c2933e/map/
Shad0W Realm Studios,17284312,games-company,False,developer,True,2026-06-18,,https://app.gamesmap.uk/organisations/f43cf5e8-a7b1-437e-9d67-9927d8392d6b/map/
Shared Worlds Entertainment,17335989,games-company,False,developer,True,2026-07-13,,https://app.gamesmap.uk/organisations/02817ffd-12c4-44da-88a1-26b6c03819ff/map/
Sharkbowl Games,10898873,games-company,False,developer,True,2017-08-03,,https://app.gamesmap.uk/organisations/37808340-3cb5-4fa3-89b7-01c3f1e9692d/map/
Shark Infested Custard,08545385,games-company,True,developer,True,2013-05-28,,https://app.gamesmap.uk/organisations/2b0d1d46-b325-45b1-b851-c6122b795dfe/map/
Sharkmob London,12604807,games-company,True,developer,True,2020-05-15,,https://app.gamesmap.uk/organisations/647b9919-bd8d-444e-9d16-a9e0fbbea23a/map/
Sharp Glass Games,NI731744,games-company,False,developer,True,2025-07-25,,https://app.gamesmap.uk/organisations/604c6b31-ec76-4b12-9168-629779034e07/map/
Shaven Puppy,03956602,games-company,False,developer,True,2000-03-27,,https://app.gamesmap.uk/organisations/e4446619-bb82-4458-af86-14fe59693238/map/
Shedworks Digital,09889570,games-company,False,developer,True,2015-11-26,,https://app.gamesmap.uk/organisations/1ccabf1b-27c2-4036-b142-941afd98d417/map/
"SHEFFIELD COLLEGE, THE",,academic-institution,False,,True,,,https://app.gamesmap.uk/organisations/62541bd0-cba8-4a28-8505-83d1eefd8684/map/
SHEFFIELD HALLAM UNIVERSITY,,academic-institution,False,,True,,,https://app.gamesmap.uk/organisations/79cdb93b-bc74-4768-81da-938ea49c0c70/map/
Sheldon Research,14206452,games-company,False,developer,True,2022-06-30,,https://app.gamesmap.uk/organisations/9b06df9d-7824-4ad9-9f7a-f3bdb573b54b/map/
Shelf Games,11932377,games-company,False,developer,True,2019-04-08,,https://app.gamesmap.uk/organisations/0de9b7c3-b536-4c6a-89db-182faeafc7a5/map/
Shellscrape Games,16860402,games-company,False,developer,True,2025-11-17,,https://app.gamesmap.uk/organisations/c8fca440-1c4f-475c-9a26-e99a1014606a/map/
Sherimedia,11210550,service-company,True,,True,2018-02-16,,https://app.gamesmap.uk/organisations/1229f11f-1b1c-4917-9b03-46507f904e36/map/
Shidul,16988866,games-company,False,developer,True,2026-01-26,,https://app.gamesmap.uk/organisations/bb876aef-f81e-49a2-a4e3-eac9afb9c1b5/map/
Shifty Eyed Studios,12525918,games-company,False,developer,True,2020-03-19,,https://app.gamesmap.uk/organisations/5380efcd-5652-498e-ac8e-f09ebb0afc27/map/
Shiny Happy Studios 1,10488833,games-company,False,developer,True,2016-11-21,,https://app.gamesmap.uk/organisations/691afbea-21c9-42e6-903d-788aa96ecc16/map/
Shivers Story Time,17308527,games-company,False,developer,True,2026-06-30,,https://app.gamesmap.uk/organisations/9b0c1eb1-9500-43d7-8fe3-270bb1c33bc0/map/
Shokizm Interactive,10905167,games-company,False,developer,True,2017-08-08,,https://app.gamesmap.uk/organisations/a37af7b1-169c-4489-b1bd-4c5849199bb9/map/
Shorties Studios,17090831,games-company,False,developer,True,2026-03-13,,https://app.gamesmap.uk/organisations/9f98cf6c-82cb-4c64-8c07-7bd918735835/map/
Showdimound,16235110,games-company,False,developer,True,2025-02-06,,https://app.gamesmap.uk/organisations/411bf5c0-8f1b-4d2f-9056-fc6542cfcf8c/map/
Showroom Dummies,17362346,games-company,False,developer,True,2026-07-27,,https://app.gamesmap.uk/organisations/65bcac1f-3187-49da-baac-3ac749e77e2a/map/
Showstorm,06781684,games-company,False,developer,True,2008-12-31,,https://app.gamesmap.uk/organisations/efcde526-b9a5-4936-a235-a715263edb36/map/
Shrapnelworks,16801654,games-company,False,developer,True,2025-10-22,,https://app.gamesmap.uk/organisations/5fad70d0-6e27-42d5-897d-ab387e42e1a8/map/
Shunyat Studios,16980890,games-company,False,developer,True,2026-01-22,,https://app.gamesmap.uk/organisations/c6bf45cb-a1f8-4fec-9d64-0583f8665d86/map/
Sidewalk Games,16802646,games-company,False,developer,True,2025-10-22,,https://app.gamesmap.uk/organisations/714777b9-3211-46cb-abb1-41b4823dd4af/map/
Siege4Entertainment,16925952,games-company,False,developer,True,2025-12-22,,https://app.gamesmap.uk/organisations/6ba315a1-8697-496e-a7b4-acb851fd420e/map/
Sigil Initiative,11260032,games-company,False,developer,True,2018-03-16,,https://app.gamesmap.uk/organisations/b0497ea0-a2d0-4ff7-9d12-eb7e678c0cbc/map/
Sigmatau Design,16357231,games-company,False,developer,True,2025-04-01,,https://app.gamesmap.uk/organisations/1d68ada4-a186-4fde-9b4a-5ee86fce70d3/map/
Sigtrap,09197381,games-company,False,developer,True,2014-09-01,,https://app.gamesmap.uk/organisations/08cc4e36-8dd5-4f18-91eb-05812cca4f03/map/
Silent Games,11600265,games-company,False,developer,True,2018-10-02,,https://app.gamesmap.uk/organisations/d3fa24ef-ae24-45fa-b7e2-bc35fbeaff53/map/
Silo Games,09222602,games-company,False,developer,True,2014-09-17,,https://app.gamesmap.uk/organisations/92d3e007-e91b-488a-a3d8-d22e084fe5ca/map/
Silvergaming,14788829,games-company,False,developer,True,2023-04-10,,https://app.gamesmap.uk/organisations/6e633419-08fe-4de6-99dd-02d7463f41b8/map/
Silver Hoard Studios,16559806,games-company,False,developer,True,2025-07-03,,https://app.gamesmap.uk/organisations/33d31d73-158f-4c7d-b22d-f01fa71d0f8f/map/
Silverline Games,17282798,games-company,False,developer,True,2026-06-18,,https://app.gamesmap.uk/organisations/c900b191-1a86-4750-a558-ae8902ab504e/map/
Silver Rain Games,12352047,games-company,False,developer,True,2019-12-06,,https://app.gamesmap.uk/organisations/6aad3197-2a60-41c4-8a37-9640bfeb2d7b/map/
Silverrune Interactive,17218454,games-company,False,developer,True,2026-05-13,,https://app.gamesmap.uk/organisations/74bb6b03-cf28-4c4e-80d7-d72a6c5a276b/map/
Silver Script Games,14425695,games-company,False,developer,True,2022-10-18,,https://app.gamesmap.uk/organisations/eee6876b-ffe3-4d31-83f8-6aea7989c0e9/map/
Silver Stream Studio,NI652117,games-company,False,developer,True,2018-04-03,,https://app.gamesmap.uk/organisations/c7e83d78-670b-4c73-a3e8-aa535fde7bb4/map/
Silversun Studios,16639853,games-company,False,developer,True,2025-08-10,,https://app.gamesmap.uk/organisations/062e19ba-5b13-435b-82ee-101d67a0e210/map/
Silvix Studio,17231964,games-company,False,developer,True,2026-05-20,,https://app.gamesmap.uk/organisations/5521da83-2c87-4b94-ad47-2ca1d2052aba/map/
Sim155,05722013,games-company,False,developer,True,2006-02-27,,https://app.gamesmap.uk/organisations/15249431-5778-4e01-b84f-fcf959aa5a0d/map/
Simbin Studios,10377580,games-company,False,developer,True,2016-09-15,,https://app.gamesmap.uk/organisations/b1294b6f-34a4-4973-915a-7ba541d5d66f/map/
Simian Studios,16357132,games-company,False,developer,True,2025-04-01,,https://app.gamesmap.uk/organisations/dab1642f-d73a-48ac-904f-a9213fa89220/map/
Singer Game Developments,14003423,games-company,False,developer,True,2022-03-25,,https://app.gamesmap.uk/organisations/d7759659-df0e-4640-b781-fe5786a4c773/map/
Singer Interactive,03664349,games-company,True,developer,True,1998-11-09,,https://app.gamesmap.uk/organisations/fadfb8c9-cd95-4823-9dc8-22d7d4743829/map/
Singlewave Games,11860421,games-company,False,developer,True,2019-03-05,,https://app.gamesmap.uk/organisations/e8308849-275a-4402-8f07-5a4d49a2b1c3/map/
Singularity Leap,16790476,games-company,False,developer,True,2025-10-16,,https://app.gamesmap.uk/organisations/a8e0eb0c-a70a-47b3-9c7d-b94f415d3c84/map/
Sirsplat Game Studio,17207181,games-company,False,developer,True,2026-05-08,,https://app.gamesmap.uk/organisations/d4f794d9-65b0-4fa0-94d2-280560468c0e/map/
Sisterhood Games,16213718,games-company,False,developer,True,2025-01-28,,https://app.gamesmap.uk/organisations/41d37a64-bbcf-4a08-8d29-f3c60aa1b0e2/map/
Six Of One Games,16123580,games-company,False,developer,True,2024-12-09,,https://app.gamesmap.uk/organisations/862dab7a-b2bb-4695-b049-02acfa3b6790/map/
Six To Start,06289098,games-company,True,developer,True,2007-06-21,,https://app.gamesmap.uk/organisations/9f393cb0-7327-40a3-858f-6760d9dbaeaa/map/
Size Five Games,06777512,games-company,False,developer,True,2008-12-19,,https://app.gamesmap.uk/organisations/88dc73c4-0619-4211-a6ee-11b6c05434ab/map/
Skc Studios,12042744,games-company,True,developer; publisher,True,2019-06-10,,https://app.gamesmap.uk/organisations/b2296047-46c2-4dc5-88ad-8187b14db25c/map/
Skeleton Games,14275121,games-company,False,developer,True,2022-08-03,,https://app.gamesmap.uk/organisations/f12230ba-e29d-46db-b3ae-9956de5cf918/map/
Sketchbook Games,10522172,games-company,True,developer,True,2016-12-13,,https://app.gamesmap.uk/organisations/1d4da2fe-bf32-43c4-831d-676d8edb67ba/map/
Sketchy Logic,09328865,games-company,False,developer,True,2014-11-26,,https://app.gamesmap.uk/organisations/ddf59efc-780f-4974-858e-614fe2264a95/map/
Skillsearch,05735564,service-company,True,,True,2006-03-09,,https://app.gamesmap.uk/organisations/a04c8135-3903-4eb5-b6dd-b5c6efec4e33/map/
Skybound Games,11668599,games-company,True,publisher,True,2018-11-08,,https://app.gamesmap.uk/organisations/1acf7bd5-8ddc-4aac-a300-f3d3163ffc13/map/
Skybound Interactive,07730209,games-company,False,developer,True,2011-08-05,,https://app.gamesmap.uk/organisations/8974d265-0052-4519-9dfa-c25a3b24bdd3/map/
Skyfox Games,16267366,games-company,False,developer,True,2025-02-21,,https://app.gamesmap.uk/organisations/68782cd1-61f0-4c3c-9a48-736def83976c/map/
Skyhook Games Studio,06289588,games-company,True,developer,True,2007-06-22,,https://app.gamesmap.uk/organisations/1ef57e64-29fc-4307-976c-e5ffd348c1d1/map/
Skyle Games,14094608,games-company,False,developer,True,2022-05-09,,https://app.gamesmap.uk/organisations/1cc3b4b9-d66e-4a92-8701-7f22254a0f22/map/
Skylix Games,17317210,games-company,False,developer,True,2026-07-03,,https://app.gamesmap.uk/organisations/b4d69ca5-2bd8-43c7-8ab4-7a5e2164c1d6/map/
Skyrocket,04840993,games-company,False,developer,True,2003-07-22,,https://app.gamesmap.uk/organisations/cddd0be0-2ce6-42ab-a8e9-19b142b74eec/map/
Sky Traveller Studios,17119095,games-company,False,developer,True,2026-03-26,,https://app.gamesmap.uk/organisations/e564cdc6-4957-4f63-92fc-a331b3700146/map/
Skyview Entertainment,NI646288,games-company,False,developer,True,2017-06-08,,https://app.gamesmap.uk/organisations/6a27580e-df65-4ab5-b708-89e1bc254638/map/
Skyward Digital,10810095,games-company,False,developer,True,2017-06-08,,https://app.gamesmap.uk/organisations/907175fa-2555-4d0a-8ccf-6b34954a2b32/map/
Skyward Dragon,17222075,games-company,False,developer,True,2026-05-15,,https://app.gamesmap.uk/organisations/97086eed-d9a3-4d45-97bb-b38c90def82f/map/
Skyward Sonic Studios,14824203,games-company,False,developer,True,2023-04-24,,https://app.gamesmap.uk/organisations/cffa2522-ace4-4f41-904e-3e96b314507d/map/
Slate Games,14155265,games-company,False,developer,True,2022-06-07,,https://app.gamesmap.uk/organisations/6a5496a1-4e1d-43cf-8efe-777928678f42/map/
Slawter Studios,11926466,games-company,False,developer,True,2019-04-04,,https://app.gamesmap.uk/organisations/afafac11-9582-4c9f-8444-e8264020a28c/map/
Sleeping Bear Games,17340170,games-company,False,developer,True,2026-07-14,,https://app.gamesmap.uk/organisations/2784e549-d93d-4cf4-aba1-28798a35b05d/map/
Sleepy Bard Studios,SC849988,games-company,False,developer,True,2025-05-27,,https://app.gamesmap.uk/organisations/176e73d8-b32f-49ab-9ff0-66a64d1c28d7/map/
Sleepy Kitten,11121837,games-company,False,developer,True,2017-12-21,,https://app.gamesmap.uk/organisations/ac1789c0-c60d-40bf-a7af-60201a9fc5c4/map/
Slightly Mad Studios,06552778,games-company,True,developer,True,2008-04-02,,https://app.gamesmap.uk/organisations/e6bffe38-0f8d-4a61-871f-691d8dbda3d1/map/
Slingshot Cartel,OC413640,games-company,False,developer,True,2016-09-09,,https://app.gamesmap.uk/organisations/5826dd18-d9ea-4218-b64c-c576db1c7a62/map/
Slipstream Studios,17234117,games-company,False,developer,True,2026-05-21,,https://app.gamesmap.uk/organisations/49b70598-8f01-449f-9bd2-ac112f3651cd/map/
Slitherine Software,04040067,games-company,False,developer,True,2000-07-25,,https://app.gamesmap.uk/organisations/f6edfdbb-58c0-46bb-a34d-65ab90527e18/map/
Slot Monkey Studios,16728708,games-company,False,developer,True,2025-09-19,,https://app.gamesmap.uk/organisations/71d322b6-b931-40de-9348-ed3cd47e10f8/map/
Slotsfighter Entertainment,16368242,games-company,False,developer,True,2025-04-07,,https://app.gamesmap.uk/organisations/fbe54b9a-c647-4bb7-a8f8-3623d3bd07bf/map/
Slug Disco Studios,08862352,games-company,False,developer,True,2014-01-27,,https://app.gamesmap.uk/organisations/85a2e41d-376f-4eed-8e28-b4f5602ebea6/map/
Slurp Games,16988501,games-company,False,developer,True,2026-01-26,,https://app.gamesmap.uk/organisations/e93fd90c-6600-4bf0-9d0a-131b95ae4a7e/map/
Smac Games,09686658,games-company,False,developer,True,2015-07-15,,https://app.gamesmap.uk/organisations/37ae3b0b-2355-4338-a5ce-807df1b5aeb0/map/
Smart Interactive,05318923,games-company,False,developer,True,2004-12-22,,https://app.gamesmap.uk/organisations/7c05c0bd-2423-4457-bcf9-221a10218354/map/
Smashmouth Games,05846219,games-company,False,developer,True,2006-06-14,,https://app.gamesmap.uk/organisations/3f685fcb-8049-45ba-b942-f847599b4221/map/
S&M Entertainment,16656124,games-company,False,developer,True,2025-08-18,,https://app.gamesmap.uk/organisations/061faf04-8d26-4194-86e2-cfa0521381e4/map/
Smiley Games,07544773,games-company,False,developer,True,2011-02-28,,https://app.gamesmap.uk/organisations/5dbbab21-fb56-45df-9012-872be1c74ef9/map/
Smoke & Mirrors,13707480,games-company,False,developer,True,2021-10-27,,https://app.gamesmap.uk/organisations/93c27921-537a-48ac-966a-f8acf968cd97/map/
Smoogle Games,16979668,games-company,False,developer,True,2026-01-21,,https://app.gamesmap.uk/organisations/8991722e-a2f7-4b34-8200-c104fa7936e9/map/
Snackbox Games,16841906,games-company,False,developer,True,2025-11-09,,https://app.gamesmap.uk/organisations/a7b3e48e-5c85-4fe7-a921-0ce0836e7cdf/map/
Snail Kitty,16852609,games-company,False,developer,True,2025-11-13,,https://app.gamesmap.uk/organisations/3481c212-40ed-4b42-98e3-ff8ecf02a504/map/
Snapback Interactive,17145654,games-company,False,developer,True,2026-04-09,,https://app.gamesmap.uk/organisations/b7e2e7c0-93ef-4daf-90bb-3be4c7f1d65d/map/
Snap Dog Games,16805365,games-company,False,developer,True,2025-10-23,,https://app.gamesmap.uk/organisations/784c4ea9-77f1-44a9-bc14-f5905983522f/map/
Snap Finger Click,09422021,games-company,False,developer,True,2015-02-04,,https://app.gamesmap.uk/organisations/93d4410c-f4fd-4bd4-a5f5-ce4048e1699b/map/
Snappy Media,11708878,games-company,False,developer,True,2018-12-03,,https://app.gamesmap.uk/organisations/be38db6d-caea-42b4-8190-b59fcf353ef5/map/
Sneak Preview E-Commerce Development,10694842,games-company,False,developer,True,2017-03-28,,https://app.gamesmap.uk/organisations/a032bde2-6828-43c6-9e91-e1a948c4cac0/map/
Snow Fox Studio,17158001,games-company,False,developer,True,2026-04-14,,https://app.gamesmap.uk/organisations/498bb935-36c8-45d8-a433-427c5e1ec280/map/
Snowglow Games,14076615,games-company,False,developer,True,2022-04-28,,https://app.gamesmap.uk/organisations/0c5212db-6a0f-43e8-8119-7255c72f0fc2/map/
Soft Exit Studios,17024826,games-company,False,developer,True,2026-02-10,,https://app.gamesmap.uk/organisations/e0c3ec89-c943-4fed-8ef6-ade03c57cfe2/map/
Softlock Studios,SC848876,games-company,False,developer,True,2025-05-17,,https://app.gamesmap.uk/organisations/48d9c957-f6b1-4cdf-920a-1ca3736c4a1b/map/
Software For Publishing And Developing Entertainment And Interactive Applications And Games,16387275,games-company,False,developer,True,2025-04-15,,https://app.gamesmap.uk/organisations/ad600114-8274-4de4-879e-ee80c02167db/map/
Sold Out Sales & Marketing,06989121,games-company,True,publisher,True,2009-08-12,,https://app.gamesmap.uk/organisations/9f5d2bb3-00cf-4bce-9440-6c9a8fb97bb9/map/
"SOLENT UNIVERSITY, SOUTHAMPTON",,academic-institution,False,,True,,,https://app.gamesmap.uk/organisations/16de24be-686b-4075-acff-1ffb79ca665e/map/
Sole Survivor Games,10875649,games-company,False,developer,True,2017-07-20,,https://app.gamesmap.uk/organisations/189958b3-8a3d-48a1-9629-afd02dfb6867/map/
SOLIHULL COLLEGE AND UNIVERSITY CENTRE,,academic-institution,False,,True,,,https://app.gamesmap.uk/organisations/687fd2d2-ec18-4e3c-8ac9-2214b08fa58b/map/
Solstice Development Studios,17049322,games-company,False,developer,True,2026-02-23,,https://app.gamesmap.uk/organisations/faee7816-fad7-41b1-ba4a-e42d7e0716e0/map/
Solus Studios,17217442,games-company,False,developer,True,2026-05-13,,https://app.gamesmap.uk/organisations/2c6cb44c-8047-4c74-9d9c-12999d386671/map/
Something Something Games,11335555,games-company,False,developer,True,2018-04-28,,https://app.gamesmap.uk/organisations/cce70dc7-7263-4eec-9fe3-b9f3b3953f98/map/
Somewhat Unsettling,SC642210,games-company,False,developer,True,2019-09-20,,https://app.gamesmap.uk/organisations/432fd510-6235-4b1c-9c64-557d4ae3e776/map/
Somnium Space,11137993,games-company,False,developer,True,2018-01-08,,https://app.gamesmap.uk/organisations/4eb94f89-3ffb-4704-8c4f-59d602fefc70/map/
Sona Insurance Solutions,12300506,service-company,True,,True,2019-11-06,,https://app.gamesmap.uk/organisations/0c8211e1-0536-4088-b081-38608749fdcd/map/
Sonic Boom,06837616,games-company,False,developer,True,2009-03-05,,https://app.gamesmap.uk/organisations/db5ed10a-dae0-4cb7-9f99-442fea5ad855/map/
Sony Dadc,05640889,service-company,False,,True,2005-11-30,,https://app.gamesmap.uk/organisations/d47efd43-946b-423a-ab01-d03047a71870/map/
Sony Interactive Entertainment Direct Europe,03754597,games-company,False,developer,True,1999-04-20,,https://app.gamesmap.uk/organisations/79c2e08c-1381-4240-91ab-2dd9cac8966b/map/
Sony Interactive Entertainment Europe,03277793,games-company,True,developer; publisher,True,1996-11-13,,https://app.gamesmap.uk/organisations/7a10232e-e33a-4c16-9410-aa983cd1ac4e/map/
Sony Interactive Entertainment,02829355,games-company,False,publisher,True,1993-06-22,,https://app.gamesmap.uk/organisations/38fd711a-3d22-4160-b850-d814fcb80cf7/map/
Soothsayer Games,09298495,games-company,False,developer,True,2014-11-06,,https://app.gamesmap.uk/organisations/73eb316b-055e-493c-b567-99b4d9f46c1c/map/
Sophun Games,14486662,games-company,False,developer,True,2022-11-15,,https://app.gamesmap.uk/organisations/34046ce8-8853-4be2-9cc1-f200c10b8789/map/
Soriva Entertainment,17316799,games-company,False,developer,True,2026-07-03,,https://app.gamesmap.uk/organisations/eba6a14f-1936-49d0-8b05-20c00acc100d/map/
So Romantic,11171456,games-company,False,developer,True,2018-01-26,,https://app.gamesmap.uk/organisations/42972ea6-f647-4ab6-9612-49bd6841ebe3/map/
Soul Assembly,12509624,games-company,False,developer,True,2020-03-10,,https://app.gamesmap.uk/organisations/219191d6-e47a-4a15-b497-73b7632e8908/map/
Soul Labs Studios,16451122,games-company,False,developer,True,2025-05-14,,https://app.gamesmap.uk/organisations/cccaf23e-436e-4264-8889-f5686cc2b4f1/map/
Soulo Games,NI731518,games-company,False,developer,True,2025-07-18,,https://app.gamesmap.uk/organisations/e52a41fd-02d3-4fb0-aa04-647750574975/map/
Soul Sense Interactive,13819537,games-company,False,developer,True,2021-12-29,,https://app.gamesmap.uk/organisations/0b99b409-3b3d-403a-99cf-efd97bc0ffb4/map/
Soundclash137,17249134,games-company,False,developer,True,2026-05-29,,https://app.gamesmap.uk/organisations/6e77e559-d1b4-47d4-9423-43d21c7590d0/map/
Soundcuts,07906519,service-company,True,,True,2012-01-11,,https://app.gamesmap.uk/organisations/aa03b220-0f55-465d-b1b9-8eb3a99fae81/map/
University Centre South Devon,,academic-institution,False,,True,,,https://app.gamesmap.uk/organisations/054b0620-2930-42da-811c-c90dc980e4de/map/
SOUTH ESSEX COLLEGE OF FURTHER AND HIGHER EDUCATION,,academic-institution,False,,True,,,https://app.gamesmap.uk/organisations/b44bdcf2-a365-4066-9fc9-fc19ee735f3a/map/
SOUTH GLOUCESTERSHIRE AND STROUD COLLEGE,,academic-institution,False,,True,,,https://app.gamesmap.uk/organisations/31a52afb-a8f0-4123-91dd-3669c7c98254/map/
South Westerly Games,14212806,games-company,False,developer,True,2022-07-04,,https://app.gamesmap.uk/organisations/4512222a-040d-4d41-a887-ff7fd120c32a/map/
Space Ape Games (Uk),07956131,games-company,True,developer,True,2012-02-20,,https://app.gamesmap.uk/organisations/74f49b65-8fa8-4e55-a67d-a68eaa3706c7/map/
Space Ape Studios,11789118,games-company,False,developer,True,2019-01-25,,https://app.gamesmap.uk/organisations/f776999f-807a-4287-b656-578f8d6b276e/map/
Spacebound Studios,13124377,games-company,False,developer,True,2021-01-11,,https://app.gamesmap.uk/organisations/10c66850-25d5-48e6-ae57-0df464025a57/map/
Space Colony Studios,14464646,games-company,False,developer,True,2022-11-06,,https://app.gamesmap.uk/organisations/73ba85c6-50da-4a8a-8690-a6de0c214c4e/map/
Spacehopper Studios,05089030,games-company,False,developer,True,2004-03-30,,https://app.gamesmap.uk/organisations/b0a6bccb-092a-4fa4-9797-06bf5921e471/map/
Space Lizard Studio,09637083,games-company,False,developer,True,2015-06-12,,https://app.gamesmap.uk/organisations/78c6171b-abcb-4862-9238-0be14bdd891a/map/
Spacemansfx,13707060,games-company,False,developer,True,2021-10-27,,https://app.gamesmap.uk/organisations/1ef7d190-99e0-4e89-8226-58bad65f90ea/map/
Sparrow Games,16445397,games-company,False,developer,True,2025-05-12,,https://app.gamesmap.uk/organisations/823e6a7d-82c5-403a-90b9-82c2bb79e292/map/
Spawnpoint For Kids,16615769,games-company,False,developer,True,2025-07-30,,https://app.gamesmap.uk/organisations/d563fff9-036b-4be0-b4c9-7c1e3807b2da/map/
Speaksprout,17289945,games-company,False,developer,True,2026-06-20,,https://app.gamesmap.uk/organisations/47869491-a5a8-412f-9848-107afc4c8c93/map/
Speartooth Studios,12103532,games-company,False,developer,True,2019-07-15,,https://app.gamesmap.uk/organisations/5adfe5c7-b696-42cb-955f-17bae1797150/map/
Specialeffect.Org.Uk,06040232,service-company,True,,True,2007-01-03,,https://app.gamesmap.uk/organisations/c470cc97-ef7a-483a-802c-de67c86c0634/map/
Spectrum48,10414596,games-company,False,developer,True,2016-10-06,,https://app.gamesmap.uk/organisations/46a6ac6e-3a4e-47e2-854d-13acd2b4a139/map/
Sphere Game Studios,10725534,games-company,False,developer,True,2017-04-13,,https://app.gamesmap.uk/organisations/c9fb31c4-0cdf-43ca-840f-f5956144eae6/map/
Spheroom,13148446,games-company,False,developer,True,2021-01-20,,https://app.gamesmap.uk/organisations/64d9d1d5-ce36-4c33-992c-f049613909aa/map/
Spicy Fig Studios,16553802,games-company,False,developer,True,2025-07-01,,https://app.gamesmap.uk/organisations/3b8aef9d-1442-46b9-b0aa-7e779e3dcaaf/map/
Spider Lily Studios,11395442,games-company,False,developer,True,2018-06-04,,https://app.gamesmap.uk/organisations/0f2eb968-d1a2-4473-835b-2510f1d1bb86/map/
Spiderling Studios,09268173,games-company,False,developer,True,2014-10-16,,https://app.gamesmap.uk/organisations/f5b4a2cf-1076-4b8f-95e0-ead162ce6038/map/
Spiky Teeth Studios,SC844234,games-company,False,developer,True,2025-04-07,,https://app.gamesmap.uk/organisations/13f9e70c-7aaa-427a-95eb-34897b66712c/map/
Spilt Milk Studios,07203733,games-company,True,developer,True,2010-03-25,,https://app.gamesmap.uk/organisations/18a125f5-99c4-48b2-8e3d-2c3ca2538380/map/
Spingenuity,17261286,games-company,False,developer,True,2026-06-04,,https://app.gamesmap.uk/organisations/799937d3-a599-4b8e-97ae-021a5ae5d4c5/map/
Spinn Creative,14530022,games-company,False,developer,True,2022-12-08,,https://app.gamesmap.uk/organisations/c53af4b4-ece9-46a9-bf18-394cbe784c8f/map/
Spiral Games,16352944,games-company,False,developer,True,2025-03-31,,https://app.gamesmap.uk/organisations/a5b8abf1-aa2c-4e0b-a4d6-a852cc47062c/map/
Spiral House,03669623,games-company,False,developer,True,1998-11-18,,https://app.gamesmap.uk/organisations/c19a7d03-5c80-4d3b-8292-03a505e109b3/map/
Spiral Sun Games,10788895,games-company,False,developer,True,2017-05-25,,https://app.gamesmap.uk/organisations/047f28bb-11df-4ea1-88de-fb4b3f557484/map/
Spire Interactive,11704093,games-company,False,developer,True,2018-11-29,,https://app.gamesmap.uk/organisations/82c3fc15-a5ee-406b-9f61-e1c1904978dc/map/
Spiritus Games,10140123,games-company,False,developer,True,2016-04-21,,https://app.gamesmap.uk/organisations/5d0805b2-722c-493b-800c-d9aae822eeb9/map/
Spite Studios,17059103,games-company,False,developer,True,2026-02-27,,https://app.gamesmap.uk/organisations/4cd90cc1-9d53-4974-a84e-85c0b7fc921b/map/
Splash Damage,04208076,games-company,True,developer,True,2001-04-30,,https://app.gamesmap.uk/organisations/1d07166f-c8ec-49a5-85a5-23de08fa6aad/map/
Spline,06221300,games-company,False,developer,True,2007-04-20,,https://app.gamesmap.uk/organisations/52a8097b-0f35-405f-a3e5-07599bd7824f/map/
Sponge Hammer Games,11232215,games-company,True,developer,True,2018-03-05,,https://app.gamesmap.uk/organisations/e22809a7-35a4-4943-a7fb-9a5a8ecd98ef/map/
Sponge Hammer,10171403,service-company,True,developer,True,2016-05-10,,https://app.gamesmap.uk/organisations/311bfeb4-4124-47bc-a71a-8da59b2a0c45/map/
Sporework Studios,16830277,games-company,False,developer,True,2025-11-04,,https://app.gamesmap.uk/organisations/083a0d4f-aafa-4f46-b23c-d19d1ff27aac/map/
Sport And Financial,11042076,games-company,False,developer,True,2017-11-01,,https://app.gamesmap.uk/organisations/bd371c3a-9f42-40e4-b506-ac6f9a078b01/map/
Sports Interactive,02950954,games-company,True,developer,True,1994-07-21,,https://app.gamesmap.uk/organisations/961b6b08-40ab-442b-ace3-5c42e095f135/map/
Sporty Games,05145293,games-company,True,developer,True,2004-06-04,,https://app.gamesmap.uk/organisations/7d41d948-0b38-4dcc-8e11-a8daace0fd42/map/
Sprite Consultancy,15420891,service-company,True,,True,2024-01-17,,https://app.gamesmap.uk/organisations/755f0f63-cf84-4c2c-a497-7f089feae34c/map/
Sprytosaur,11340254,games-company,False,developer,True,2018-05-01,,https://app.gamesmap.uk/organisations/d26e3495-2f06-496d-ad6d-ba5e150975b9/map/
Spudmachine Studios,12237094,games-company,False,developer,True,2019-10-01,,https://app.gamesmap.uk/organisations/eb9ae7fa-620f-4643-bd99-475228b94c58/map/
Spyderweb Studios,14366939,games-company,False,developer,True,2022-09-21,,https://app.gamesmap.uk/organisations/49de68ac-ff14-4591-9547-ebfe05316d03/map/
Spysquad Studios,16721332,games-company,False,developer,True,2025-09-16,,https://app.gamesmap.uk/organisations/c583ae37-27c5-458e-b577-8a5f91aecf8d/map/
Squad Inc,12821368,games-company,False,developer,True,2020-08-18,,https://app.gamesmap.uk/organisations/fbf47f26-b782-4335-af5a-611761b2b49a/map/
Square Enix,01804186,games-company,True,publisher,True,1984-03-29,,https://app.gamesmap.uk/organisations/d933e28b-e7b0-46d8-8a3e-5f86eacde5a8/map/
Squarehead Studios,09202387,games-company,False,developer,True,2014-09-03,,https://app.gamesmap.uk/organisations/0cf7ecc7-8e21-4beb-8c0c-c547d7922132/map/
Square Slice Studios,SC540428,games-company,False,developer,True,2016-07-18,,https://app.gamesmap.uk/organisations/c8d17edc-55a9-4e31-b9da-f94f62e1c377/map/
Squire Code Studios,SC858871,games-company,False,developer,True,2025-08-13,,https://app.gamesmap.uk/organisations/580b97e1-52ef-445a-8297-975a7e2d0ec8/map/
Stache Cat Studios,16543260,games-company,False,developer,True,2025-06-26,,https://app.gamesmap.uk/organisations/d530d0b9-bb6d-4f40-ac87-ac2ce9e4c6ff/map/
STAFFORDSHIRE UNIVERSITY,,academic-institution,False,,True,,,https://app.gamesmap.uk/organisations/c78e30ca-adfb-4efd-a867-ae7c79dee454/map/
Stainless Games,04297229,games-company,False,developer,True,2001-10-02,,https://app.gamesmap.uk/organisations/cf8e1cbd-0aec-44ce-8263-9435b20b1802/map/
Stardust Collective,12950931,games-company,False,developer,True,2020-10-14,,https://app.gamesmap.uk/organisations/3ed41857-5d30-417c-80d9-f667c89ae6a5/map/
Starfyre Games,16645791,games-company,False,developer,True,2025-08-12,,https://app.gamesmap.uk/organisations/879b0d49-1779-45e7-bc86-6c5a03dc6dbf/map/
Star Game Studios,14160570,games-company,False,developer,True,2022-06-09,,https://app.gamesmap.uk/organisations/3cecdebe-79c7-42c8-901f-77544bc6716d/map/
Stargazy Studios,10424485,games-company,False,developer,True,2016-10-13,,https://app.gamesmap.uk/organisations/17afca37-fd92-4800-ac5d-e1dcd1397b67/map/
Starlit Lion Games,17038322,games-company,False,developer,True,2026-02-17,,https://app.gamesmap.uk/organisations/2ce0d437-68f9-4a79-a6f1-a028917fd72a/map/
Starmagic Games,16632970,games-company,False,developer,True,2025-08-06,,https://app.gamesmap.uk/organisations/001adb6a-9024-435a-832b-edbf92b86c4b/map/
Starry Hollow Games,09726963,games-company,False,developer,True,2015-08-11,,https://app.gamesmap.uk/organisations/aeec94bb-c98c-439b-9209-66b2557bbcfb/map/
State Of Play Games,06519943,games-company,True,developer,True,2008-03-01,,https://app.gamesmap.uk/organisations/ef6d3f5a-f2b8-443d-8145-1a866034cd56/map/
S T Best Games & Securities,16154589,games-company,False,developer,True,2024-12-30,,https://app.gamesmap.uk/organisations/13a67922-e0fc-4446-93e0-9d841f417a83/map/
S-Tech Insurance Services,01655142,service-company,True,,True,1982-07-29,,https://app.gamesmap.uk/organisations/450fb253-c0c2-4bc3-a1ab-ab2416039014/map/
Steel Media,04352070,service-company,True,,True,2002-01-14,,https://app.gamesmap.uk/organisations/6bff27e8-6658-4157-b121-709cee768df4/map/
Steel Rat Games,14741672,games-company,False,developer,True,2023-03-20,,https://app.gamesmap.uk/organisations/09d9bc5b-8dea-4533-b8d7-9231acbf8d57/map/
Stellar Digital,16571407,games-company,False,developer,True,2025-07-09,,https://app.gamesmap.uk/organisations/10192b31-49b4-40e6-9bb1-98304379eceb/map/
Stellar Entertainment Development,NI684184,games-company,False,developer,True,2021-12-01,,https://app.gamesmap.uk/organisations/1942c669-fb5d-456f-86bb-dedf0a7ebdeb/map/
Stellar Entertainment Software,NI640434,games-company,False,developer,True,2016-08-25,,https://app.gamesmap.uk/organisations/2b84c07e-b655-4a83-92c3-c867373ab0ab/map/
Stellar Games,08917820,games-company,False,developer,True,2014-02-28,,https://app.gamesmap.uk/organisations/33fecdd2-a213-421c-83d2-4325ee935719/map/
Stellar Interactive,NI652306,games-company,False,developer,True,2018-04-11,,https://app.gamesmap.uk/organisations/39da360c-bebe-4299-bcc7-0a1aeb7256cd/map/
Stellarvr,09373717,games-company,False,developer,True,2015-01-05,,https://app.gamesmap.uk/organisations/3970d4e8-8bd6-40c0-a5f2-8dc5e596ca8a/map/
Stick Sports,05669174,games-company,True,developer,True,2006-01-09,,https://app.gamesmap.uk/organisations/a3e31f37-1161-47f5-9d49-75a356137cd9/map/
Sticky Paw Games,17063259,games-company,False,developer,True,2026-03-02,,https://app.gamesmap.uk/organisations/7130f9c5-a816-4fee-9bd3-88dd5ac43b44/map/
S-Tier Cards,16674850,games-company,False,developer,True,2025-08-27,,https://app.gamesmap.uk/organisations/b9a99855-780a-4d62-b421-c425315da74a/map/
Still Loading Games,17264198,games-company,False,developer,True,2026-06-05,,https://app.gamesmap.uk/organisations/25eb1d3a-c5d3-48a4-a94d-9565ec66b4dc/map/
Still Not Sure,11720632,games-company,False,developer,True,2018-12-10,,https://app.gamesmap.uk/organisations/d2364f2d-b4af-4793-8a87-228c6e39f6ca/map/
Stmp App,17346893,games-company,False,developer,True,2026-07-17,,https://app.gamesmap.uk/organisations/f668dc89-5866-41da-b55a-91fdb5dac020/map/
Stonecat Collective,11573851,games-company,False,developer,True,2018-09-18,,https://app.gamesmap.uk/organisations/0fc41a42-e6e3-438d-b6d6-d5916f091aa0/map/
Stone Turtle Games,16628616,games-company,False,developer,True,2025-08-05,,https://app.gamesmap.uk/organisations/713e48ea-2d8c-44bd-9443-57e1e90c4cf6/map/
Storm Chaser Games,10544046,games-company,False,developer,True,2017-01-03,,https://app.gamesmap.uk/organisations/32c61627-53d6-4708-b3d7-940be2b89860/map/
Stormcloud Games,SC432035,games-company,False,developer,True,2012-09-06,,https://app.gamesmap.uk/organisations/30d77ba6-0c98-4d82-b6b1-9b61b83105be/map/
Stormlantern Consulting,08361296,games-company,False,developer,True,2013-01-15,,https://app.gamesmap.uk/organisations/bd38c43c-091f-4033-bab9-6c7bd253ce20/map/
Story Juice,07905379,games-company,True,developer,True,2012-01-11,,https://app.gamesmap.uk/organisations/49ac8278-bf32-4ea0-8866-a6f0d6270e6d/map/
Storyteller Studios,16573232,games-company,False,developer,True,2025-07-10,,https://app.gamesmap.uk/organisations/f6c7cfca-0890-483b-836d-52421e6dd571/map/
Storyworlds Studios,12098181,games-company,False,developer,True,2019-07-11,,https://app.gamesmap.uk/organisations/bffe5986-8fff-4afd-bffc-c414085bcab0/map/
Straightjackit Entertainment,12355330,games-company,False,developer,True,2019-12-09,,https://app.gamesmap.uk/organisations/59a3bbbf-2d5b-4453-a384-47c6a3bf1ba6/map/
Strange Horizons,12080612,games-company,False,developer,True,2019-07-02,,https://app.gamesmap.uk/organisations/a2f24b7c-ff7c-42c0-9b75-f266237e7b68/map/
Strangely Interactive,09084546,games-company,False,developer,True,2014-06-12,,https://app.gamesmap.uk/organisations/32e2a6ec-0b1d-4da6-a2d4-5dc59290e8d9/map/
Strangely Named,07878274,games-company,False,developer,True,2011-12-12,,https://app.gamesmap.uk/organisations/d3075613-678f-456b-940a-fe4e99649f61/map/
Strange Moon Digital,11574723,games-company,False,developer,True,2018-09-18,,https://app.gamesmap.uk/organisations/2314a31f-f970-4dd2-9c93-23c916ec5385/map/
Strata Studios,13634328,games-company,False,developer,True,2021-09-21,,https://app.gamesmap.uk/organisations/e247c4a5-af25-4487-9052-06a3a4ef9324/map/
Strategic Designs,05038156,games-company,False,developer,True,2004-02-09,,https://app.gamesmap.uk/organisations/ad520998-c320-4f8b-be81-d45ec666573b/map/
Strategy First,03366345,games-company,False,publisher,True,1997-05-07,,https://app.gamesmap.uk/organisations/1bfc0b76-4e34-4d4d-972f-984ab0cf5892/map/
Strawdog Studios,04816117,games-company,False,developer,True,2003-07-01,,https://app.gamesmap.uk/organisations/ec4c5fc6-da6b-4873-b1f2-a4c0e135fbc2/map/
Stray Basilisk,11731235,games-company,False,developer,True,2018-12-17,,https://app.gamesmap.uk/organisations/f5e80745-dd74-48e8-a1dc-e91157adc74c/map/
Straylight Entertainment,SC512587,games-company,False,developer,True,2015-08-10,,https://app.gamesmap.uk/organisations/9c28a064-ef63-4fd3-b4bb-c871b50c78ee/map/
Streamsoft,11937757,games-company,False,developer,True,2019-04-10,,https://app.gamesmap.uk/organisations/f7bbc170-c55a-43fd-bb05-59272969b0cc/map/
Strikepoint Studios,SC894395,games-company,False,developer,True,2026-06-29,,https://app.gamesmap.uk/organisations/8472fa56-9bca-4ba8-8d35-4088fe263895/map/
Strike Two Games,17268518,games-company,False,developer,True,2026-06-08,,https://app.gamesmap.uk/organisations/ba49677e-8d8b-4912-8660-b7983e74fa19/map/
Strtl Games,16987732,games-company,False,developer,True,2026-01-26,,https://app.gamesmap.uk/organisations/687aff4e-2f3a-4586-8a9c-ee1433133e00/map/
Studio 316,13449923,games-company,False,developer,True,2021-06-10,,https://app.gamesmap.uk/organisations/017bf2fd-5fb2-45e2-a4cf-7bb10444eb9a/map/
Studio Daimon,12293556,games-company,False,developer,True,2019-11-01,,https://app.gamesmap.uk/organisations/347a5615-ddb6-4c48-9dd8-4aafd5ed9310/map/
Studio Gobo,08132590,games-company,True,developer,True,2012-07-05,,https://app.gamesmap.uk/organisations/95a6c79f-cde5-4fea-8fb7-0a7fce99857e/map/
Studio Helga,13390285,games-company,False,developer,True,2021-05-12,,https://app.gamesmap.uk/organisations/62570edd-30b3-4553-b45e-ae2d1a2a08f8/map/
Studio Pepwuper,08486624,games-company,False,developer,True,2013-04-12,,https://app.gamesmap.uk/organisations/454e2df8-fdcb-4e68-b37b-fda7f4e7505c/map/
Studio Sloth,16306001,games-company,False,developer,True,2025-03-11,,https://app.gamesmap.uk/organisations/8192a376-6d90-4812-bcd7-4997b8c809f8/map/
Studiotypes,10308495,service-company,True,,True,2016-08-02,,https://app.gamesmap.uk/organisations/86816499-a935-459b-badf-2db527df4957/map/
Study Chunks,16585441,games-company,False,developer,True,2025-07-16,,https://app.gamesmap.uk/organisations/b944f96b-1dd7-459a-ac5f-1cd15ca823a2/map/
Stun,11748045,games-company,False,developer,True,2019-01-03,,https://app.gamesmap.uk/organisations/a2cabccd-1706-4121-8fc8-c546051d50d1/map/
Sub5 Studios,17283636,games-company,False,developer,True,2026-06-18,,https://app.gamesmap.uk/organisations/e5c6dc47-641d-4ebd-b149-885ec592f886/map/
Subdivision Games,10588555,games-company,False,developer,True,2017-01-27,,https://app.gamesmap.uk/organisations/cbd2f42a-83c6-41f0-b888-d907ed0b4a2f/map/
Substance001,04905190,service-company,True,,True,2003-09-19,,https://app.gamesmap.uk/organisations/bd019261-15c2-47a3-bc0b-db9a0e5f2acd/map/
Subterranean Games,08236967,games-company,False,developer,True,2012-10-02,,https://app.gamesmap.uk/organisations/bbb8a315-f99d-4259-9b79-fddaa59eab5a/map/
Sukserd Game,16725882,games-company,False,developer,True,2025-09-18,,https://app.gamesmap.uk/organisations/7c3cec90-f8f3-4cec-b604-a6edb16a0da6/map/
Sum-It Games,11642018,games-company,False,developer,True,2018-10-25,,https://app.gamesmap.uk/organisations/afae4ad0-5bd5-463d-bdbf-612702bb394a/map/
Sumo Digital (Genus),09771556,games-company,False,developer,True,2015-09-10,,https://app.gamesmap.uk/organisations/63ebf167-7a60-4d5d-acd5-97c44480897b/map/
Sumo Digital,04703224,games-company,True,developer,True,2003-03-19,,https://app.gamesmap.uk/organisations/e0289d5a-87ca-4c39-be6b-36ad5691db94/map/
Sumo Games Development,09784367,games-company,False,developer,True,2015-09-18,,https://app.gamesmap.uk/organisations/c509314b-161e-487d-a5ba-075f80ab801b/map/
Sumo Group,11071913,games-company,False,developer,True,2017-11-20,,https://app.gamesmap.uk/organisations/ba1012aa-9e2d-446d-86ac-a347229374ef/map/
Sunlight Games,16766080,games-company,False,developer,True,2025-10-06,,https://app.gamesmap.uk/organisations/03215574-c305-490f-99e0-437e261bfc3a/map/
Sunscorched Studios,11940842,games-company,False,developer,True,2019-04-11,,https://app.gamesmap.uk/organisations/9051abab-799a-4da5-9c5d-c185bb8e0dad/map/
Super Bad Series,14455357,games-company,False,developer,True,2022-11-01,,https://app.gamesmap.uk/organisations/8f895c9f-3c8d-4ee6-becd-8b39cf198f30/map/
Supercell,11708306,games-company,False,developer,True,2018-12-03,,https://app.gamesmap.uk/organisations/34d783c9-7877-4fc9-a162-84175c945656/map/
Superflat Games,08199764,games-company,False,developer,True,2012-09-03,,https://app.gamesmap.uk/organisations/e6e832c8-53ce-462d-863d-384817bb4c8a/map/
Superfluid,10176672,games-company,False,developer,True,2016-05-12,,https://app.gamesmap.uk/organisations/aed8ff01-cfdc-442a-b5a6-a5db6f0f9098/map/
Superfly Games,09458466,games-company,False,developer,True,2015-02-25,,https://app.gamesmap.uk/organisations/cdd9d3ae-e33a-4035-ae0a-ee44c1f6c8b0/map/
Super Icon,08156345,games-company,False,developer,True,2012-07-25,,https://app.gamesmap.uk/organisations/64f97e16-ddf6-454c-b653-75b8e1b2508e/map/
Supermassive Games,06096443,games-company,False,developer,True,2007-02-12,,https://app.gamesmap.uk/organisations/f6cd3a14-38c3-44cb-b12c-d108aa595f9d/map/
Super Media Group,16778711,games-company,False,developer,True,2025-10-10,,https://app.gamesmap.uk/organisations/349affaf-cd17-4fff-b41c-05023f47c2c9/map/
Supermelon Studios,11776843,games-company,False,developer,True,2019-01-21,,https://app.gamesmap.uk/organisations/7527e9d5-c65d-4286-af62-b207c86970e6/map/
Supermono,07276910,games-company,False,developer,True,2010-06-08,,https://app.gamesmap.uk/organisations/d3e64030-5d27-48b9-bed3-85ede11b5d6a/map/
Supernaut Studio,10386290,service-company,True,,True,2016-09-20,,https://app.gamesmap.uk/organisations/b0870477-9580-468e-b147-c117e484d7a0/map/
Super Rare Development,13515985,games-company,True,publisher,True,2021-07-16,,https://app.gamesmap.uk/organisations/a1ef7b8c-f36c-4f52-9004-abb1cfc4ea85/map/
Super Smith Bros,08883963,games-company,False,developer,True,2014-02-10,,https://app.gamesmap.uk/organisations/ec79305a-228d-4700-8fb5-7bd3f37e44a3/map/
Supersolid Game Developments,12065774,games-company,False,developer,True,2019-06-24,,https://app.gamesmap.uk/organisations/e0a30080-48b8-4703-8bfe-afdd7dc77d6a/map/
Supersolid,07948932,games-company,False,developer,True,2012-02-14,,https://app.gamesmap.uk/organisations/746b69f8-4d47-4c1f-9ace-b6c66420f9d1/map/
Super Spline Studios,10140198,games-company,True,developer,True,2016-04-21,,https://app.gamesmap.uk/organisations/b48dc968-1ee3-4880-b93a-a5e6de02c371/map/
Superstar Games,06916028,games-company,False,developer,True,2009-05-27,,https://app.gamesmap.uk/organisations/2e94fae5-4459-4a4b-8dfe-e110a0b46be7/map/
Superstring,11034354,games-company,False,developer,True,2017-10-26,,https://app.gamesmap.uk/organisations/73e82b5c-874c-4b85-9ba6-5840010b1e11/map/
Surprised Hotdog,13769313,games-company,False,developer,True,2021-11-28,,https://app.gamesmap.uk/organisations/9954e45f-1418-4867-a895-b1ca1a9793b2/map/
Suspicious Developments,07922438,games-company,False,developer,True,2012-01-24,,https://app.gamesmap.uk/organisations/f46ba3e1-c8bb-430d-b46c-383b0adc7a05/map/
Swag Bag Games,16488227,games-company,False,developer,True,2025-06-02,,https://app.gamesmap.uk/organisations/5293fbaf-11e1-4eec-9400-bf426555bf00/map/
Swearsoft,10544832,games-company,False,developer,True,2017-01-03,,https://app.gamesmap.uk/organisations/a12213dd-3459-45ed-8129-dc5c85bdb4b6/map/
Sweetapple,04478660,games-company,False,developer,True,2002-07-05,,https://app.gamesmap.uk/organisations/63fa06dc-36e7-402d-91a0-a91180ae3131/map/
Sweet Tooth Games,11252901,games-company,False,developer,True,2018-03-13,,https://app.gamesmap.uk/organisations/4716c095-a971-4cd1-8c5e-d6721bd0b4d5/map/
Swerved,13987891,games-company,False,developer,True,2022-03-18,,https://app.gamesmap.uk/organisations/305fa0fd-b895-42be-846a-89dee10a29a8/map/
Swipe Right Pr,09394033,service-company,True,,True,2015-01-19,,https://app.gamesmap.uk/organisations/720d9993-5669-4671-a10e-f4f15736f8e4/map/
Swipe Studios Interactive,10611477,games-company,False,developer,True,2017-02-09,,https://app.gamesmap.uk/organisations/c8bd25fb-1c75-4119-b67d-cdc69f530b8d/map/
Swipe The Game,16541358,games-company,False,developer,True,2025-06-25,,https://app.gamesmap.uk/organisations/19b69105-f7ed-4b71-a706-c41e19749938/map/
Sycorax Games,17182000,games-company,False,developer,True,2026-04-27,,https://app.gamesmap.uk/organisations/f2bc7cde-901d-4a04-8e11-744d27b7201a/map/
Symphonic Games,16446862,games-company,False,developer,True,2025-05-13,,https://app.gamesmap.uk/organisations/b5e9e2ee-a9d1-48af-abb3-fc05b510752a/map/
Synapsegames,16325826,games-company,False,developer,True,2025-03-19,,https://app.gamesmap.uk/organisations/3d702379-caad-44c6-adfd-553f7d5e17a5/map/
Sync Global,NI607248,service-company,False,,True,2011-04-28,,https://app.gamesmap.uk/organisations/88642d6f-b7fa-4578-9d81-03543279976c/map/
Synoptical Studios,06730491,games-company,False,developer,True,2008-10-22,,https://app.gamesmap.uk/organisations/0969bb03-f56c-435d-9339-19a1973ac8d9/map/
Synthetic Chimera Studios,SC859944,games-company,False,developer,True,2025-08-22,,https://app.gamesmap.uk/organisations/a2e5aff8-d5c9-4d56-afff-ecac1215b9d0/map/
Syrin Studios,08859140,games-company,False,developer,True,2014-01-23,,https://app.gamesmap.uk/organisations/e0b8690a-311f-44f9-8231-6bda287fa17c/map/
System 3 Software,05087372,games-company,True,developer,True,2004-03-29,,https://app.gamesmap.uk/organisations/2fb649ba-85da-4459-b30e-4aac938b16c1/map/
Sz Interactive,11850916,games-company,False,developer,True,2019-02-27,,https://app.gamesmap.uk/organisations/0e958aff-230b-4cf2-b3b0-adde8b25b619/map/
Taagames,16718186,games-company,False,developer,True,2025-09-15,,https://app.gamesmap.uk/organisations/88a0e9d9-37ed-46f3-aad9-85f60e38a11e/map/
Tackorama,09259894,games-company,False,developer,True,2014-10-13,,https://app.gamesmap.uk/organisations/60f2563e-a90e-40c0-848f-8c51418e99a6/map/
Tacs Games,09256051,games-company,False,developer,True,2014-10-09,,https://app.gamesmap.uk/organisations/4274f125-b39e-4b18-8720-9bae1ba4cfe0/map/
Tactile Games,11180461,games-company,False,developer,True,2018-01-31,,https://app.gamesmap.uk/organisations/2bea3bbd-e2a1-45b7-bd50-65123986c210/map/
Tag Games,SC300618,games-company,True,developer,True,2006-04-11,,https://app.gamesmap.uk/organisations/32f6143f-5f9a-4baf-918f-f733047b9b9c/map/
Tai Chi Elements,08299988,games-company,False,developer,True,2012-11-20,,https://app.gamesmap.uk/organisations/04f21b03-291c-488e-87e8-f526f90643a5/map/
Takeover Interactive,09045814,games-company,False,developer,True,2014-05-19,,https://app.gamesmap.uk/organisations/e5c665f2-848e-420f-a31c-ee099d12e0e6/map/
Take Two Interactive Software Europe,02739756,games-company,True,publisher,True,1992-08-14,,https://app.gamesmap.uk/organisations/0a4c23ab-8bb3-4b3a-a3f6-9fc3a73527dd/map/
Take-Two Interactive Software,09554939,games-company,False,publisher,True,2015-04-22,,https://app.gamesmap.uk/organisations/5c743582-e705-423b-9a4b-91e9ba9eae8e/map/
Talespinners Studios,10148203,games-company,True,developer,True,2016-04-26,,https://app.gamesmap.uk/organisations/623667db-73c9-4060-9de7-acd50dff7bc4/map/
Tales Tensor,16264241,games-company,False,developer,True,2025-02-19,,https://app.gamesmap.uk/organisations/ccf7f10b-39c9-403e-8b3a-d0491d429034/map/
Talewind Games Development,14488614,games-company,False,developer,True,2022-11-16,,https://app.gamesmap.uk/organisations/08972875-93e3-4a11-b1a8-a51711ee9003/map/
Talewind,13199208,games-company,True,developer,True,2021-02-12,,https://app.gamesmap.uk/organisations/a0310600-cdba-425c-9ccc-61fa60af8874/map/
Taleworlds Entertainment,16233468,games-company,False,developer,True,2025-02-06,,https://app.gamesmap.uk/organisations/e4ff6c31-0a06-4090-b7b2-d03f4d0d27cd/map/
Tall Studios,07415821,games-company,False,developer,True,2010-10-22,,https://app.gamesmap.uk/organisations/085eb045-a4db-4333-9447-7c9ace25b22a/map/
Tall Tale Games,11593903,games-company,False,developer,True,2018-09-28,,https://app.gamesmap.uk/organisations/cd8f001f-9bc1-424d-878a-d648eed080cb/map/
Tandem Events,05448099,service-company,True,,True,2005-05-10,,https://app.gamesmap.uk/organisations/b9c6ee39-c233-4fef-b06b-6125d6997c1d/map/
Tanglewood Games,10707108,games-company,False,developer,True,2017-04-04,,https://app.gamesmap.uk/organisations/109fe6dc-8415-46d2-8673-a0cfc72cd379/map/
Tantrum Solutions,07011932,games-company,False,developer,True,2009-09-08,,https://app.gamesmap.uk/organisations/b3247908-65b7-4eba-a434-ea9257d4cc75/map/
Tappynest Games,16739031,games-company,False,developer,True,2025-09-24,,https://app.gamesmap.uk/organisations/1b723dc1-3f4a-4033-92f7-d399a704cc04/map/
Taptapboom,07089868,games-company,False,developer,True,2009-11-28,,https://app.gamesmap.uk/organisations/48155b42-ff47-491a-ab19-ed21f9800b62/map/
Taylabs,17285833,games-company,False,developer,True,2026-06-19,,https://app.gamesmap.uk/organisations/dbf24669-111a-4c26-bc4f-a8b18c5ac7b5/map/
Tazkum Games,14648007,games-company,False,developer,True,2023-02-08,,https://app.gamesmap.uk/organisations/6a59ad15-682b-4e8a-951f-5f8425718ed2/map/
Teaboy Games,09547563,games-company,False,developer,True,2015-04-17,,https://app.gamesmap.uk/organisations/12306c38-9a49-48ca-ba8c-b604f0b0999c/map/
Tea Imp Games,13478389,games-company,False,developer,True,2021-06-25,,https://app.gamesmap.uk/organisations/a75afd44-5fb8-47e6-b9f0-e83105012d77/map/
Team 17 Digital,02621976,games-company,True,publisher,True,1991-06-19,,https://app.gamesmap.uk/organisations/e1856ef9-72b6-49d1-81a9-0902933dbe2f/map/
Team Mango Milk,16873582,games-company,False,developer,True,2025-11-25,,https://app.gamesmap.uk/organisations/4797adc5-8c6e-42b1-a850-71728949a9a1/map/
Team Terrible,SC674767,games-company,False,developer,True,2020-09-18,,https://app.gamesmap.uk/organisations/cebf9098-daa2-4c47-84b1-06e191f9ee1e/map/
Tea-Powered Games,08589692,games-company,False,developer,True,2013-06-28,,https://app.gamesmap.uk/organisations/c9a87ee6-ed78-41d8-8ea5-509e49059600/map/
Tea Stained Games,14175543,games-company,False,developer,True,2022-06-15,,https://app.gamesmap.uk/organisations/2d73081f-2334-42cf-a2ec-c86f7a38964b/map/
Teazelcat,11555490,games-company,False,developer,True,2018-09-06,,https://app.gamesmap.uk/organisations/7be7935c-8974-4b38-9e34-72170fa4a478/map/
Teazel,05164294,games-company,False,developer,True,2004-06-28,,https://app.gamesmap.uk/organisations/20530c8e-a1e6-4dac-9bd2-e4d50928bc40/map/
Techdoc,16498153,games-company,False,developer,True,2025-06-05,,https://app.gamesmap.uk/organisations/644801e2-0691-40fa-815f-53744eb235f6/map/
Technology And Creativity,07884746,games-company,False,developer,True,2011-12-16,,https://app.gamesmap.uk/organisations/58cc7418-61fd-41ff-884f-2409399c5c35/map/
TEC PARTNERSHIP,,academic-institution,False,,True,,,https://app.gamesmap.uk/organisations/48e6698b-d7b7-4d3e-837e-8e0f68d14979/map/
TEESSIDE UNIVERSITY,,academic-institution,False,,True,,,https://app.gamesmap.uk/organisations/7248d49b-ef14-4c42-a96d-c88f733128e3/map/
Tehservis,16548968,games-company,False,developer,True,2025-06-30,,https://app.gamesmap.uk/organisations/ff13c689-71de-44b8-b997-6dc2505ce67b/map/
Tekrar,16743888,games-company,False,developer,True,2025-09-25,,https://app.gamesmap.uk/organisations/091cc53e-8fad-4ad3-8715-85eb39c40d7a/map/
Telegames,02243250,games-company,False,publisher,True,1988-04-11,,https://app.gamesmap.uk/organisations/1bb3a583-9fca-412d-ab2d-e78e192bb1b7/map/
Tempura Games,11181732,games-company,False,developer,True,2018-02-01,,https://app.gamesmap.uk/organisations/2bbfbc89-b359-4bfb-8ff0-9b8922ac0a35/map/
Tenshi Partners,OC353605,service-company,False,,True,2010-03-25,,https://app.gamesmap.uk/organisations/b4fa3cd9-6ca6-4417-a3c2-b2da9663f110/map/
Terahard,08286007,games-company,False,developer,True,2012-11-08,,https://app.gamesmap.uk/organisations/4533bea1-5691-4f7d-8d0f-ce57a1c9a140/map/
Terrak Games,13613522,games-company,False,developer,True,2021-09-10,,https://app.gamesmap.uk/organisations/1ea573c4-5c76-43d8-969d-ad886057561c/map/
Terra Tek Studios,08794645,games-company,True,developer,True,2013-11-28,,https://app.gamesmap.uk/organisations/7b21fa4f-b48c-4ebe-b4fd-cb8dc53bbbd0/map/
Terrible Games,13237092,games-company,False,developer,True,2021-03-01,,https://app.gamesmap.uk/organisations/6c1e9dbe-36bf-4af0-af9b-16bc71a6da1c/map/
Territory Games,14076101,games-company,False,developer,True,2022-04-28,,https://app.gamesmap.uk/organisations/9d4152f5-db7c-46fe-ba43-fbc9965e3730/map/
Terror Dog Studio,11792059,games-company,False,developer,True,2019-01-28,,https://app.gamesmap.uk/organisations/8438d9e2-a12d-4526-b78e-a692b6cad429/map/
Testronic Laboratories,03414065,service-company,True,,True,1997-08-04,,https://app.gamesmap.uk/organisations/effda2d0-f5f3-42f7-a154-f38ceed2d1cc/map/
Tg Interactive,16236972,games-company,False,developer,True,2025-02-07,,https://app.gamesmap.uk/organisations/c00f6298-a434-429c-912e-1e54bfe92dc9/map/
Thalamus Digital Publishing,10838302,games-company,False,developer,True,2017-06-27,,https://app.gamesmap.uk/organisations/a439ad06-1fd8-41a4-94c5-2e0045800376/map/
That Silly Studio,10516045,games-company,False,developer,True,2016-12-07,,https://app.gamesmap.uk/organisations/6822cff6-66be-4e54-92bc-ddc46516432b/map/
The 21St Floor Studios,11009575,games-company,False,developer,True,2017-10-12,,https://app.gamesmap.uk/organisations/7efb1d4d-6f79-4b31-82aa-d2b5e08c4ba9/map/
The Alchemyths,14095023,games-company,False,developer,True,2022-05-09,,https://app.gamesmap.uk/organisations/658d26ee-30d0-4a1c-b27e-5597d9febe9c/map/
The Booth Games,17044501,games-company,False,developer,True,2026-02-20,,https://app.gamesmap.uk/organisations/d58d7409-427b-49f0-8349-08e2300239ff/map/
The Children'S Media Conference,07186979,service-company,False,,True,2010-03-11,,https://app.gamesmap.uk/organisations/1fab49bb-9691-40e4-894f-aa6528cbd678/map/
THE CITY OF LIVERPOOL COLLEGE,,academic-institution,False,,True,,,https://app.gamesmap.uk/organisations/5c0ee863-1454-483c-91c4-22303377bad8/map/
The Creative Assembly,03425917,games-company,False,developer,True,1997-08-28,,https://app.gamesmap.uk/organisations/a86c34d5-fcfe-48cf-949e-580f7ef72ee4/map/
The Creative Assembly Vgdc,09304455,games-company,True,developer,True,2014-11-11,,https://app.gamesmap.uk/organisations/2cd93ce5-d395-4cc0-af30-701dbf2b2f3c/map/
The Dairymen,04078295,games-company,False,developer,True,2000-09-26,,https://app.gamesmap.uk/organisations/75dd7f57-6d74-4896-93fe-f5cb29e54775/map/
The Dangerous Kitchen,07503681,games-company,False,developer,True,2011-01-24,,https://app.gamesmap.uk/organisations/f895873c-75bc-44c0-9d65-5fe2be6e3ac9/map/
The Digi Monsters,10211851,service-company,False,,True,2016-06-02,,https://app.gamesmap.uk/organisations/35dbd5e8-e739-43c1-a539-964fa0a2dc01/map/
Thedigital,09175720,games-company,False,developer,True,2014-08-14,,https://app.gamesmap.uk/organisations/f31a033e-8fbf-4be5-a0fa-68cf5b1774a9/map/
The Fyzz Facility,07380091,games-company,False,developer,True,2010-09-17,,https://app.gamesmap.uk/organisations/94dc9eef-5885-4860-9e5e-ef047d763829/map/
The Game Assembly,13881612,service-company,True,,True,2022-01-31,,https://app.gamesmap.uk/organisations/9d762823-9e6d-411f-9a14-ccbeb84db71c/map/
The Game Boys,16452849,games-company,False,developer,True,2025-05-15,,https://app.gamesmap.uk/organisations/b122e396-abaa-4bf3-95bc-dad0791a4d7e/map/
The Game Production Company,09691780,games-company,False,developer,True,2015-07-17,,https://app.gamesmap.uk/organisations/e6f4e4c7-41a8-4341-a750-25baeb9649c8/map/
The Games Collective,13738096,games-company,False,developer,True,2021-11-11,,https://app.gamesmap.uk/organisations/3f5f17ee-859d-4074-a039-179de218ea1c/map/
The Game Site,11950391,games-company,False,developer,True,2019-04-16,,https://app.gamesmap.uk/organisations/0ae2bd5f-7218-4572-bbe5-b9d914df3ffa/map/
The Green Filmmaker,16366480,games-company,False,developer,True,2025-04-04,,https://app.gamesmap.uk/organisations/bc1ebd70-fae5-420f-8718-d5978e8c95e7/map/
The Honest Videogame Company,12129442,service-company,True,,True,2019-07-30,,https://app.gamesmap.uk/organisations/3a783543-919d-4522-8a50-ab5eb7b11f4f/map/
The Indie Stone,08650737,games-company,False,developer,True,2013-08-14,,https://app.gamesmap.uk/organisations/c062faf4-3119-49df-b03d-a73c116fc57f/map/
The Irregular Corporation,09911973,games-company,True,publisher,True,2015-12-10,,https://app.gamesmap.uk/organisations/8f835c19-ebfc-4f76-9d86-8e7f02eefe71/map/
Theleashlessstudio,16753480,games-company,False,developer,True,2025-09-30,,https://app.gamesmap.uk/organisations/4141dbc3-c592-41fb-89f6-b5cb43ff021f/map/
The Lucid Frame Studio,16551468,games-company,False,developer,True,2025-06-30,,https://app.gamesmap.uk/organisations/f175c442-8a85-41e1-be08-d32a698db26b/map/
The Mathematical Games Company,08093051,games-company,True,developer,True,2012-06-01,,https://app.gamesmap.uk/organisations/86cde5e4-007a-4ca6-a562-db7a53280436/map/
Themesic Interactive,09325797,games-company,False,developer,True,2014-11-25,,https://app.gamesmap.uk/organisations/9bd3150b-e0e7-4744-b249-0b825085d587/map/
The Multiplayer Group,11254980,games-company,True,developer,True,2018-03-14,,https://app.gamesmap.uk/organisations/3247f6ee-8dc1-4589-adf9-f6b57750d0f9/map/
THE OLDHAM COLLEGE,,academic-institution,False,,True,,,https://app.gamesmap.uk/organisations/90678088-ee8a-49f6-b147-ed21f8e47837/map/
The Pokemon Company International,BR008420,games-company,False,developer,True,2005-10-01,,https://app.gamesmap.uk/organisations/920df6bd-85b3-4304-8bd4-f683b045c1f6/map/
The Polygon Loft,11255561,games-company,True,developer,True,2018-03-14,,https://app.gamesmap.uk/organisations/e03ed6ff-2d64-4c11-a133-0fe7cb640953/map/
The Producers,08901690,games-company,False,developer,True,2014-02-19,,https://app.gamesmap.uk/organisations/4df1e4c8-a067-474c-b6c8-f5b84da5d3f0/map/
The Secret Games Company,08073100,games-company,False,developer,True,2012-05-17,,https://app.gamesmap.uk/organisations/88b2b062-4e77-4332-a64b-0b04622820e8/map/
The Send Entertainment,16613681,games-company,False,developer,True,2025-07-29,,https://app.gamesmap.uk/organisations/f10ebd45-9473-4644-a16e-31059cb39674/map/
The Starboy Studios,17019380,games-company,False,developer,True,2026-02-09,,https://app.gamesmap.uk/organisations/c7932f2a-04f9-4d30-83a2-98757eeb1ffb/map/
The Tall Trees Games,09173327,games-company,True,developer,True,2014-08-13,,https://app.gamesmap.uk/organisations/70a91c37-a13e-4a0b-b6be-2d0a66b72b60/map/
The Trailerfarm,07670603,service-company,True,,True,2011-06-15,,https://app.gamesmap.uk/organisations/fd4c6580-490f-4813-a4be-83e0fe35c93c/map/
The Transfer Tutor,NI670225,games-company,False,developer,True,2020-06-15,,https://app.gamesmap.uk/organisations/0988e680-3203-4e6d-904d-08ffbe74af1c/map/
The Uk Interactive Entertainment Association,02420400,service-company,True,,True,1989-09-06,,https://app.gamesmap.uk/organisations/b9c147d6-f625-4cc4-b11d-b9254d05d548/map/
THE UNIVERSITY OF BOLTON,,academic-institution,False,,True,,,https://app.gamesmap.uk/organisations/f905e9b2-0616-41c7-b4a1-a8176cd20a40/map/
THE UNIVERSITY OF BRADFORD,,academic-institution,False,,True,,,https://app.gamesmap.uk/organisations/caa24afd-a96b-476d-8083-786425edbb70/map/
The University Of Chichester,04740553,academic-institution,True,,True,2003-04-22,,https://app.gamesmap.uk/organisations/53a4be95-9042-48a4-9781-ff702d034310/map/
University of Chichester,,academic-institution,False,,True,,,https://app.gamesmap.uk/organisations/bcf3f871-79e6-4a00-8268-943122f73f10/map/
THE UNIVERSITY OF CUMBRIA,,academic-institution,False,,True,,,https://app.gamesmap.uk/organisations/90e890ab-a99f-41c7-9e80-1b702ed27dce/map/
THE UNIVERSITY OF ESSEX,,academic-institution,False,,True,,,https://app.gamesmap.uk/organisations/ebd7ac90-1e34-4de7-a293-1e9fa612e7b1/map/
University of Huddersfield,,academic-institution,False,,True,,,https://app.gamesmap.uk/organisations/3b015a5b-7d41-413f-a72e-3baa0aa6d2d4/map/
University of Hull,,academic-institution,False,,True,,,https://app.gamesmap.uk/organisations/ab1f76ca-1531-4c78-a7fd-c4a9cfca425a/map/
University of Leeds,,academic-institution,False,,True,,,https://app.gamesmap.uk/organisations/a02f165c-eaf6-4ed0-b020-0c2760d2cf8e/map/
THE UNIVERSITY OF LIVERPOOL,,academic-institution,False,,True,,,https://app.gamesmap.uk/organisations/e295f4a0-0a51-4154-a1fd-ab41a9f14e00/map/
THE UNIVERSITY OF WEST LONDON,,academic-institution,False,,True,,,https://app.gamesmap.uk/organisations/579e5a7c-307f-4088-9afc-61a8b9d80b44/map/
THE UNIVERSITY OF WESTMINSTER,,academic-institution,False,,True,,,https://app.gamesmap.uk/organisations/d702fa9e-f83c-4228-8114-6a8ea454a8fe/map/
The Unknown Greats,SC886796,games-company,False,developer,True,2026-04-17,,https://app.gamesmap.uk/organisations/cbfa9e7d-4eb0-4a1d-b0d0-bf53b9c25f20/map/
The Voices Games,07962156,games-company,False,developer,True,2012-02-23,,https://app.gamesmap.uk/organisations/c0e4626c-3970-45a4-aae0-68f777582258/map/
The Walt Disney Company,00530051,service-company,True,,True,1954-03-08,,https://app.gamesmap.uk/organisations/030cd7bf-5d24-4d85-b3f9-664790e76cb5/map/
Thinmatrix,11203662,games-company,False,developer,True,2018-02-13,,https://app.gamesmap.uk/organisations/d05dcd2a-2aa8-4c15-a1b6-04d34ecefe2d/map/
Third Eye Games,11651882,games-company,False,developer,True,2018-10-31,,https://app.gamesmap.uk/organisations/e6da3058-bbb2-433b-983d-a5b60dfba20a/map/
Third Jar Studios,16636954,games-company,False,developer,True,2025-08-08,,https://app.gamesmap.uk/organisations/5d3a8b48-abc7-4e04-877e-a5486427102c/map/
Third Kind Games,10449910,games-company,True,developer,True,2016-10-27,,https://app.gamesmap.uk/organisations/7dfb11fe-f711-4f34-a79b-e4672fbb4e83/map/
Thistle And Thorn Games,SC841976,games-company,False,developer,True,2025-03-19,,https://app.gamesmap.uk/organisations/8e03f3d8-2855-4fa3-a8a8-38aa43f58fc3/map/
Thistle Studios Cyf.,17248390,games-company,False,developer,True,2026-05-28,,https://app.gamesmap.uk/organisations/d8a59c10-74cf-4f23-93b9-8b62b786c6b6/map/
This Way Up Studios,16720999,games-company,False,developer,True,2025-09-16,,https://app.gamesmap.uk/organisations/04ccf8e6-8de4-40ae-bd06-19881b8e0233/map/
Thndr,12291373,games-company,False,developer,True,2019-10-31,,https://app.gamesmap.uk/organisations/1466729b-8c59-4353-a133-129973185cbf/map/
Thoriumcube Operations,13860322,games-company,False,developer,True,2022-01-20,,https://app.gamesmap.uk/organisations/c360c853-efc3-4a6f-8d0b-de9689c0a53d/map/
Thread Web Studios,09559928,games-company,False,developer,True,2015-04-24,,https://app.gamesmap.uk/organisations/a2490fa7-af0f-408a-bc90-7da425fc9cdf/map/
Three Fields Entertainment,08908878,games-company,True,developer,True,2014-02-24,,https://app.gamesmap.uk/organisations/dbbe69cc-f63c-483a-acd5-3bc4de37ebeb/map/
Three Headed Eagle,08482876,games-company,False,developer,True,2013-04-10,,https://app.gamesmap.uk/organisations/0060fc3b-f8aa-4fee-81b4-9673fc02eba2/map/
Thrills And Chills Games,17349238,games-company,False,developer,True,2026-07-20,,https://app.gamesmap.uk/organisations/64cdfee3-a8b7-4d54-b80d-55e5bff1cce8/map/
Thumb Flame Games,17184643,games-company,False,developer,True,2026-04-27,,https://app.gamesmap.uk/organisations/d8d23c17-f914-45b5-80e9-874e29e0add5/map/
Thunderbox Entertainment,11970717,games-company,False,developer,True,2019-04-30,,https://app.gamesmap.uk/organisations/e0bc37fc-8814-451d-8e55-82d8f52238ee/map/
Thunderclap Interactive,10194453,games-company,False,developer,True,2016-05-23,,https://app.gamesmap.uk/organisations/b7366b81-edae-4bbd-a075-254c344a2f4f/map/
Thunderful Games,05252507,games-company,True,publisher,True,2004-10-06,,https://app.gamesmap.uk/organisations/bd731ae2-eddc-45df-bbd4-91cf5dff0fb3/map/
Thundersnow,08697352,games-company,False,developer,True,2013-09-19,,https://app.gamesmap.uk/organisations/fd4cd9a2-8a99-4b4c-9995-a5a717f16e6c/map/
Thunkd Games,11557848,games-company,False,developer,True,2018-09-07,,https://app.gamesmap.uk/organisations/c5225ee4-8fe7-4cac-a4ba-d99242340f9f/map/
Tibith,13367852,games-company,False,developer,True,2021-04-29,,https://app.gamesmap.uk/organisations/118eb7c1-40f4-41d9-b4eb-9f3faa473624/map/
Ticktock Games,06357704,games-company,False,developer,True,2007-08-31,,https://app.gamesmap.uk/organisations/23f78ead-6e16-4f22-8607-f502f2cf1b20/map/
Tidy Games,12099869,games-company,False,developer,True,2019-07-12,,https://app.gamesmap.uk/organisations/db60286d-cb39-49ea-959e-c7821c4a5034/map/
Tie44 Global Finance,16785938,games-company,False,developer,True,2025-10-15,,https://app.gamesmap.uk/organisations/8a60cd64-0479-4e3b-9ae2-ff98021ebe64/map/
Tiffin Games,08181853,games-company,False,developer,True,2012-08-16,,https://app.gamesmap.uk/organisations/6c0a391a-46b0-4599-8a1b-57f95069b4c4/map/
Tiger Developments (Entertainment),02281922,games-company,False,developer,True,1988-07-29,,https://app.gamesmap.uk/organisations/b9aa9b1d-4c07-4ad8-8591-1c93451cc28b/map/
Tigerlily Games,17016742,games-company,False,developer,True,2026-02-06,,https://app.gamesmap.uk/organisations/13fbb8df-4ae7-4f0e-855f-a658d4759e0c/map/
Tik Tok International,11820737,games-company,False,developer,True,2019-02-12,,https://app.gamesmap.uk/organisations/d2784a75-2f0b-4a11-ad3e-8c6a29386113/map/
Tik Tok Technologies,10221419,games-company,False,developer,True,2016-06-08,,https://app.gamesmap.uk/organisations/4be349fb-5a5f-442e-adb0-3a7280e5e5f3/map/
Tilki Ai,15647907,games-company,True,developer,True,2024-04-15,,https://app.gamesmap.uk/organisations/b66593fb-6ad4-479a-bdd9-7c5f1b7899ca/map/
Till The End Games,16997563,games-company,False,developer,True,2026-01-29,,https://app.gamesmap.uk/organisations/9f4c9ef4-6839-46c6-af0d-a90b60ed2736/map/
Time Tracer,03680526,games-company,False,developer,True,1998-12-08,,https://app.gamesmap.uk/organisations/d616d6bb-07e3-4a30-a950-01304b619b64/map/
Tin Ear Games,09034936,games-company,False,developer,True,2014-05-12,,https://app.gamesmap.uk/organisations/6c7f6596-30fb-42b9-b1a7-b40043b58b56/map/
Tinygoose,10285773,games-company,False,developer,True,2016-07-19,,https://app.gamesmap.uk/organisations/5c9d6d65-c35a-4a2e-9277-3c36b1f940f6/map/
Tiny Home Studios,14056146,games-company,False,developer,True,2022-04-20,,https://app.gamesmap.uk/organisations/0562ddc6-56fd-4462-8718-0c45199c77fb/map/
Tiny Interactive Studios,13124806,games-company,False,developer,True,2021-01-11,,https://app.gamesmap.uk/organisations/aed902ce-b0fa-4746-9ad8-50860fa9bb09/map/
Tiny Rebel Games,10185630,games-company,False,developer,True,2016-05-18,,https://app.gamesmap.uk/organisations/aac05462-d146-4a58-a2b2-04d66318d94d/map/
Tironian Games,17283160,games-company,False,developer,True,2026-06-18,,https://app.gamesmap.uk/organisations/b861800c-795a-4c50-9627-baa3dc211f3f/map/
Tissue Inu,14268010,games-company,False,developer,True,2022-08-01,,https://app.gamesmap.uk/organisations/d9aa2663-2e14-461e-9db4-5efafc4868da/map/
Tlk Game Development,09915107,games-company,False,developer,True,2015-12-14,,https://app.gamesmap.uk/organisations/76e4b7f7-518b-466b-abda-3772f392deb3/map/
Toastielabs,14031845,games-company,False,developer,True,2022-04-07,,https://app.gamesmap.uk/organisations/92339ee4-7b62-452e-b6ed-b393fe571653/map/
Together Games,13356475,games-company,False,developer,True,2021-04-26,,https://app.gamesmap.uk/organisations/5bf40e7f-726e-42cd-84d6-a93773b021f1/map/
Toikido,12877756,service-company,True,,True,2020-09-14,,https://app.gamesmap.uk/organisations/de33f379-c163-4ed9-b5e0-0c082ce6215b/map/
Tones Studios,17161383,games-company,False,developer,True,2026-04-16,,https://app.gamesmap.uk/organisations/0f8b1d9d-743e-4221-80eb-55ba714db8ca/map/
Tonic Games,09882916,games-company,False,developer,True,2015-11-20,,https://app.gamesmap.uk/organisations/8996fa70-5458-4aaf-86ec-c4105d1f7ffc/map/
Topdo,17115516,games-company,False,developer,True,2026-03-25,,https://app.gamesmap.uk/organisations/c6fc7f73-dfc3-43d9-9f5f-287a121213b1/map/
Top Drawer Games,10637849,games-company,False,developer,True,2017-02-24,,https://app.gamesmap.uk/organisations/a9ab7492-e740-4add-9866-c1b4f5061211/map/
Topmax70,16982074,games-company,False,developer,True,2026-01-22,,https://app.gamesmap.uk/organisations/6a4212fe-baa6-4a00-84e5-018788738f1e/map/
Top Of Games,16307661,games-company,False,developer,True,2025-03-11,,https://app.gamesmap.uk/organisations/cb80fa6e-e591-4326-9522-704cee016d3a/map/
Topograph Interactive,16098011,games-company,False,developer,True,2024-11-25,,https://app.gamesmap.uk/organisations/0a1b515d-344e-4fe2-be4b-2c9d64b59df1/map/
Top Row Games,11554804,games-company,False,developer,True,2018-09-05,,https://app.gamesmap.uk/organisations/347ee4c8-468c-400c-b956-92175e77a14b/map/
Torchbearer Interactive,10437501,games-company,False,developer,True,2016-10-20,,https://app.gamesmap.uk/organisations/aa079be7-b3ad-4c4b-a0b1-374aa89f684e/map/
Torn Page Games,09846870,games-company,False,developer,True,2015-10-28,,https://app.gamesmap.uk/organisations/c5237398-37a4-46ff-8fa3-4f26418eb76b/map/
Totebo,09037787,games-company,False,developer,True,2014-05-13,,https://app.gamesmap.uk/organisations/a3efa05d-1ea6-46e4-ab8b-c17d9e56ae2c/map/
Touch Mechanics,05035136,games-company,False,developer,True,2004-02-05,,https://app.gamesmap.uk/organisations/bf078210-bcc9-4259-8164-f488a137f040/map/
Touchstone Games,06485169,games-company,False,developer,True,2008-01-28,,https://app.gamesmap.uk/organisations/b172db37-1f66-4178-86d2-afa51ee92a00/map/
Toxic Games,07382475,games-company,False,developer,True,2010-09-21,,https://app.gamesmap.uk/organisations/eeb010a3-ac15-433e-a7d0-15c49a4e5bbe/map/
Toyumi,14255143,games-company,False,developer,True,2022-07-25,,https://app.gamesmap.uk/organisations/011ad10a-9fb4-4229-8c24-068ade084e99/map/
Trailmix Games,11706210,games-company,True,developer,True,2018-11-30,,https://app.gamesmap.uk/organisations/39d6cd21-67d4-49bf-9d2a-533f59fb1f39/map/
Tranquil Turtle Studios,16204689,games-company,False,developer,True,2025-01-23,,https://app.gamesmap.uk/organisations/3c607f0e-b4ae-4ec5-b677-1873dcf32c9b/map/
Transcendent Games,16260039,games-company,False,developer,True,2025-02-18,,https://app.gamesmap.uk/organisations/601b0924-f5ed-446f-ba61-0b2293d42b4a/map/
Trashgames,08070583,games-company,False,developer,True,2012-05-16,,https://app.gamesmap.uk/organisations/90ebf756-d810-462b-bff4-e12ca823b6c0/map/
Travelbug Games,16338388,games-company,False,developer,True,2025-03-24,,https://app.gamesmap.uk/organisations/d4c5b8f2-b1af-4888-975f-a99d44cf3e7c/map/
Tr Connect,13795281,games-company,False,developer,True,2021-12-10,,https://app.gamesmap.uk/organisations/c4a58536-a7b0-4114-b324-c4f93088c5dc/map/
Trebuchet Games,08829095,games-company,False,developer,True,2014-01-02,,https://app.gamesmap.uk/organisations/80364b34-c136-4596-ae6b-8a82b054c317/map/
Tree Den Games,16713682,games-company,False,developer,True,2025-09-12,,https://app.gamesmap.uk/organisations/b1512228-0350-462f-996e-806f4deb71c0/map/
Treesplease Games,12223638,games-company,False,developer,True,2019-09-24,,https://app.gamesmap.uk/organisations/76686224-d016-43e4-9333-d07bde76845f/map/
Trekker Partners,16174907,games-company,False,developer,True,2025-01-10,,https://app.gamesmap.uk/organisations/4bbb6b2e-1a12-46dd-b767-07ec83d8a1b9/map/
Triangular Pixels,09113479,games-company,False,developer,True,2014-07-02,,https://app.gamesmap.uk/organisations/3eee8e08-2e50-44eb-be67-d1df7be64bb5/map/
Tributary Games,13397210,games-company,False,developer,True,2021-05-14,,https://app.gamesmap.uk/organisations/29891d5c-3c61-4713-9871-f3ff1d897ebc/map/
Trickjump Games,10764104,games-company,False,developer,True,2017-05-10,,https://app.gamesmap.uk/organisations/8bea404a-15bc-4651-8f8c-ac8ee91afab7/map/
Tricky Pixels,06827716,games-company,False,developer,True,2009-02-23,,https://app.gamesmap.uk/organisations/adf46033-12d9-4ddd-9005-abdc2c21c30b/map/
Trigpoint Games,11136947,games-company,False,developer,True,2018-01-08,,https://app.gamesmap.uk/organisations/f8a49856-963b-4987-ba77-0cdcf803233d/map/
Trilunatic,SC590356,games-company,False,developer,True,2018-03-05,,https://app.gamesmap.uk/organisations/ebb62003-84fd-4881-b8e0-c30f9e5e59bb/map/
Trinity Spires Studios,17191159,games-company,False,developer,True,2026-04-30,,https://app.gamesmap.uk/organisations/a9cca9af-3dbe-4594-ab4e-645b19425aea/map/
Triple B Games,SC368946,games-company,False,developer,True,2009-11-23,,https://app.gamesmap.uk/organisations/01f3a9e4-81a7-4c15-aff8-18d56e9dca21/map/
Tripledot Studios,10245307,games-company,False,developer,True,2016-06-22,,https://app.gamesmap.uk/organisations/8c4f99fa-c3ba-42d8-aa47-eb68639f814b/map/
Triple Eh,09070938,games-company,False,developer,True,2014-06-04,,https://app.gamesmap.uk/organisations/d72b375b-4e7d-4ab6-99a2-a3c555e2d540/map/
Triplevision Games,12327551,games-company,False,developer,True,2019-11-21,,https://app.gamesmap.uk/organisations/4da9cb9f-b6a2-4310-91e5-b0de163eb472/map/
Tripolis Games,14386936,games-company,False,developer,True,2022-09-29,,https://app.gamesmap.uk/organisations/940b6495-ac8f-43e5-97cf-9c8efd33c662/map/
Triton Game Studio,11478793,games-company,False,developer,True,2018-07-23,,https://app.gamesmap.uk/organisations/a61fdbb1-b5b1-4ce6-9452-23a95e65fc72/map/
Triumph Games,11767850,games-company,False,developer,True,2019-01-15,,https://app.gamesmap.uk/organisations/8067883a-5674-412f-9430-e0601f07ba54/map/
Triumvirate Labs,16673197,games-company,False,developer,True,2025-08-26,,https://app.gamesmap.uk/organisations/b4a12eb3-1833-47d2-8896-4c782b3328c5/map/
True Ronin Games,10522414,games-company,False,developer,True,2016-12-13,,https://app.gamesmap.uk/organisations/1f19509d-5237-47a4-bba2-6d6dcce6e2c7/map/
TRURO AND PENWITH COLLEGE,,academic-institution,False,,True,,,https://app.gamesmap.uk/organisations/48619503-ecf1-4c60-9b09-b3792f95fc9f/map/
Tryline Studios,17301879,games-company,False,developer,True,2026-06-25,,https://app.gamesmap.uk/organisations/73e6e259-66cd-4120-a070-289845c1859d/map/
Tsumanga Studios,SC428137,games-company,False,developer,True,2012-07-12,,https://app.gamesmap.uk/organisations/8e64aae2-6b70-4443-8b2a-f1a18e00c649/map/
Tt Animation,05986997,service-company,False,,True,2006-11-02,,https://app.gamesmap.uk/organisations/f9b9dba6-6249-4d98-9cf9-300baf0a3882/map/
Ttbeef,17139502,games-company,False,developer,True,2026-04-07,,https://app.gamesmap.uk/organisations/db3c686e-b612-4e1b-ad86-4fd0f538b4c0/map/
Tt Games,05340126,games-company,True,developer,True,2005-01-24,,https://app.gamesmap.uk/organisations/ce354c6e-6d30-4a4a-b92d-0b66f31a896c/map/
Tt Games Studios,03149992,games-company,False,developer,True,1996-01-23,,https://app.gamesmap.uk/organisations/77ce21a5-829b-4c19-be43-30bcd5555db4/map/
Tubby Media,13378160,games-company,False,developer,True,2021-05-05,,https://app.gamesmap.uk/organisations/87612036-05c0-4889-8808-d591efbb5e0c/map/
Tumbleweed Games,11914083,games-company,False,developer,True,2019-03-29,,https://app.gamesmap.uk/organisations/0f1b006b-9a08-4817-8558-c3e583c726e8/map/
Tuna Technologies,03616869,games-company,False,developer,True,1998-08-17,,https://app.gamesmap.uk/organisations/af6bca8a-f517-4d88-86a9-10df8e49783e/map/
Tur4N,17275083,games-company,False,developer,True,2026-06-17,,https://app.gamesmap.uk/organisations/9f3bbe4e-dad1-4fbc-968a-d5671a04346c/map/
Turbulenz,06921988,games-company,False,developer,True,2009-06-02,,https://app.gamesmap.uk/organisations/bd61ba13-41f6-4a28-8d23-50812103d48e/map/
Tutotoons,SC498895,games-company,False,developer,True,2015-02-25,,https://app.gamesmap.uk/organisations/289fd9e6-87e0-4136-9586-428b9a94b11f/map/
Twice Circled,08242058,games-company,False,developer,True,2012-10-05,,https://app.gamesmap.uk/organisations/31fa65a4-579d-4845-9d4e-2a8d939f00f7/map/
Twisted Tree Games,08169995,games-company,False,developer,True,2012-08-07,,https://app.gamesmap.uk/organisations/ca918556-17e2-4aaa-b489-4cb989f5c501/map/
Twistplay,08288080,games-company,False,developer,True,2012-11-09,,https://app.gamesmap.uk/organisations/93018345-dc7a-4dcb-82e7-473dc3fd27b2/map/
Twofivesix,08098863,games-company,False,developer,True,2012-06-08,,https://app.gamesmap.uk/organisations/089b944c-820a-4781-8942-3b487cefa74b/map/
Two Point Development Co,10285629,games-company,False,developer,True,2016-07-19,,https://app.gamesmap.uk/organisations/6f4fae0a-7ed7-4ecb-bfeb-e278433ab3c5/map/
Two Point Studios,10196328,games-company,True,developer,True,2016-05-24,,https://app.gamesmap.uk/organisations/0aa9b542-994e-4b45-ac38-12ddeb7f51c3/map/
Two Tails,07219353,games-company,True,developer,True,2010-04-11,,https://app.gamesmap.uk/organisations/90c655a6-5b4c-4e0e-889a-61796c3972a0/map/
Typ1 Games,SC843545,games-company,False,developer,True,2025-04-01,,https://app.gamesmap.uk/organisations/0e373c0b-e899-4352-b470-a5e5297e636b/map/
Uay Balam Studios,SC890633,games-company,False,developer,True,2026-05-22,,https://app.gamesmap.uk/organisations/302f2ae7-5ab8-4c4b-8b93-85e72eacd31b/map/
Ubisoft,02409000,games-company,True,publisher,True,1989-07-28,,https://app.gamesmap.uk/organisations/bbdb72c1-0f65-4acf-bec1-23508e6e91f2/map/
Ubisoft Reflections,05785442,games-company,False,developer,True,2006-04-19,,https://app.gamesmap.uk/organisations/08918a0b-4a11-4371-9955-629bb9654bca/map/
Ucb Pay,16698316,games-company,False,developer,True,2025-09-05,,https://app.gamesmap.uk/organisations/484766ff-35d3-4451-98fa-ba2f99f7877f/map/
The London College,,academic-institution,False,,True,,,https://app.gamesmap.uk/organisations/769ee3f3-b336-4f4d-adb3-09c3f92dd024/map/
Udacha Games,09568444,games-company,False,developer,True,2015-04-30,,https://app.gamesmap.uk/organisations/07315006-e889-42c3-bc88-fa28b7054be0/map/
Ukiyo Publishing,10543440,games-company,False,publisher,True,2017-01-03,,https://app.gamesmap.uk/organisations/cd23cbf0-029f-4306-a780-698dd37dcc05/map/
Uk Yingshanyao Interactive Entertainment Media Co.,16900100,games-company,False,developer,True,2025-12-09,,https://app.gamesmap.uk/organisations/461f9077-281b-483f-a954-d953fcbbec96/map/
Ultima Testing,07672257,games-company,False,developer,True,2011-06-16,,https://app.gamesmap.uk/organisations/0b2a3473-e821-44b9-b3bf-0905be4c15af/map/
Ultrahorse Games Development,14097083,games-company,False,developer,True,2022-05-10,,https://app.gamesmap.uk/organisations/ba405ff4-299d-4527-b9de-3d5a7e924b65/map/
Ultraleap,08781720,service-company,False,,True,2013-11-19,,https://app.gamesmap.uk/organisations/745e67a1-dee2-42bc-8602-07549c8323fa/map/
Unblockabl Studios,14750662,games-company,False,developer,True,2023-03-22,,https://app.gamesmap.uk/organisations/0931969e-1a22-4735-94f0-145def6c2fe8/map/
Under The Stairs,10571279,games-company,False,developer,True,2017-01-18,,https://app.gamesmap.uk/organisations/3e784bb2-8c7f-4451-afd4-e9025de27eb4/map/
Unexpected Developments,10460240,games-company,False,developer,True,2016-11-03,,https://app.gamesmap.uk/organisations/8d4191fd-974f-435c-ad5e-728efebd24a6/map/
Unfit Parent,14350359,games-company,False,developer,True,2022-09-12,,https://app.gamesmap.uk/organisations/7cca0151-29bc-47c4-973b-9399db6d1eb7/map/
Unicube Studios,09135662,games-company,False,developer,True,2014-07-17,,https://app.gamesmap.uk/organisations/7571b1a7-cc8c-4751-be2f-fd907fa269bb/map/
United Command International,06983173,games-company,False,developer,True,2009-08-06,,https://app.gamesmap.uk/organisations/6e5f8c6b-0d1d-4c45-b0f8-5683e6df85fe/map/
Unit Games,16662199,games-company,False,developer,True,2025-08-20,,https://app.gamesmap.uk/organisations/297e1200-9e54-42bb-9814-42c597c57f1b/map/
Universally Speaking,05431888,games-company,True,developer,True,2005-04-21,,https://app.gamesmap.uk/organisations/fabb6ca2-acd5-44d8-a312-3ce01bc0a635/map/
UNIVERSITY FOR THE CREATIVE ARTS,,academic-institution,False,,True,,,https://app.gamesmap.uk/organisations/3d726791-2dd1-4080-8b7b-4e01bd500183/map/
UNIVERSITY OF BEDFORDSHIRE,,academic-institution,False,,True,,,https://app.gamesmap.uk/organisations/e940c196-b8f5-474d-84f4-9f1feabd05e9/map/
UNIVERSITY OF BRIGHTON,,academic-institution,False,,True,,,https://app.gamesmap.uk/organisations/bbbe8b9b-d90e-4fb1-917a-0ca84072842e/map/
UNIVERSITY OF CENTRAL LANCASHIRE,,academic-institution,False,,True,,,https://app.gamesmap.uk/organisations/179b04e0-a326-44cf-a1df-6e8490755dd2/map/
UNIVERSITY OF CHESTER,,academic-institution,False,,True,,,https://app.gamesmap.uk/organisations/49d620ab-1ed2-40d0-804d-b8ac44b21765/map/
UNIVERSITY OF DERBY,,academic-institution,False,,True,,,https://app.gamesmap.uk/organisations/bc110cd4-10c9-40da-a73b-9103b39777a9/map/
The University of East London,,academic-institution,False,,True,,,https://app.gamesmap.uk/organisations/a983ec60-7a94-4355-9d3e-345766c44318/map/
UNIVERSITY OF GLOUCESTERSHIRE,,academic-institution,False,,True,,,https://app.gamesmap.uk/organisations/53e86c32-a137-4516-810f-f2b6d1a57c38/map/
UNIVERSITY OF GREENWICH,,academic-institution,False,,True,,,https://app.gamesmap.uk/organisations/116902a5-5dc5-4f18-a7c6-f3a007704c94/map/
University Of Greenwich,00986729,academic-institution,True,,True,1970-08-12,,https://app.gamesmap.uk/organisations/22b43178-02d3-44ce-9d77-698c03d12f6a/map/
University of Hertfordshire,,academic-institution,False,,True,,,https://app.gamesmap.uk/organisations/c303bd6c-ac28-4a15-a6a4-5e68e55fc0cf/map/
Keele University,,academic-institution,False,,True,,,https://app.gamesmap.uk/organisations/753beff8-f230-4d8c-bea4-8c9aa236711d/map/
UNIVERSITY OF LINCOLN,,academic-institution,False,,True,,,https://app.gamesmap.uk/organisations/66d17d91-253c-44b1-a023-4f2fa8e5bd7b/map/
Newcastle University,,academic-institution,False,,True,,,https://app.gamesmap.uk/organisations/92c8ae87-085d-4922-9282-fcde6a99fa5a/map/
The University of Northampton,,academic-institution,False,,True,,,https://app.gamesmap.uk/organisations/503665bd-e56c-46d0-b071-6866abeef807/map/
UNIVERSITY OF NORTHUMBRIA AT NEWCASTLE,,academic-institution,False,,True,,,https://app.gamesmap.uk/organisations/e4eb127e-0eac-4bd2-93d5-471f413af432/map/
UNIVERSITY OF PLYMOUTH,,academic-institution,False,,True,,,https://app.gamesmap.uk/organisations/92b701f4-3970-41d1-a6ea-0257e5c8cb77/map/
UNIVERSITY OF PORTSMOUTH,,academic-institution,False,,True,,,https://app.gamesmap.uk/organisations/ddf3adc1-0add-41d5-9f5b-717aa0c2ce86/map/
The University of Salford,,academic-institution,False,,True,,,https://app.gamesmap.uk/organisations/6e6fdd15-aded-4de8-a4a3-dab2b5389e2e/map/
UNIVERSITY OF SOUTHAMPTON,,academic-institution,False,,True,,,https://app.gamesmap.uk/organisations/17b071d7-6d30-40de-a2bb-fcb23d8b00ab/map/
UNIVERSITY OF SOUTH WALES/PRIFYSGOL DE CYMRU,,academic-institution,False,,True,,,https://app.gamesmap.uk/organisations/6e7f9eea-908c-4819-9098-eac3babef07c/map/
University of Suffolk,,academic-institution,False,,True,,,https://app.gamesmap.uk/organisations/e0a3e38c-9463-4bd0-bacc-2555f95a2450/map/
UNIVERSITY OF SUNDERLAND,,academic-institution,False,,True,,,https://app.gamesmap.uk/organisations/fa501ad2-180b-4fb1-96b5-a62dc40899d2/map/
UNIVERSITY OF SUSSEX,,academic-institution,False,,True,,,https://app.gamesmap.uk/organisations/a6e2b1e1-47d4-4fe7-9cac-7fb9b9c4c708/map/
"UNIVERSITY OF THE ARTS, LONDON",,academic-institution,False,,True,,,https://app.gamesmap.uk/organisations/feeaf8f0-b3f2-49a5-bb1b-605b19405ff8/map/
UNIVERSITY OF THE HIGHLANDS AND ISLANDS,,academic-institution,False,,True,,,https://app.gamesmap.uk/organisations/46e86f4b-dba6-46e8-9386-240d56f4dba2/map/
UWE Bristol,,academic-institution,False,,True,,,https://app.gamesmap.uk/organisations/390f842b-063b-400a-87b7-cc770d24f343/map/
UNIVERSITY OF THE WEST OF SCOTLAND,,academic-institution,False,,True,,,https://app.gamesmap.uk/organisations/4cc338db-5303-4676-ba61-61d3975ceac9/map/
Ulster University,,academic-institution,False,,True,,,https://app.gamesmap.uk/organisations/280fe372-d2da-4027-8f4b-af431b20f7df/map/
UNIVERSITY OF WALES: TRINITY SAINT DAVID,,academic-institution,False,,True,,,https://app.gamesmap.uk/organisations/fbdea2ca-196e-4281-b980-c1369d1e8d81/map/
UNIVERSITY OF WINCHESTER,,academic-institution,False,,True,,,https://app.gamesmap.uk/organisations/80375d46-909b-4858-bef7-1536619c4750/map/
University of Wolverhampton,,academic-institution,False,,True,,,https://app.gamesmap.uk/organisations/8d5fbde6-2b93-4332-814e-39a298b68434/map/
UNIVERSITY OF WORCESTER,,academic-institution,False,,True,,,https://app.gamesmap.uk/organisations/aa42d5fd-69ab-41b9-ae71-d4d39bae086d/map/
UNIVERSITY OF YORK,,academic-institution,False,,True,,,https://app.gamesmap.uk/organisations/3fe33955-a912-40e7-8efe-c02cb4a4c792/map/
Unlimited Entertainment,11548679,games-company,False,developer,True,2018-09-03,,https://app.gamesmap.uk/organisations/436d3c67-cc3e-4640-b4ea-18699ab7fb05/map/
Unlimited Escape,17111367,games-company,False,developer,True,2026-03-23,,https://app.gamesmap.uk/organisations/c2fdc386-e972-43e2-8c3d-41ff76516b53/map/
Unnamed Dev Company,16726126,games-company,False,developer,True,2025-09-18,,https://app.gamesmap.uk/organisations/e97b66ef-401d-4854-b921-33ec94e28ab3/map/
Unrational Games,07844108,games-company,False,developer,True,2011-11-11,,https://app.gamesmap.uk/organisations/0bf5bd10-8201-4ed2-a714-76f0fb5472cb/map/
Upload Media,09755546,service-company,False,,True,2015-09-01,,https://app.gamesmap.uk/organisations/3aed7d6f-d80b-41c4-963b-27d61b0ddaab/map/
Uprise Studios,17048965,games-company,False,developer,True,2026-02-23,,https://app.gamesmap.uk/organisations/ee7a2829-e98b-4644-8809-77fa0085d9bf/map/
Uprising Games,06655337,games-company,False,developer,True,2008-07-24,,https://app.gamesmap.uk/organisations/31090cbf-7f31-4133-989e-8213b385ca40/map/
Upside Down Games,07309217,games-company,False,developer,True,2010-07-08,,https://app.gamesmap.uk/organisations/74eeeea7-4872-42f8-9028-8e0c7325a315/map/
Upstream Arcade,12441569,games-company,False,developer,True,2020-02-04,,https://app.gamesmap.uk/organisations/146b536e-9578-4e5b-85b4-d3d5f4176c16/map/
Urbanscan,07073986,games-company,False,developer,True,2009-11-12,,https://app.gamesmap.uk/organisations/344dc111-df9d-4c60-a165-5d21142d0b9b/map/
Urbanwarfare Studios,08481419,games-company,False,developer,True,2013-04-09,,https://app.gamesmap.uk/organisations/ffcc7af4-eb64-4b0e-a66a-4a51f37a9ece/map/
U. S. Cart Games,10752370,games-company,False,developer,True,2017-05-03,,https://app.gamesmap.uk/organisations/aedef8b3-bc47-4351-b616-e9e284a34959/map/
Useful Slug,09423442,games-company,False,developer,True,2015-02-05,,https://app.gamesmap.uk/organisations/6002ad1b-b7c9-4b00-9831-caf31d72abcf/map/
Ustwo Games,09812157,games-company,True,developer,True,2015-10-06,,https://app.gamesmap.uk/organisations/e79699f9-18f7-439b-898b-af295d9e7514/map/
Utopia Machina,16433326,games-company,False,developer,True,2025-05-07,,https://app.gamesmap.uk/organisations/751aa44f-e8dd-4d33-8e5a-0fce98dadfe0/map/
Utopian Game Labs,11719807,games-company,False,developer,True,2018-12-10,,https://app.gamesmap.uk/organisations/60da3fbc-7ec9-4977-a234-e23566cb248f/map/
Utopian World Of Sandwiches,07799137,games-company,True,developer,True,2011-10-05,,https://app.gamesmap.uk/organisations/482a8ea5-3135-41d5-89f7-3cf89087fdef/map/
Vace Games,16801487,games-company,False,developer,True,2025-10-22,,https://app.gamesmap.uk/organisations/702c44d1-ff55-4ece-9d6a-74de4c25d007/map/
Vaf Gaming Studios,13676161,games-company,False,developer,True,2021-10-13,,https://app.gamesmap.uk/organisations/80dc77f0-48f0-4b97-936f-902b72c9ff95/map/
Valance Games,16329522,games-company,False,developer,True,2025-03-20,,https://app.gamesmap.uk/organisations/43fd19f1-3e26-4eaa-a51a-a3c631b8c480/map/
Valefor Games,12464225,games-company,False,developer,True,2020-02-14,,https://app.gamesmap.uk/organisations/110f32e7-5596-47cb-bb95-0458dbc8caad/map/
Vale Of Echoes,16957239,games-company,False,developer,True,2026-01-12,,https://app.gamesmap.uk/organisations/836d5419-0b3c-49c3-a0f7-325bb1d04de1/map/
Valko Game Studios,12561416,games-company,False,developer,True,2020-04-17,,https://app.gamesmap.uk/organisations/a6e97457-9706-4436-87af-b6e49070f475/map/
Valorware,09933778,games-company,False,developer,True,2016-01-04,,https://app.gamesmap.uk/organisations/f2d5e8d9-8130-47c8-b0e8-6b82ace8a8d4/map/
Vam Productions,10831748,games-company,False,developer,True,2017-06-22,,https://app.gamesmap.uk/organisations/ebc02da5-65d7-49ff-ab58-df430581e6f2/map/
Vanguard Interactive Studios,17099205,games-company,False,developer,True,2026-03-18,,https://app.gamesmap.uk/organisations/50a2a637-d884-41d8-9824-4c01449e0321/map/
Vantrel Interactive,17350648,games-company,False,developer,True,2026-07-20,,https://app.gamesmap.uk/organisations/7ea68548-53e4-425e-ba93-dac315dc3cba/map/
Variable State,09374339,games-company,False,developer,True,2015-01-05,,https://app.gamesmap.uk/organisations/3a82f3cf-b614-4060-9114-4c06ef7baa23/map/
Vectormatrix,11859028,games-company,False,developer,True,2019-03-04,,https://app.gamesmap.uk/organisations/6a5b2834-e24b-438f-8257-e88a59d45c6d/map/
Vector Studios,17267554,games-company,False,developer,True,2026-06-08,,https://app.gamesmap.uk/organisations/bfbbd235-44b4-4c3b-af6f-ceec7453bbc8/map/
Vega Digital,17352513,games-company,False,developer,True,2026-07-21,,https://app.gamesmap.uk/organisations/2f3fd556-6b86-4e35-88e3-b6f7e4020870/map/
Vegagame Sports,17262927,games-company,False,developer,True,2026-06-05,,https://app.gamesmap.uk/organisations/c62a8ea0-a975-4907-afb8-85615fc7cf1e/map/
Venture Forth Games,16076449,games-company,False,developer,True,2024-11-12,,https://app.gamesmap.uk/organisations/aa4ade55-bbc0-4c11-b2e5-5924cfd0033b/map/
Vergence Lab,10457976,games-company,False,developer,True,2016-11-02,,https://app.gamesmap.uk/organisations/74fe5ef0-7040-4c68-9b04-2b00af8f178c/map/
Verran,09588315,games-company,False,developer,True,2015-05-13,,https://app.gamesmap.uk/organisations/79412209-e7a0-4a72-9410-2a39e175ae37/map/
Vertex Digital Entertainment,17110190,games-company,False,developer,True,2026-03-23,,https://app.gamesmap.uk/organisations/fa1f6163-ea5a-4646-906e-97421dca22ba/map/
Vertex Play,17008692,games-company,False,developer,True,2026-02-03,,https://app.gamesmap.uk/organisations/03090a38-5553-4c9d-94fb-a878af855ad7/map/
Very Good Friend,09792472,games-company,False,developer,True,2015-09-24,,https://app.gamesmap.uk/organisations/f9e926e0-8363-4ced-ac24-6f86c5a3cd9f/map/
Vesper Design,11221740,games-company,False,developer,True,2018-02-23,,https://app.gamesmap.uk/organisations/42243319-6785-4123-b127-066497db1099/map/
Victorsix Games Morbus Studio,17172304,games-company,False,developer,True,2026-04-21,,https://app.gamesmap.uk/organisations/d00e6980-0d2e-4b2e-82ae-2ea779d3ced4/map/
Vide01,14200203,games-company,False,developer,True,2022-06-28,,https://app.gamesmap.uk/organisations/c63fc1d8-064d-4203-a09f-6edf5fb32f45/map/
Videojames,08932407,games-company,False,developer,True,2014-03-11,,https://app.gamesmap.uk/organisations/4ea81823-536a-4dd9-b554-44f86eb57e1e/map/
Videokid Games,09626704,games-company,False,developer,True,2015-06-06,,https://app.gamesmap.uk/organisations/cffa5f05-15f0-494a-ac46-29dbd0c8cb2a/map/
Vie Games,12176640,games-company,False,developer,True,2019-08-28,,https://app.gamesmap.uk/organisations/90529215-86e8-424e-ad3f-252cc4d841ce/map/
Viewpoint Games,09141996,games-company,True,developer,True,2014-07-22,,https://app.gamesmap.uk/organisations/57a004db-37bb-4888-9780-a67e2445c45f/map/
Viker,06290437,games-company,False,developer,True,2007-06-22,,https://app.gamesmap.uk/organisations/f1a8bb41-f007-42f1-84e1-fe3280b541e8/map/
Violoken,16401384,games-company,False,developer,True,2025-04-23,,https://app.gamesmap.uk/organisations/8cdd6bc4-e3a3-47db-bd49-0d3600061e2d/map/
Viperante,04969232,games-company,False,developer,True,2003-11-19,,https://app.gamesmap.uk/organisations/b89e18fe-ede2-423b-970c-e4e3a325a28f/map/
Viper Studios,SC892325,games-company,False,developer,True,2026-06-08,,https://app.gamesmap.uk/organisations/8cac0738-151f-4197-ae81-cc4eb86fb27e/map/
Viral Reach,16348545,games-company,False,developer,True,2025-03-27,,https://app.gamesmap.uk/organisations/03d7ddc6-8188-4469-82b7-bc408381ef8a/map/
Virttrade Developments,10478273,games-company,False,developer,True,2016-11-15,,https://app.gamesmap.uk/organisations/52c5da1b-31ea-4782-a964-51d2b5dbc7e9/map/
Virtual Playground,04589879,games-company,False,developer,True,2002-11-13,,https://app.gamesmap.uk/organisations/241e2da9-e7c0-4400-9231-925ae501a114/map/
Virtual Programming,04131603,games-company,False,developer,True,2000-12-28,,https://app.gamesmap.uk/organisations/3261fa36-b23c-4e8f-bc9a-085660e1cce7/map/
Virtus Creative Studios,11802494,games-company,False,developer,True,2019-02-01,,https://app.gamesmap.uk/organisations/1d7b9ef0-1416-4cb7-a529-16a4814c15f0/map/
Vis Games,17244502,games-company,False,developer,True,2026-05-26,,https://app.gamesmap.uk/organisations/cfb94597-7bf0-48f9-8dbd-5da1f132f1fc/map/
Vision Games Publishing,09453260,games-company,False,publisher,True,2015-02-23,,https://app.gamesmap.uk/organisations/e57b16d6-0cd8-4b1d-9599-7f46b424214e/map/
Vitoz,12467178,games-company,False,developer,True,2020-02-17,,https://app.gamesmap.uk/organisations/d49d4f17-2287-45cd-9aa8-219f7ab69a88/map/
Viveon Entertainment,17090477,games-company,False,developer,True,2026-03-13,,https://app.gamesmap.uk/organisations/9e856401-2f6e-468a-8214-9c5d587dc528/map/
Vividseed Interactive,16790390,games-company,False,developer,True,2025-10-16,,https://app.gamesmap.uk/organisations/f4c69ce9-b9b9-44a9-ad8c-f87b3e390089/map/
Viya Studios,14443935,games-company,False,developer,True,2022-10-26,,https://app.gamesmap.uk/organisations/4416367e-157c-4180-8fbf-c3f89f2e1315/map/
Vk Games,SC655009,games-company,False,developer,True,2020-02-19,,https://app.gamesmap.uk/organisations/d644df92-5ab3-4abf-a866-a529eefd2192/map/
Vlad Goth,12098393,games-company,False,developer,True,2019-07-11,,https://app.gamesmap.uk/organisations/9bfec89d-fc31-448d-8b13-56874716d317/map/
Void Applications,08189216,games-company,False,developer,True,2012-08-23,,https://app.gamesmap.uk/organisations/14142041-18e7-42de-acd2-56df995e0fc8/map/
Void Entertainment,14308262,games-company,False,developer,True,2022-08-19,,https://app.gamesmap.uk/organisations/78be0996-e7a3-4045-b7d4-a9509bd80e1c/map/
Voidlegacy Entertainment,16395374,games-company,False,developer,True,2025-04-17,,https://app.gamesmap.uk/organisations/8b3f52b0-a7d6-4f43-888b-74d207bb8dc6/map/
Volcanic Games,12278672,games-company,False,developer,True,2019-10-24,,https://app.gamesmap.uk/organisations/fd58cb33-34a2-45ad-b305-411ba0def183/map/
Voltaic Island Games (Scotland),SC707884,games-company,False,developer,True,2021-08-27,,https://app.gamesmap.uk/organisations/afe1de02-57b0-4aad-82ba-c757769e1744/map/
Von Bismark,FC032238,service-company,False,,True,2014-10-01,,https://app.gamesmap.uk/organisations/19643aad-93d7-464f-9c95-7478c20a5b72/map/
Voodoo Gaming,08666924,games-company,False,developer,True,2013-08-28,,https://app.gamesmap.uk/organisations/847e459f-90ff-4404-b0dd-96cac4840aca/map/
Vorpal Games,09319740,games-company,False,developer,True,2014-11-20,,https://app.gamesmap.uk/organisations/7218210c-0369-4e4b-92e8-9a51448bffee/map/
Vort Studios,16297956,games-company,False,developer,True,2025-03-06,,https://app.gamesmap.uk/organisations/a69819dd-5902-4338-b55b-2f10ce79cff3/map/
Vrise Studios,16468103,games-company,False,developer,True,2025-05-22,,https://app.gamesmap.uk/organisations/4c2e2e5f-4d7c-40ba-9f79-63327ab8aa58/map/
Vue Entertainment,04699504,service-company,True,,True,2003-03-17,,https://app.gamesmap.uk/organisations/d15e56bf-671e-422b-a3f5-98d6d8b25069/map/
Vulcan Software,02884900,games-company,False,developer,True,1994-01-05,,https://app.gamesmap.uk/organisations/9f19636c-516a-4048-9a97-ec92a1d3df46/map/
Vyber,16980875,games-company,False,developer,True,2026-01-22,,https://app.gamesmap.uk/organisations/c53adaca-e505-4bf6-aa99-aae0e2095c56/map/
Vyronox Studios,17007546,games-company,False,developer,True,2026-02-02,,https://app.gamesmap.uk/organisations/95b230b7-56c4-4bbe-bb76-e55670b0a61a/map/
WAKEFIELD COLLEGE,,academic-institution,False,,True,,,https://app.gamesmap.uk/organisations/29426949-e881-4824-b122-db9725709368/map/
Waku Doki Games,08356894,games-company,False,developer,True,2013-01-11,,https://app.gamesmap.uk/organisations/d16cb9d1-cb57-43e5-bd26-6a77389d5948/map/
Wales Interactive Group,10991490,games-company,False,developer; publisher,True,2017-10-02,,https://app.gamesmap.uk/organisations/cc652ecb-cde0-4556-99f0-4fd483b503fc/map/
Wales Interactive,07819945,games-company,False,developer; publisher,True,2011-10-24,,https://app.gamesmap.uk/organisations/4b42c63b-8218-4d72-a97c-84d81c43196c/map/
Wall West,09240576,games-company,False,developer,True,2014-09-30,,https://app.gamesmap.uk/organisations/9a75c68f-e087-47b1-ac9a-ca53d9a749db/map/
Wampa,07202439,games-company,False,developer,True,2010-03-25,,https://app.gamesmap.uk/organisations/d759124b-5c2f-472a-aa8d-680710479f78/map/
Warblium Studios,16497672,games-company,False,developer,True,2025-06-05,,https://app.gamesmap.uk/organisations/fe62f066-5375-4027-a15c-96281136f881/map/
Warchest,07783664,games-company,False,publisher,True,2011-09-22,,https://app.gamesmap.uk/organisations/3cdf7c03-82aa-47d7-a73b-3655c0d8cbd8/map/
War Child,03610100,service-company,True,,True,1998-07-30,,https://app.gamesmap.uk/organisations/83ec2ba3-7d97-4fa6-b1ab-dee1d835420e/map/
Wardog Studios,SC692714,service-company,False,,True,2021-03-18,,https://app.gamesmap.uk/organisations/d7a687cd-cb6e-498b-b424-3cd0adcbb524/map/
Warner Bros. Games,04946940,games-company,False,publisher,True,2003-10-29,,https://app.gamesmap.uk/organisations/b7606dbc-76c3-4691-8632-f14aedccb7f2/map/
Warner Bros. Games Manchester,05527190,games-company,False,developer,True,2005-08-03,,https://app.gamesmap.uk/organisations/b9777c35-ee2c-43a8-be0b-dcafa15c3ed6/map/
Warp Digital Entertainment,08851354,games-company,True,developer,True,2014-01-20,,https://app.gamesmap.uk/organisations/e0d5933b-93f3-4837-a48e-4b1cd4940c24/map/
WARWICKSHIRE COLLEGE UNIVERSITY CENTRE,,academic-institution,False,,True,,,https://app.gamesmap.uk/organisations/c4ac355a-0a9b-43ac-ab92-641082fe4981/map/
Waste Creative,05838412,service-company,True,,True,2006-06-06,,https://app.gamesmap.uk/organisations/dcda3c58-eea6-47a3-bed6-b3d13571f078/map/
Waterdude Studios,12382607,games-company,False,developer,True,2020-01-02,,https://app.gamesmap.uk/organisations/16262b8e-f592-47ef-997d-24b7a2bdbc7c/map/
Waterhouse Games,16443875,games-company,False,developer,True,2025-05-12,,https://app.gamesmap.uk/organisations/a0263a98-f199-4651-9f47-a816b81dd726/map/
Waterside Games,17124287,games-company,False,developer,True,2026-03-30,,https://app.gamesmap.uk/organisations/99ad8f3f-d1fb-4dba-a95f-652b8415b628/map/
Waving Bear Studio,12160732,games-company,False,developer,True,2019-08-16,,https://app.gamesmap.uk/organisations/f011e1d9-81c6-4c9d-9c14-e7f64856cc56/map/
Wayfarer Games,11253038,games-company,False,developer,True,2018-03-13,,https://app.gamesmap.uk/organisations/c7af9406-ed19-4d53-b357-1ed7e5b5fe40/map/
Wayne Made A Game,SC839847,games-company,False,developer,True,2025-03-03,,https://app.gamesmap.uk/organisations/9728670d-ab16-448b-9c3c-069ffe5973a2/map/
Way.T.D,17026567,games-company,False,developer,True,2026-02-11,,https://app.gamesmap.uk/organisations/e8d803ee-9cd9-480f-a6ec-8fc2c2e164ef/map/
We Amaze Group,11730341,games-company,False,developer,True,2018-12-17,,https://app.gamesmap.uk/organisations/43e706c3-3b2d-4e67-81df-df574982078f/map/
We Are Rising Interactive,08502237,games-company,False,developer,True,2013-04-24,,https://app.gamesmap.uk/organisations/16b96aab-5872-4cba-b5f2-7219efb164cd/map/
Weaseltron Entertainment,06395170,games-company,False,developer,True,2007-10-10,,https://app.gamesmap.uk/organisations/a4489e24-7790-456c-a923-6c505e902df7/map/
Weather Factory,10183376,games-company,False,developer,True,2016-05-17,,https://app.gamesmap.uk/organisations/aed22a59-02f6-4cca-8b18-048688b32afd/map/
Webcam Games,10315326,games-company,False,developer,True,2016-08-05,,https://app.gamesmap.uk/organisations/74c0be29-cad8-41c1-95a8-b7621801fb09/map/
Webster Entertainment,14399825,games-company,False,developer,True,2022-10-05,,https://app.gamesmap.uk/organisations/3a6aa0f0-9232-41e8-aea6-2a3d0e5c0c55/map/
Well Done Entertainment,16136619,games-company,False,developer,True,2024-12-15,,https://app.gamesmap.uk/organisations/5f675a9f-f70b-4588-95b7-f45dbdbedb44/map/
Well Played Games,10678161,games-company,True,developer,True,2017-03-20,,https://app.gamesmap.uk/organisations/108cc295-ecb6-4cd6-93f7-c734b2136172/map/
Wen Moon Studios,16499373,games-company,False,developer,True,2025-06-05,,https://app.gamesmap.uk/organisations/01c42778-f197-4133-8d94-3cfdd78bcda5/map/
Werkflow Games,12316908,games-company,False,developer,True,2019-11-15,,https://app.gamesmap.uk/organisations/1982c8d7-543c-4669-8aab-90e593cbf77e/map/
Werkflow,09496438,games-company,False,developer,True,2015-03-18,,https://app.gamesmap.uk/organisations/cdc03158-ccc4-4973-823d-c640e0c0613e/map/
WEST HERTS COLLEGE,,academic-institution,False,,True,,,https://app.gamesmap.uk/organisations/ccc6d9bd-165f-4428-b2e3-2669097e3d67/map/
University Centre Weston,,academic-institution,False,,True,,,https://app.gamesmap.uk/organisations/0e2cc6ae-5959-4d80-a8e0-2ccc9e914c04/map/
Westown Digital,17231774,games-company,False,developer,True,2026-05-20,,https://app.gamesmap.uk/organisations/a434eba3-8617-4f95-b111-e2b9ed41f9c4/map/
WEST SUFFOLK COLLEGE,,academic-institution,False,,True,,,https://app.gamesmap.uk/organisations/db4d6d6f-703d-480c-ab9e-d8d8e18a0fe5/map/
Wharf Street Studios,11887385,games-company,False,developer,True,2019-03-18,,https://app.gamesmap.uk/organisations/d26b201f-346b-442d-9993-2b89514d4be2/map/
What A Knob Games,17197324,games-company,False,developer,True,2026-05-05,,https://app.gamesmap.uk/organisations/19417f04-d637-4267-a90b-12a0eb0c86c7/map/
When Was I Here,16770686,games-company,False,developer,True,2025-10-08,,https://app.gamesmap.uk/organisations/2c611e8f-c956-4c4a-bb88-73ae465064f4/map/
Whimbear Studios,16665319,games-company,False,developer,True,2025-08-21,,https://app.gamesmap.uk/organisations/4b66b0ab-20de-4a28-99f7-a8473c15a8c4/map/
Whimsee,17353256,games-company,False,developer,True,2026-07-21,,https://app.gamesmap.uk/organisations/2d106f6e-7754-4e9e-ac0b-05703f2b7249/map/
Whisk World Studios,12055652,games-company,False,developer,True,2019-06-18,,https://app.gamesmap.uk/organisations/f65de9e2-5d25-47c9-9255-120c3fa764dc/map/
White Hot Games,11201020,games-company,False,developer,True,2018-02-12,,https://app.gamesmap.uk/organisations/aef8777c-6d99-4737-9fc5-ba349c1db15e/map/
White Kite Games,17143834,games-company,False,developer,True,2026-04-08,,https://app.gamesmap.uk/organisations/82ed9d16-8f44-4134-ab09-ceccc51ba630/map/
White Paper Games,08122034,games-company,False,developer,True,2012-06-28,,https://app.gamesmap.uk/organisations/5fb3cfe4-394a-4ed1-b09f-4ce3117a628c/map/
Whitepot Studios,NI642313,games-company,False,developer,True,2016-11-23,,https://app.gamesmap.uk/organisations/22ac9352-81d4-4716-b9e9-27eebad688ef/map/
White Room Studios,03777189,games-company,False,developer,True,1999-05-26,,https://app.gamesmap.uk/organisations/1d4c4da9-505b-4ab8-b447-693fe65d27ea/map/
Whoop Group,10769963,games-company,False,developer,True,2017-05-15,,https://app.gamesmap.uk/organisations/aeb33132-2c2c-49eb-b0ed-09d84cc3c05b/map/
Wick Entertainment,13853762,games-company,False,developer,True,2022-01-17,,https://app.gamesmap.uk/organisations/e6fb9a0d-f301-41ef-bffa-d6c03caf48b8/map/
Wickford Games,16557419,games-company,False,developer,True,2025-07-02,,https://app.gamesmap.uk/organisations/59122a3c-282f-4f75-ad9d-842e425326ad/map/
Wiggin,OC308767,service-company,True,,True,2004-07-28,,https://app.gamesmap.uk/organisations/61ced4af-063d-4834-8a59-f7fae639a5f0/map/
Wihura Games,11366229,games-company,False,developer,True,2018-05-16,,https://app.gamesmap.uk/organisations/c48b551f-2b9e-4f86-8eb9-5604bcff953f/map/
Wild Claw Games,17250717,games-company,False,developer,True,2026-05-30,,https://app.gamesmap.uk/organisations/d95d5617-92ec-45f6-9d2c-a231af65f1cd/map/
Wildercroft,13340600,games-company,False,developer,True,2021-04-16,,https://app.gamesmap.uk/organisations/6aa6548d-03eb-4af3-b00e-db393506ee7f/map/
Wildfire Games,11236612,games-company,False,developer,True,2018-03-06,,https://app.gamesmap.uk/organisations/bc41de08-ae3b-4dcf-a9d2-52bc408b8a5d/map/
Wild Frog Studios,16151946,games-company,False,developer,True,2024-12-26,,https://app.gamesmap.uk/organisations/e1b762f7-0d34-4e91-975a-245daf84c376/map/
Wildlogicgames,11489950,games-company,False,developer,True,2018-07-30,,https://app.gamesmap.uk/organisations/46375c2d-722c-451c-b7ee-256967629c24/map/
Wild Loop Games,17057891,games-company,False,developer,True,2026-02-26,,https://app.gamesmap.uk/organisations/004c1a38-81f0-482d-94d6-1b70c5cb8742/map/
Williams Associates,11866361,service-company,True,,True,2019-03-07,,https://app.gamesmap.uk/organisations/c4566742-f62f-4772-b101-908e2137c1ad/map/
WILTSHIRE COLLEGE AND UNIVERSITY CENTRE,,academic-institution,False,,True,,,https://app.gamesmap.uk/organisations/f4cb7f51-566c-4adb-8fc1-9cb1d2647477/map/
Winston Taylor,OC322935,service-company,True,,True,2006-10-05,,https://app.gamesmap.uk/organisations/31a0d526-63fe-419f-8323-8f20dcc59640/map/
Wired Productions,06593922,games-company,True,publisher,True,2008-05-15,,https://app.gamesmap.uk/organisations/a9ae5dcf-5343-4143-8fbe-d001bfcb6f1f/map/
Wise Games,13984394,games-company,False,developer,True,2022-03-17,,https://app.gamesmap.uk/organisations/ea9533bc-d789-443c-a3e2-bad7de09f725/map/
Wise Monkey Entertainment,12464054,games-company,False,developer,True,2020-02-14,,https://app.gamesmap.uk/organisations/b1278210-0481-4ae6-b899-a5819766cc13/map/
Witch Brew,17232844,games-company,False,developer,True,2026-05-20,,https://app.gamesmap.uk/organisations/7042fb53-9dcd-4f5b-8d45-7ef4ea1eacbb/map/
Withqwerty,16791134,games-company,False,developer,True,2025-10-16,,https://app.gamesmap.uk/organisations/9850800d-7abb-4af6-8afb-21619e7e7cf8/map/
Wix Games,08000001,games-company,False,developer,True,2012-03-21,,https://app.gamesmap.uk/organisations/0464912e-4888-400e-b302-17a2dcab6a6e/map/
Wizkid Games,17067847,games-company,False,developer,True,2026-03-03,,https://app.gamesmap.uk/organisations/9937c755-7725-4b29-9c42-3e11b0e7ff16/map/
Wobbly Tooth,SC407079,games-company,False,developer,True,2011-09-08,,https://app.gamesmap.uk/organisations/a0aefae2-ab61-4b25-b2d6-36650b205186/map/
Wolf Escape Games,13397625,games-company,False,developer,True,2021-05-14,,https://app.gamesmap.uk/organisations/9cbd8e55-0c2c-400a-b363-e9d223823946/map/
Wolf & Wood Interactive,09410363,games-company,False,developer,True,2015-01-28,,https://app.gamesmap.uk/organisations/cd10cdc8-a90e-4a6f-8758-eb62906367f9/map/
Wonderfulbear,11948239,games-company,False,developer,True,2019-04-15,,https://app.gamesmap.uk/organisations/ba9b7f0c-66a9-40d7-a012-0d274c03bdbd/map/
Wonderful Worlds 5G,14252711,games-company,False,developer,True,2022-07-25,,https://app.gamesmap.uk/organisations/d4b39199-24f9-4bf3-b25e-91303a8932c2/map/
Wonder-State Games,16732911,games-company,False,developer,True,2025-09-22,,https://app.gamesmap.uk/organisations/e54e32ae-ee95-4028-876d-1743ed271e97/map/
Woodlouse Studios,NI733611,games-company,False,developer,True,2025-09-22,,https://app.gamesmap.uk/organisations/3a728575-5d91-4565-9505-e02595913a0f/map/
Woohoo App,17267031,games-company,False,developer,True,2026-06-08,,https://app.gamesmap.uk/organisations/f6402ae4-9869-4bf8-b8e3-837c06318edd/map/
Wookanana,09967742,games-company,False,developer,True,2016-01-25,,https://app.gamesmap.uk/organisations/a49a82b3-3bde-4085-9d5f-54e0d150e745/map/
Woolford Studios,11257833,games-company,False,developer,True,2018-03-15,,https://app.gamesmap.uk/organisations/4b21087f-d904-4c5e-99ee-aba8f20a7c0d/map/
Word Person Games,10111926,games-company,False,developer,True,2016-04-08,,https://app.gamesmap.uk/organisations/5bcdb2dc-6b85-4328-be51-f3092eabec69/map/
Workout Games And Education,17283417,games-company,False,developer,True,2026-06-18,,https://app.gamesmap.uk/organisations/ada2e58c-4693-4959-b029-7c471af33a43/map/
World Away Games,14067866,games-company,False,developer,True,2022-04-25,,https://app.gamesmap.uk/organisations/1ceae795-dbd1-49cc-9a23-231db70679d5/map/
World Makers,12123186,games-company,False,developer,True,2019-07-25,,https://app.gamesmap.uk/organisations/4b7c8ae2-c5bd-43b5-9c20-1eaf484f1fdf/map/
Wreck Tangle Games,10166075,games-company,False,developer,True,2016-05-06,,https://app.gamesmap.uk/organisations/c1c854e2-3f2f-4c83-86f9-c6fccda066b4/map/
Wren Games,11273508,games-company,False,developer,True,2018-03-23,,https://app.gamesmap.uk/organisations/4f1f54c7-6290-4f3e-9263-34cc3b31d198/map/
W.R.K.S Games,10874435,games-company,True,developer,True,2017-07-19,,https://app.gamesmap.uk/organisations/e214047e-d5a0-46e8-91dc-e60e7329671f/map/
Wushu Studios,10934182,games-company,True,developer,True,2017-08-25,,https://app.gamesmap.uk/organisations/1ae7b48a-ffd7-4b99-ac9d-1e3606c79323/map/
Wutech,16126151,games-company,False,developer,True,2024-12-09,,https://app.gamesmap.uk/organisations/cfc4d0bb-a20d-4cd6-8b7c-c03b46ccb12c/map/
Wxy Social,11363058,service-company,False,,True,2018-05-15,,https://app.gamesmap.uk/organisations/fdd127bd-be72-46dc-8eb1-71e8c5336b16/map/
Wych Way Studios,10730531,games-company,False,developer,True,2017-04-19,,https://app.gamesmap.uk/organisations/ec74fdfb-4fee-487e-8e55-b8802d6337ee/map/
Wyrd Pixel,16279911,games-company,False,developer,True,2025-02-26,,https://app.gamesmap.uk/organisations/538df54d-fac7-4ffe-b2da-132665bda944/map/
Xaeo,11241457,games-company,False,developer,True,2018-03-08,,https://app.gamesmap.uk/organisations/1275bb05-3d40-49fa-b4c8-d7822b4933a2/map/
Xeadmo,17312414,games-company,False,developer,True,2026-07-01,,https://app.gamesmap.uk/organisations/80d04449-ef51-41b1-8ebf-cded41236ed3/map/
X-Flow Ii,12088596,games-company,False,developer,True,2019-07-06,,https://app.gamesmap.uk/organisations/e0c4539c-8dce-4b7a-a10e-3f4fe26bf04e/map/
Xinghuozhimen Games,NI740654,games-company,False,developer,True,2026-05-15,,https://app.gamesmap.uk/organisations/e748ff88-1b85-4536-b607-e0110e43b0d9/map/
Xiotex Studios,06219572,games-company,True,developer,True,2007-04-19,,https://app.gamesmap.uk/organisations/0610bf41-7d96-4a30-b1dd-e4bde7c4694d/map/
Xisle Games,11720389,games-company,False,developer,True,2018-12-10,,https://app.gamesmap.uk/organisations/bdcd5dd8-4aed-4f43-80e9-c955538f5247/map/
Xmpt Games,08523021,games-company,False,developer,True,2013-05-09,,https://app.gamesmap.uk/organisations/3f47f081-3443-4db2-bd3a-7c7c44a497e3/map/
Xohho,09119097,games-company,False,developer,True,2014-07-07,,https://app.gamesmap.uk/organisations/61188181-60f0-4695-b158-0c332f1efa87/map/
Xseries,07136727,service-company,True,,True,2010-01-26,,https://app.gamesmap.uk/organisations/3cc1d8e5-70cf-409a-b6a9-77fcbb7f1d37/map/
Xwired Games,OC357632,games-company,False,developer,True,2010-09-03,,https://app.gamesmap.uk/organisations/7551b942-0df2-4779-b7a1-ffdf5297d8ad/map/
Xx7-Jr2C-2223,17193711,games-company,False,developer,True,2026-05-01,,https://app.gamesmap.uk/organisations/d2d11f9c-73be-402a-91da-7ff045ef0e22/map/
Yakuto,08924332,games-company,False,developer,True,2014-03-05,,https://app.gamesmap.uk/organisations/5936c0a7-dd07-4a96-bc34-29efa579fe54/map/
Yak Yak Games,14072807,games-company,False,developer,True,2022-04-27,,https://app.gamesmap.uk/organisations/7c44dabc-9c8f-4d10-bd8b-80df4214c8e9/map/
Yaldi Games,SC652007,games-company,False,developer,True,2020-01-20,,https://app.gamesmap.uk/organisations/4cbca660-24a2-4535-941d-b526563c8b88/map/
Yammy Entertainment,13985872,games-company,False,developer,True,2022-03-18,,https://app.gamesmap.uk/organisations/c67f9aa9-2f52-4703-b609-ac4bfdcb7a0b/map/
Ya & Que Entertainment,SC859654,games-company,False,developer,True,2025-08-20,,https://app.gamesmap.uk/organisations/667b1ebc-a324-41bb-9795-ddd3f2d42b79/map/
Yeah Us,08221946,games-company,False,developer,True,2012-09-20,,https://app.gamesmap.uk/organisations/73b8b567-ae99-4993-8754-11aa8234691a/map/
Yksi Games,16468635,games-company,False,developer,True,2025-05-22,,https://app.gamesmap.uk/organisations/8799fe72-180f-472d-9156-bfc32d3ad715/map/
Yodko,17162173,games-company,False,developer,True,2026-04-16,,https://app.gamesmap.uk/organisations/9aff432c-6de7-4960-8eec-468d03d1824c/map/
Yohi,16583398,games-company,False,developer,True,2025-07-15,,https://app.gamesmap.uk/organisations/01d294b3-eb0c-4b1e-a6e8-4644664511ce/map/
Yoko Media,07609419,service-company,True,,True,2011-04-19,,https://app.gamesmap.uk/organisations/1deec15d-2fa0-4a6f-a737-8afc449b7017/map/
Yondernauts Game Studios,08026654,games-company,False,developer,True,2012-04-11,,https://app.gamesmap.uk/organisations/236bc4b1-618a-4673-bbb1-ed8815929eac/map/
YORK ST JOHN UNIVERSITY,,academic-institution,False,,True,,,https://app.gamesmap.uk/organisations/040e27cc-9987-4f0c-b681-f752ca870719/map/
Yourway Studios,12034765,games-company,False,developer,True,2019-06-05,,https://app.gamesmap.uk/organisations/8a5aa1ff-5ac9-40cc-9b73-907c3da344a2/map/
Yoyo Games,05260718,games-company,True,developer,True,2004-10-15,,https://app.gamesmap.uk/organisations/73efee56-bff3-4473-bf37-af70bd5401bd/map/
Yrs Truly,11305361,service-company,True,,True,2018-04-11,,https://app.gamesmap.uk/organisations/08efb6d5-bea9-4dbc-a7a2-3d00ab1a3968/map/
Ysbryd Games Worldwide,09864065,games-company,False,developer,True,2015-11-09,,https://app.gamesmap.uk/organisations/b7145c5a-2933-47b0-88c7-042458d8b601/map/
Yumyumyukyuk,16952912,games-company,False,developer,True,2026-01-09,,https://app.gamesmap.uk/organisations/a6b2679a-7eda-48f8-a990-c874f127841c/map/
Yuushio Games,16665921,games-company,False,developer,True,2025-08-21,,https://app.gamesmap.uk/organisations/c5ef9049-b64f-4433-a3c5-d27afeba2597/map/
Zadbox Entertainment,09467575,games-company,False,developer,True,2015-03-03,,https://app.gamesmap.uk/organisations/435dc818-9326-48cd-8ac3-47ee09b46d73/map/
Zamza Games,16307159,games-company,False,developer,True,2025-03-11,,https://app.gamesmap.uk/organisations/c961a6c1-ac5c-4f5d-9386-b431c0b38725/map/
Zaviinet Studios,12300525,games-company,False,developer,True,2019-11-06,,https://app.gamesmap.uk/organisations/ca4d0596-d887-4118-a458-71aaf26ce0ad/map/
Zazy Hosting,17260451,games-company,False,developer,True,2026-06-04,,https://app.gamesmap.uk/organisations/5ab23e28-892e-4c6f-926d-b3aaf66e27e6/map/
Zee 3,05553147,games-company,False,developer,True,2005-09-02,,https://app.gamesmap.uk/organisations/6ccaa467-3b5f-4dff-aea5-1901c5662475/map/
Zenimax Europe,06333300,games-company,True,publisher,True,2007-08-03,,https://app.gamesmap.uk/organisations/45202642-3089-4f93-b4b4-8f10890cdf9d/map/
Zenos Interactive,12603895,games-company,True,developer,True,2020-05-15,,https://app.gamesmap.uk/organisations/d9f0b157-da40-4b43-9407-63d99988ceea/map/
Zen Pigeon Games,SC886087,games-company,False,developer,True,2026-04-13,,https://app.gamesmap.uk/organisations/864dd78f-5b85-4dbd-9422-22f40e2d8e18/map/
Zeptolab,07493468,games-company,False,developer,True,2011-01-14,,https://app.gamesmap.uk/organisations/21373efb-5fbe-4c13-b4dc-ee7ca002700a/map/
Zero Life Games,10377829,games-company,False,developer,True,2016-09-15,,https://app.gamesmap.uk/organisations/43fa8a70-bd2d-4031-afde-22d5355c2403/map/
"Zero Up Entertainment, (Uk)",13508781,games-company,False,developer,True,2021-07-13,,https://app.gamesmap.uk/organisations/3f68db6c-4806-49f5-9e22-0f04a276a1e8/map/
Ziwan,17218462,games-company,False,developer,True,2026-05-13,,https://app.gamesmap.uk/organisations/71413129-1f19-47cf-b5c8-c7d0973a5027/map/
Zlodey Studios,14548269,games-company,False,developer,True,2022-12-19,,https://app.gamesmap.uk/organisations/c30f832c-d372-48fe-b926-3ecd26fb8508/map/
Zodiac Games,12086110,games-company,False,developer,True,2019-07-04,,https://app.gamesmap.uk/organisations/9ddd67a9-09a1-4159-9802-dd39e6f13cb8/map/
Zogoex,16773541,games-company,False,developer,True,2025-10-09,,https://app.gamesmap.uk/organisations/ce19c89b-5efd-418c-b626-04204919e16c/map/
Zorg Games,SC859725,games-company,False,developer,True,2025-08-20,,https://app.gamesmap.uk/organisations/167c3567-a12f-43b1-8004-5424455e0661/map/
Zrzstudio,10222261,games-company,False,developer,True,2016-06-09,,https://app.gamesmap.uk/organisations/51245185-74fc-4a0e-946b-568fbcc8d22c/map/
Zut Games,07865006,games-company,False,developer,True,2011-11-29,,https://app.gamesmap.uk/organisations/106576ea-a927-4c1f-8506-1308e7cc2340/map/
Zyraxis Studios,17034058,games-company,False,developer,True,2026-02-15,,https://app.gamesmap.uk/organisations/a2d87051-9c51-4d20-8332-ea448276547d/map/
